chain,item_name,")lack(
seirolaC",,")g(
taF","yttaF
)g(
snarT
dicA",")gm(
muidoS","yrateiD
)g(
latoT rebiF",")g(
nietorP","Table of Contents
Build Your Own Pizza
Small  .  .  .  .  .  .  .  .  .  .  .  .  .  .  .  .  .  .  .  .  .  .  .  .  .  .  .  .  .  .  .  .  .  .  .  . 2
Medium  .  .  .  .  .  .  .  .  .  .  .  .  .  .  .  .  .  .  .  .  .  .  .  .  .  .  .  .  .  .  .  .  .  . 3
Large  .  .  .  .  .  .  .  .  .  .  .  .  .  .  .  .  .  .  .  .  .  .  .  .  .  .  .  .  .  .  .  .  .  .  .  . 4
Extra Large  .  .  .  .  .  .  .  .  .  .  .  .  .  .  .  .  .  .  .  .  .  .  .  .  .  .  .  .  .  .  . 5
Handmade Pan Pizza  .  .  .  .  .  .  .  .  .  .  .  .  .  .  .  .  .  .  .  .  .  .  .  .  .  .  .  . 6
Domino’s American Legends®  .  .  .  .  .  .  .  .  .  .  .  .  .  .  .  .  .  .  .  .  . 6
Feast Pizzas  .  .  .  .  .  .  .  .  .  .  .  .  .  .  .  .  .  .  .  .  .  .  .  .  .  .  .  .  .  .  .  .  .  .  . 6
Oven Baked Sandwiches  .  .  .  .  .  .  .  .  .  .  .  .  .  .  .  .  .  .  .  .  .  .  .  .  . 6
Penne Pasta  .  .  .  .  .  .  .  .  .  .  .  .  .  .  .  .  .  .  .  .  .  .  .  .  .  .  .  .  .  .  .  .  .  .  . 7
Chicken  .  .  .  .  .  .  .  .  .  .  .  .  .  .  .  .  .  .  .  .  .  .  .  .  .  .  .  .  .  .  .  .  .  .  .  .  .  .  . 7
Sides  .  .  .  .  .  .  .  .  .  .  .  .  .  .  .  .  .  .  .  .  .  .  .  .  .  .  .  .  .  .  .  .  .  .  .  .  .  .  .  .  . 7
Product Allergen Information .  .  .  .  .  .  .  .  .  .  .  .  .  .  .  .  .  .  .  .  .  . 8",Recommended Pizza Serving Sizes: Small,").g(
thgieW",seirolaC,"taF
morf
seirolaC",").g(
taF
latoT",").g(
taF
detarutaS",").g(
taF
snarT",").gm(
loretselohC",").gm(
muidoS",").g(
setardyhobraC",").g(
rebiF",").g(
sraguS
latoT",").g(
nietorP",Recommended Pizza Serving Sizes: Medium,Recommended Pizza Serving Sizes: Large,Recommended Pizza Serving Sizes: Extra Large,Recommended Serving,S,M,L,XL,,Item,EGG,FISH,MILK,SOY,WHEAT†,NUTS,"U.S. Allergy and Sensitivity Information
January 2025","g
g
E","h
s
iF","e
s
o
t
c
a
L
/
k
liM","s
t
u
n
a
e
P","e
m
a
s
e
S","h
s
if
lle
h
S","s
n
a
e
b
y
o
S","s
t
u
N
e
e
r
T","2
,1
s
t
n
e
id
n e
e t u r g n
lG i
g
& n in
t a ia
e t
h n
W o
c","s
e
t
if
lu
S","s
e
t
a
r
t
iN
/
s
e
t
ir
t
iN
d
e
d
d
A",Cold Brew Coffee,"eziS
gnivreS",")g(
taF
latoT",")g(
taF
detarutaS",")g(
taF
snarT",")gm(
loretselohC",")g(
braC
latoT",")g(
rebiF
yrateiD",")g(
sraguS
latoT",")g(
sraguS
deddA",")gcm(
D
nimatiV",")gm(
muissatoP",")gm(
muiclaC",")gm(
norI",Croissant Stuffers,Donuts,Donuts - Regional,Dunkin Protein Beverages,Dunkin' Daydream Refreshers,Dunkin' Lemonade Refreshers,Dunkin' Protein Beverages,Dunkin' Refreshers,Dunkin' Sparkling Refreshers,Frozen Coffee,Frozen Specialty,Hash Browns,Hot Chocolate,Hot Latte,Iced Cappuccino,Iced Coffee,Iced Espresso,Iced Latte,Iced Tea,Matcha,Munchkins,Omelet Bites,Packaged coffee,Pies,"Rockstar® Energy Punch -
Regional",Sandwiches,Snacking Bacon,Stuffed Bagel Minis,Avocado Toast,Bagels,Condiments,Coolatta®,Cream Cheese Spread,Frozen Chocolate,Hot Americano,Hot Cappuccino,Hot Coffee,Hot Espresso,Hot Macchiato,"Hot Tea - All varieties of our
tea and herbal infusion have no
nutritional significance.",Iced Americano,Iced Macchiato,Kolache - Regional,Kosher Sandwiches and Wraps,"Kosher Sandwiches and Wraps -
Regional",Lemonade,Muffins,Other Bakery,Other Bakery - Regional,Packaged Coffee,Packaged Tea,"Packaged Tea - All varieties of our
tea and herbal infusion have no
nutritional significance.",Sandwiches - Regional,Menu Item,calories,"Calories
from Fat","Total Fat
(g)","Saturated Fat
(g)","Trans Fat
(g)","Cholesterol
(mg)","Sodium
(mg)","Total Carbs.
(g)","Dietary Fiber
(g)","Sugars
(g)","Protein
(g)",fat,carbs,protein,sodium
Panera Bread,"320
290
430
320
290
180
110
140
80
180
280
300","320
290
430
320
290
180
110
140
80
180
280
300","4
10
32
12
4
2
1
8
5
1
4
4","5
1
7
1.5
1.5
17
10
10
6
3
1
3","0
0
0
0
0
0
0
0
0
0
0
0","540
390
380
410
560
135
85
170
105
460
410
410","2
2
2
3
2
0
0
0
0
3
2
2","14
10
9
10
10
2
1
3
2
7
10
11",,,,,,,,,,,,,,,,,,,,,,,,,,,,,,,,,,,,,,,,,,,,,,,,,,,,,,,,,,,,,,,,,,,,,,,,,,,,,,,,,,,,,,,,,,,,,,,,,,,,,,,,,,,,,,,,,,,,,,,,,,,,,
Panera Bread,"150
140
200
180
190
110","150
140
200
180
190
110",,"1.5
1.5
2
2
4.5
0","0
0
0
0
0
0","280
350
360
440
300
190","1
1
2
1
1
1","6
5
7
6
6
4",,,,,,,,,,,,,,,,,,,,,,,,,,,,,,,,,,,,,,,,,,,,,,,,,,,,,,,,,,,,,,,,,,,,,,,,,,,,,,,,,,,,,,,,,,,,,,,,,,,,,,,,,,,,,,,,,,,,,,,,,,,,,
Panera Bread,"270
150
400
160
130
270
150
250
670
130
170","270
150
400
160
130
270
150
250
670
130
170",,,,,,,,,,,,,,,,,,,,,,,,,,,,,,,,,,,,,,,,,,,,,,,,,,,,,,,,,,,,,,,,,,,,,,,,,,,,,,,,,,,,,,,,,,,,,,,,,,,,,,,,,,,,,,,,,,,,,,,,,,,,,,,,,,,
Panera Bread,"430
510
500
550
230
30
470
340
350
410
810
590","430
510
500
550
230
30
470
340
350
410
810
590",,,,,,,,,,,,,,,,,,,,,,,,,,,,,,,,,,,,,,,,,,,,,,,,,,,,,,,,,,,,,,,,,,,,,,,,,,,,,,,,,,,,,,,,,,,,,,,,,,,,,,,,,,,,,,,,,,,,,,,,,,,,,,,,,,,
Panera Bread,"1
0.5
18
4
0
14
0
4.5
4.5
0
4",,,"1
0.5
18
4
0
14
0
4.5
4.5
0
4",,,,,,,,,,,,,,,,,,,,,,,,,,,,,,,,,,,,,,,,,,,,,,,,,,,,,,,,,,,,,,,,,,,,,,,,,,,,,,,,,,,,,,,,,,,,,,,,,,,,,,,,,,,,,,,,,,,,,,,,,,,,,,,,,
Panera Bread,"20
29
32
30
11
0
30
14
24
17
50
35",,,"20
29
32
30
11
0
30
14
24
17
50
35",,,,,,,,,,,,,,,,,,,,,,,,,,,,,,,,,,,,,,,,,,,,,,,,,,,,,,,,,,,,,,,,,,,,,,,,,,,,,,,,,,,,,,,,,,,,,,,,,,,,,,,,,,,,,,,,,,,,,,,,,,,,,,,,,
Panera Bread,"0
0
0
0
0
0
0
0
0
0
0",,,,"0
0
0
0
0
0
0
0
0
0
0",,,,,,,,,,,,,,,,,,,,,,,,,,,,,,,,,,,,,,,,,,,,,,,,,,,,,,,,,,,,,,,,,,,,,,,,,,,,,,,,,,,,,,,,,,,,,,,,,,,,,,,,,,,,,,,,,,,,,,,,,,,,,,,,
Panera Bread,"0
0
0
0
0
0
1
0
0
0
0.5
0",,,,"0
0
0
0
0
0
1
0
0
0
0.5
0",,,,,,,,,,,,,,,,,,,,,,,,,,,,,,,,,,,,,,,,,,,,,,,,,,,,,,,,,,,,,,,,,,,,,,,,,,,,,,,,,,,,,,,,,,,,,,,,,,,,,,,,,,,,,,,,,,,,,,,,,,,,,,,,
Panera Bread,"680
360
360
260
240
250
370
440
1160
330
310",,,,,"680
360
360
260
240
250
370
440
1160
330
310",,,,,,,,,,,,,,,,,,,,,,,,,,,,,,,,,,,,,,,,,,,,,,,,,,,,,,,,,,,,,,,,,,,,,,,,,,,,,,,,,,,,,,,,,,,,,,,,,,,,,,,,,,,,,,,,,,,,,,,,,,,,,,,
Panera Bread,"760
1360
650
1010
250
100
830
720
330
930
1460
1010",,,,,"760
1360
650
1010
250
100
830
720
330
930
1460
1010",,,,,,,,,,,,,,,,,,,,,,,,,,,,,,,,,,,,,,,,,,,,,,,,,,,,,,,,,,,,,,,,,,,,,,,,,,,,,,,,,,,,,,,,,,,,,,,,,,,,,,,,,,,,,,,,,,,,,,,,,,,,,,,
Panera Bread,"2
1
2
1
1
1
1
1
4
1
9",,,,,,"2
1
2
1
1
1
1
1
4
1
9",,,,,,,,,,,,,,,,,,,,,,,,,,,,,,,,,,,,,,,,,,,,,,,,,,,,,,,,,,,,,,,,,,,,,,,,,,,,,,,,,,,,,,,,,,,,,,,,,,,,,,,,,,,,,,,,,,,,,,,,,,,,,,
Panera Bread,"2
1
1
3
5
0
1
5
5
2
2
2",,,,,,"2
1
1
3
5
0
1
5
5
2
2
2",,,,,,,,,,,,,,,,,,,,,,,,,,,,,,,,,,,,,,,,,,,,,,,,,,,,,,,,,,,,,,,,,,,,,,,,,,,,,,,,,,,,,,,,,,,,,,,,,,,,,,,,,,,,,,,,,,,,,,,,,,,,,,
Panera Bread,"10
5
7
6
5
5
5
9
27
5
12",,,,,,,"10
5
7
6
5
5
5
9
27
5
12",,,,,,,,,,,,,,,,,,,,,,,,,,,,,,,,,,,,,,,,,,,,,,,,,,,,,,,,,,,,,,,,,,,,,,,,,,,,,,,,,,,,,,,,,,,,,,,,,,,,,,,,,,,,,,,,,,,,,,,,,,,,,
Panera Bread,"22
27
20
27
5
6
14
19
6
25
32
27",,,,,,,"22
27
20
27
5
6
14
19
6
25
32
27",,,,,,,,,,,,,,,,,,,,,,,,,,,,,,,,,,,,,,,,,,,,,,,,,,,,,,,,,,,,,,,,,,,,,,,,,,,,,,,,,,,,,,,,,,,,,,,,,,,,,,,,,,,,,,,,,,,,,,,,,,,,,
Panera Bread,"660
90
380
450
550
470
370
260","660
90
380
450
550
470
370
260",,,,,,,,,,,,,,,,,,,,,,,,,,,,,,,,,,,,,,,,,,,,,,,,,,,,,,,,,,,,,,,,,,,,,,,,,,,,,,,,,,,,,,,,,,,,,,,,,,,,,,,,,,,,,,,,,,,,,,,,,,,,,,,,,,,
Panera Bread,"20
50
100
50
110
90
180
100
110
40
110
230
30
45","20
50
100
50
110
90
180
100
110
40
110
230
30
45",,,,,,,,,,,,,,,,,,,,,,,,,,,,,,,,,,,,,,,,,,,,,,,,,,,,,,,,,,,,,,,,,,,,,,,,,,,,,,,,,,,,,,,,,,,,,,,,,,,,,,,,,,,,,,,,,,,,,,,,,,,,,,,,,,,
Panera Bread,"47
7
16
27
37
19
14
4",,,"47
7
16
27
37
19
14
4",,,,,,,,,,,,,,,,,,,,,,,,,,,,,,,,,,,,,,,,,,,,,,,,,,,,,,,,,,,,,,,,,,,,,,,,,,,,,,,,,,,,,,,,,,,,,,,,,,,,,,,,,,,,,,,,,,,,,,,,,,,,,,,,,
Panera Bread,"0
4.5
9
4
8
9
18
11
12
4
12
25
2
3.5",,,"0
4.5
9
4
8
9
18
11
12
4
12
25
2
3.5",,,,,,,,,,,,,,,,,,,,,,,,,,,,,,,,,,,,,,,,,,,,,,,,,,,,,,,,,,,,,,,,,,,,,,,,,,,,,,,,,,,,,,,,,,,,,,,,,,,,,,,,,,,,,,,,,,,,,,,,,,,,,,,,,
Panera Bread,"0
0
0
0
1
0
0
0",,,,"0
0
0
0
1
0
0
0",,,,,,,,,,,,,,,,,,,,,,,,,,,,,,,,,,,,,,,,,,,,,,,,,,,,,,,,,,,,,,,,,,,,,,,,,,,,,,,,,,,,,,,,,,,,,,,,,,,,,,,,,,,,,,,,,,,,,,,,,,,,,,,,
Panera Bread,"0
0
0
0
0
0
0
0
0
0
0
0
0
0",,,,"0
0
0
0
0
0
0
0
0
0
0
0
0
0",,,,,,,,,,,,,,,,,,,,,,,,,,,,,,,,,,,,,,,,,,,,,,,,,,,,,,,,,,,,,,,,,,,,,,,,,,,,,,,,,,,,,,,,,,,,,,,,,,,,,,,,,,,,,,,,,,,,,,,,,,,,,,,,
Panera Bread,"900
90
610
500
940
920
170
170",,,,,"900
90
610
500
940
920
170
170",,,,,,,,,,,,,,,,,,,,,,,,,,,,,,,,,,,,,,,,,,,,,,,,,,,,,,,,,,,,,,,,,,,,,,,,,,,,,,,,,,,,,,,,,,,,,,,,,,,,,,,,,,,,,,,,,,,,,,,,,,,,,,,
Panera Bread,"110
150
290
150
300
140
290
130
80
50
150
290
55
80",,,,,"110
150
290
150
300
140
290
130
80
50
150
290
55
80",,,,,,,,,,,,,,,,,,,,,,,,,,,,,,,,,,,,,,,,,,,,,,,,,,,,,,,,,,,,,,,,,,,,,,,,,,,,,,,,,,,,,,,,,,,,,,,,,,,,,,,,,,,,,,,,,,,,,,,,,,,,,,,
Panera Bread,"1
0
2
1
1
2
7
6",,,,,,"1
0
2
1
1
2
7
6",,,,,,,,,,,,,,,,,,,,,,,,,,,,,,,,,,,,,,,,,,,,,,,,,,,,,,,,,,,,,,,,,,,,,,,,,,,,,,,,,,,,,,,,,,,,,,,,,,,,,,,,,,,,,,,,,,,,,,,,,,,,,,
Panera Bread,"0
0
0
0
0
0
0
0
0
0
0
0
0
0",,,,,,"0
0
0
0
0
0
0
0
0
0
0
0
0
0",,,,,,,,,,,,,,,,,,,,,,,,,,,,,,,,,,,,,,,,,,,,,,,,,,,,,,,,,,,,,,,,,,,,,,,,,,,,,,,,,,,,,,,,,,,,,,,,,,,,,,,,,,,,,,,,,,,,,,,,,,,,,,
Panera Bread,"25
8
20
18
19
33
8
7",,,,,,,"25
8
20
18
19
33
8
7",,,,,,,,,,,,,,,,,,,,,,,,,,,,,,,,,,,,,,,,,,,,,,,,,,,,,,,,,,,,,,,,,,,,,,,,,,,,,,,,,,,,,,,,,,,,,,,,,,,,,,,,,,,,,,,,,,,,,,,,,,,,,
Panera Bread,"0
0
0
0
0
0
1
0
0
0
0
0
1
1",,,,,,,"0
0
0
0
0
0
1
0
0
0
0
0
1
1",,,,,,,,,,,,,,,,,,,,,,,,,,,,,,,,,,,,,,,,,,,,,,,,,,,,,,,,,,,,,,,,,,,,,,,,,,,,,,,,,,,,,,,,,,,,,,,,,,,,,,,,,,,,,,,,,,,,,,,,,,,,,
Panera Bread,"90
60
130
80
100
200
60
90
80
160
110
40","90
60
130
80
100
200
60
90
80
160
110
40",,,,,,,,,,,,,,,,,,,,,,,,,,,,,,,,,,,,,,,,,,,,,,,,,,,,,,,,,,,,,,,,,,,,,,,,,,,,,,,,,,,,,,,,,,,,,,,,,,,,,,,,,,,,,,,,,,,,,,,,,,,,,,,,,,,
Panera Bread,"50
5
20
210
320
670
1350
0
0","50
5
20
210
320
670
1350
0
0",,,,,,,,,,,,,,,,,,,,,,,,,,,,,,,,,,,,,,,,,,,,,,,,,,,,,,,,,,,,,,,,,,,,,,,,,,,,,,,,,,,,,,,,,,,,,,,,,,,,,,,,,,,,,,,,,,,,,,,,,,,,,,,,,,,
Panera Bread,"7
4.5
14
8
10
21
6
8
6
13
7
1",,,"7
4.5
14
8
10
21
6
8
6
13
7
1",,,,,,,,,,,,,,,,,,,,,,,,,,,,,,,,,,,,,,,,,,,,,,,,,,,,,,,,,,,,,,,,,,,,,,,,,,,,,,,,,,,,,,,,,,,,,,,,,,,,,,,,,,,,,,,,,,,,,,,,,,,,,,,,,
Panera Bread,"0
0
0
0
0
1
1.5
0
0",,,"0
0
0
0
0
1
1.5
0
0",,,,,,,,,,,,,,,,,,,,,,,,,,,,,,,,,,,,,,,,,,,,,,,,,,,,,,,,,,,,,,,,,,,,,,,,,,,,,,,,,,,,,,,,,,,,,,,,,,,,,,,,,,,,,,,,,,,,,,,,,,,,,,,,,
Panera Bread,"0
0
0
0
0
0
0
0
0
0
0
0",,,,"0
0
0
0
0
0
0
0
0
0
0
0",,,,,,,,,,,,,,,,,,,,,,,,,,,,,,,,,,,,,,,,,,,,,,,,,,,,,,,,,,,,,,,,,,,,,,,,,,,,,,,,,,,,,,,,,,,,,,,,,,,,,,,,,,,,,,,,,,,,,,,,,,,,,,,,
Panera Bread,"0
0
0
0
0
0
0
0
0",,,,"0
0
0
0
0
0
0
0
0",,,,,,,,,,,,,,,,,,,,,,,,,,,,,,,,,,,,,,,,,,,,,,,,,,,,,,,,,,,,,,,,,,,,,,,,,,,,,,,,,,,,,,,,,,,,,,,,,,,,,,,,,,,,,,,,,,,,,,,,,,,,,,,,
Panera Bread,"160
150
115
120
150
310
150
90
85
170
350
530",,,,,"160
150
115
120
150
310
150
90
85
170
350
530",,,,,,,,,,,,,,,,,,,,,,,,,,,,,,,,,,,,,,,,,,,,,,,,,,,,,,,,,,,,,,,,,,,,,,,,,,,,,,,,,,,,,,,,,,,,,,,,,,,,,,,,,,,,,,,,,,,,,,,,,,,,,,,
Panera Bread,"45
0
0
15
20
40
80
0
0",,,,,"45
0
0
15
20
40
80
0
0",,,,,,,,,,,,,,,,,,,,,,,,,,,,,,,,,,,,,,,,,,,,,,,,,,,,,,,,,,,,,,,,,,,,,,,,,,,,,,,,,,,,,,,,,,,,,,,,,,,,,,,,,,,,,,,,,,,,,,,,,,,,,,,
Panera Bread,"0
1
0
0
0
0
0
0
0
0
0
0",,,,,,"0
1
0
0
0
0
0
0
0
0
0
0",,,,,,,,,,,,,,,,,,,,,,,,,,,,,,,,,,,,,,,,,,,,,,,,,,,,,,,,,,,,,,,,,,,,,,,,,,,,,,,,,,,,,,,,,,,,,,,,,,,,,,,,,,,,,,,,,,,,,,,,,,,,,,
Panera Bread,"0
0
0
0
0
0
0
0
0",,,,,,"0
0
0
0
0
0
0
0
0",,,,,,,,,,,,,,,,,,,,,,,,,,,,,,,,,,,,,,,,,,,,,,,,,,,,,,,,,,,,,,,,,,,,,,,,,,,,,,,,,,,,,,,,,,,,,,,,,,,,,,,,,,,,,,,,,,,,,,,,,,,,,,
Panera Bread,"2
2
0
0
0
1
1
0
0
0
1
1",,,,,,,"2
2
0
0
0
1
1
0
0
0
1
1",,,,,,,,,,,,,,,,,,,,,,,,,,,,,,,,,,,,,,,,,,,,,,,,,,,,,,,,,,,,,,,,,,,,,,,,,,,,,,,,,,,,,,,,,,,,,,,,,,,,,,,,,,,,,,,,,,,,,,,,,,,,,
Panera Bread,"0
0
0
0
0
1
2
0
0",,,,,,,"0
0
0
0
0
1
2
0
0",,,,,,,,,,,,,,,,,,,,,,,,,,,,,,,,,,,,,,,,,,,,,,,,,,,,,,,,,,,,,,,,,,,,,,,,,,,,,,,,,,,,,,,,,,,,,,,,,,,,,,,,,,,,,,,,,,,,,,,,,,,,,
Panera Bread,"5
20
40
250
380
810
1620
130
0
0
0
0
5
5
35
35
5
5
130
160
0
0","5
20
40
250
380
810
1620
130
0
0
0
0
5
5
35
35
5
5
130
160
0
0",,,,,,,,,,,,,,,,,,,,,,,,,,,,,,,,,,,,,,,,,,,,,,,,,,,,,,,,,,,,,,,,,,,,,,,,,,,,,,,,,,,,,,,,,,,,,,,,,,,,,,,,,,,,,,,,,,,,,,,,,,,,,,,,,,,
Panera Bread,"0
0
0
0
0
1
1.5
0
0
0
0
0
0
0
0.5
0.5
0
0
5
6
0
0",,,"0
0
0
0
0
1
1.5
0
0
0
0
0
0
0
0.5
0.5
0
0
5
6
0
0",,,,,,,,,,,,,,,,,,,,,,,,,,,,,,,,,,,,,,,,,,,,,,,,,,,,,,,,,,,,,,,,,,,,,,,,,,,,,,,,,,,,,,,,,,,,,,,,,,,,,,,,,,,,,,,,,,,,,,,,,,,,,,,,,
Panera Bread,"0
0
0
0
0
0
0
0
0
0
0
0
0
0
0
0
0
0
0
0
0
0",,,,"0
0
0
0
0
0
0
0
0
0
0
0
0
0
0
0
0
0
0
0
0
0",,,,,,,,,,,,,,,,,,,,,,,,,,,,,,,,,,,,,,,,,,,,,,,,,,,,,,,,,,,,,,,,,,,,,,,,,,,,,,,,,,,,,,,,,,,,,,,,,,,,,,,,,,,,,,,,,,,,,,,,,,,,,,,,
Panera Bread,"15
60
115
45
65
140
290
0
10
0
0
0
10
10
70
70
10
10
110
135
100
140",,,,,"15
60
115
45
65
140
290
0
10
0
0
0
10
10
70
70
10
10
110
135
100
140",,,,,,,,,,,,,,,,,,,,,,,,,,,,,,,,,,,,,,,,,,,,,,,,,,,,,,,,,,,,,,,,,,,,,,,,,,,,,,,,,,,,,,,,,,,,,,,,,,,,,,,,,,,,,,,,,,,,,,,,,,,,,,,
Panera Bread,"0
0
0
1
1
2
4
0
0
0
0
0
0
0
0
0
0
0
0
0
0
0",,,,,,"0
0
0
1
1
2
4
0
0
0
0
0
0
0
0
0
0
0
0
0
0
0",,,,,,,,,,,,,,,,,,,,,,,,,,,,,,,,,,,,,,,,,,,,,,,,,,,,,,,,,,,,,,,,,,,,,,,,,,,,,,,,,,,,,,,,,,,,,,,,,,,,,,,,,,,,,,,,,,,,,,,,,,,,,,
Panera Bread,"0
0
0
1
1
2
3
0
0
0
0
0
1
1
4
4
1
1
8
10
0
0",,,,,,,"0
0
0
1
1
2
3
0
0
0
0
0
1
1
4
4
1
1
8
10
0
0",,,,,,,,,,,,,,,,,,,,,,,,,,,,,,,,,,,,,,,,,,,,,,,,,,,,,,,,,,,,,,,,,,,,,,,,,,,,,,,,,,,,,,,,,,,,,,,,,,,,,,,,,,,,,,,,,,,,,,,,,,,,,
Panera Bread,"230
340
130
160
330
400
280
230
290
430
920
1840
5
40
5
10
20
5
20
240
370
250
0","230
340
130
160
330
400
280
230
290
430
920
1840
5
40
5
10
20
5
20
240
370
250
0",,,,,,,,,,,,,,,,,,,,,,,,,,,,,,,,,,,,,,,,,,,,,,,,,,,,,,,,,,,,,,,,,,,,,,,,,,,,,,,,,,,,,,,,,,,,,,,,,,,,,,,,,,,,,,,,,,,,,,,,,,,,,,,,,,,
Panera Bread,"0
0
5
6
9
10
7
6
0
0
0
0
0
3.5
0
0
0
0
0
0
0
0
0",,,"0
0
5
6
9
10
7
6
0
0
0
0
0
3.5
0
0
0
0
0
0
0
0
0",,,,,,,,,,,,,,,,,,,,,,,,,,,,,,,,,,,,,,,,,,,,,,,,,,,,,,,,,,,,,,,,,,,,,,,,,,,,,,,,,,,,,,,,,,,,,,,,,,,,,,,,,,,,,,,,,,,,,,,,,,,,,,,,,
Panera Bread,"0
0
0
0
0
0
0
0
0
0
0
0
0
0
0
0
0
0
0
0
0
0
0",,,,"0
0
0
0
0
0
0
0
0
0
0
0
0
0
0
0
0
0
0
0
0
0
0",,,,,,,,,,,,,,,,,,,,,,,,,,,,,,,,,,,,,,,,,,,,,,,,,,,,,,,,,,,,,,,,,,,,,,,,,,,,,,,,,,,,,,,,,,,,,,,,,,,,,,,,,,,,,,,,,,,,,,,,,,,,,,,,
Panera Bread,"85
125
110
135
260
330
150
125
40
60
125
250
0
10
0
0
0
0
0
65
95
80
65",,,,,"85
125
110
135
260
330
150
125
40
60
125
250
0
10
0
0
0
0
0
65
95
80
65",,,,,,,,,,,,,,,,,,,,,,,,,,,,,,,,,,,,,,,,,,,,,,,,,,,,,,,,,,,,,,,,,,,,,,,,,,,,,,,,,,,,,,,,,,,,,,,,,,,,,,,,,,,,,,,,,,,,,,,,,,,,,,,
Panera Bread,"0
0
0
0
0
0
0
0
0
0
0
0
0
0
0
0
0
0
0
0
0
0
0",,,,,,"0
0
0
0
0
0
0
0
0
0
0
0
0
0
0
0
0
0
0
0
0
0
0",,,,,,,,,,,,,,,,,,,,,,,,,,,,,,,,,,,,,,,,,,,,,,,,,,,,,,,,,,,,,,,,,,,,,,,,,,,,,,,,,,,,,,,,,,,,,,,,,,,,,,,,,,,,,,,,,,,,,,,,,,,,,,
Panera Bread,"0
0
8
10
9
11
12
10
0
0
0
1
0
1
0
0
0
0
0
0
0
0
0",,,,,,,"0
0
8
10
9
11
12
10
0
0
0
1
0
1
0
0
0
0
0
0
0
0
0",,,,,,,,,,,,,,,,,,,,,,,,,,,,,,,,,,,,,,,,,,,,,,,,,,,,,,,,,,,,,,,,,,,,,,,,,,,,,,,,,,,,,,,,,,,,,,,,,,,,,,,,,,,,,,,,,,,,,,,,,,,,,
Panera Bread,"0
0
0
0
15
0
0
0
0
0
0
0
10
10
0
0
0
0
0
250
240
360
130
190
150","0
0
0
0
15
0
0
0
0
0
0
0
10
10
0
0
0
0
0
250
240
360
130
190
150",,,,,,,,,,,,,,,,,,,,,,,,,,,,,,,,,,,,,,,,,,,,,,,,,,,,,,,,,,,,,,,,,,,,,,,,,,,,,,,,,,,,,,,,,,,,,,,,,,,,,,,,,,,,,,,,,,,,,,,,,,,,,,,,,,,
Panera Bread,"0
0
0
0
0
0
0
0
0
0
0
0
0
0
0
0
0
0
0
0
0
0
0
0
0",,,"0
0
0
0
0
0
0
0
0
0
0
0
0
0
0
0
0
0
0
0
0
0
0
0
0",,,,,,,,,,,,,,,,,,,,,,,,,,,,,,,,,,,,,,,,,,,,,,,,,,,,,,,,,,,,,,,,,,,,,,,,,,,,,,,,,,,,,,,,,,,,,,,,,,,,,,,,,,,,,,,,,,,,,,,,,,,,,,,,,
Panera Bread,"0
0
0
0
0
0
0
0
0
0
0
0
0
0
0
0
0
0
0
0
0
0
0
0
0",,,,"0
0
0
0
0
0
0
0
0
0
0
0
0
0
0
0
0
0
0
0
0
0
0
0
0",,,,,,,,,,,,,,,,,,,,,,,,,,,,,,,,,,,,,,,,,,,,,,,,,,,,,,,,,,,,,,,,,,,,,,,,,,,,,,,,,,,,,,,,,,,,,,,,,,,,,,,,,,,,,,,,,,,,,,,,,,,,,,,,
Panera Bread,"70
100
35
35
70
10
10
80
120
70
120
180
90
140
50
40
100
60
140
100
75
110
10
15
30",,,,,"70
100
35
35
70
10
10
80
120
70
120
180
90
140
50
40
100
60
140
100
75
110
10
15
30",,,,,,,,,,,,,,,,,,,,,,,,,,,,,,,,,,,,,,,,,,,,,,,,,,,,,,,,,,,,,,,,,,,,,,,,,,,,,,,,,,,,,,,,,,,,,,,,,,,,,,,,,,,,,,,,,,,,,,,,,,,,,,,
Panera Bread,"0
0
0
0
0
0
0
0
0
0
0
0
0
0
0
0
0
0
0
0
0
0
0
0
0",,,,,,"0
0
0
0
0
0
0
0
0
0
0
0
0
0
0
0
0
0
0
0
0
0
0
0
0",,,,,,,,,,,,,,,,,,,,,,,,,,,,,,,,,,,,,,,,,,,,,,,,,,,,,,,,,,,,,,,,,,,,,,,,,,,,,,,,,,,,,,,,,,,,,,,,,,,,,,,,,,,,,,,,,,,,,,,,,,,,,,
Panera Bread,"0
0
0
0
4
0
1
0
0
0
0
0
0
0
0
0
0
0
0
0
0
0
0
0
0",,,,,,,"0
0
0
0
4
0
1
0
0
0
0
0
0
0
0
0
0
0
0
0
0
0
0
0
0",,,,,,,,,,,,,,,,,,,,,,,,,,,,,,,,,,,,,,,,,,,,,,,,,,,,,,,,,,,,,,,,,,,,,,,,,,,,,,,,,,,,,,,,,,,,,,,,,,,,,,,,,,,,,,,,,,,,,,,,,,,,,
Panera Bread,"210
0
0
140
210
170
240
150
230
0
0
0
0
0
0
0
5
0
0
150
220
160
230
70","210
0
0
140
210
170
240
150
230
0
0
0
0
0
0
0
5
0
0
150
220
160
230
70",,,,,,,,,,,,,,,,,,,,,,,,,,,,,,,,,,,,,,,,,,,,,,,,,,,,,,,,,,,,,,,,,,,,,,,,,,,,,,,,,,,,,,,,,,,,,,,,,,,,,,,,,,,,,,,,,,,,,,,,,,,,,,,,,,,
Panera Bread,"0
0
0
0
0
0
0
0
0
0
0
0
0
0
0
0
0
0
0
0
0
0
0
0",,,"0
0
0
0
0
0
0
0
0
0
0
0
0
0
0
0
0
0
0
0
0
0
0
0",,,,,,,,,,,,,,,,,,,,,,,,,,,,,,,,,,,,,,,,,,,,,,,,,,,,,,,,,,,,,,,,,,,,,,,,,,,,,,,,,,,,,,,,,,,,,,,,,,,,,,,,,,,,,,,,,,,,,,,,,,,,,,,,,
Panera Bread,"0
0
0
0
0
0
0
0
0
0
0
0
0
0
0
0
0
0
0
0
0
0
0
0",,,,"0
0
0
0
0
0
0
0
0
0
0
0
0
0
0
0
0
0
0
0
0
0
0
0",,,,,,,,,,,,,,,,,,,,,,,,,,,,,,,,,,,,,,,,,,,,,,,,,,,,,,,,,,,,,,,,,,,,,,,,,,,,,,,,,,,,,,,,,,,,,,,,,,,,,,,,,,,,,,,,,,,,,,,,,,,,,,,,
Panera Bread,"45
65
90
50
80
25
40
40
60
40
65
50
75
75
110
60
85
65
90
45
70
40
65
50",,,,,"45
65
90
50
80
25
40
40
60
40
65
50
75
75
110
60
85
65
90
45
70
40
65
50",,,,,,,,,,,,,,,,,,,,,,,,,,,,,,,,,,,,,,,,,,,,,,,,,,,,,,,,,,,,,,,,,,,,,,,,,,,,,,,,,,,,,,,,,,,,,,,,,,,,,,,,,,,,,,,,,,,,,,,,,,,,,,,
Panera Bread,"0
0
0
0
0
0
0
0
0
0
0
0
0
0
0
0
0
0
0
0
0
0
0
0",,,,,,"0
0
0
0
0
0
0
0
0
0
0
0
0
0
0
0
0
0
0
0
0
0
0
0",,,,,,,,,,,,,,,,,,,,,,,,,,,,,,,,,,,,,,,,,,,,,,,,,,,,,,,,,,,,,,,,,,,,,,,,,,,,,,,,,,,,,,,,,,,,,,,,,,,,,,,,,,,,,,,,,,,,,,,,,,,,,,
Panera Bread,"0
0
0
0
0
0
0
0
0
0
0
0
0
0
0
0
0
0
0
0
0
0
0
0",,,,,,,"0
0
0
0
0
0
0
0
0
0
0
0
0
0
0
0
0
0
0
0
0
0
0
0",,,,,,,,,,,,,,,,,,,,,,,,,,,,,,,,,,,,,,,,,,,,,,,,,,,,,,,,,,,,,,,,,,,,,,,,,,,,,,,,,,,,,,,,,,,,,,,,,,,,,,,,,,,,,,,,,,,,,,,,,,,,,
Panera Bread,"110
180
260
150
230
80
120
160
240
0
150
230
10
10
90
130
0
0
140
210
160","110
180
260
150
230
80
120
160
240
0
150
230
10
10
90
130
0
0
140
210
160",,,,,,,,,,,,,,,,,,,,,,,,,,,,,,,,,,,,,,,,,,,,,,,,,,,,,,,,,,,,,,,,,,,,,,,,,,,,,,,,,,,,,,,,,,,,,,,,,,,,,,,,,,,,,,,,,,,,,,,,,,,,,,,,,,,
Panera Bread,"0
0
0
0
0
0
0
0
0
0
0
0
0
0
0
0
0
0
0
0
0",,,"0
0
0
0
0
0
0
0
0
0
0
0
0
0
0
0
0
0
0
0
0",,,,,,,,,,,,,,,,,,,,,,,,,,,,,,,,,,,,,,,,,,,,,,,,,,,,,,,,,,,,,,,,,,,,,,,,,,,,,,,,,,,,,,,,,,,,,,,,,,,,,,,,,,,,,,,,,,,,,,,,,,,,,,,,,
Panera Bread,"0
0
0
0
0
0
0
0
0
0
0
0
0
0
0
0
0
0
0
0
0",,,,"0
0
0
0
0
0
0
0
0
0
0
0
0
0
0
0
0
0
0
0
0",,,,,,,,,,,,,,,,,,,,,,,,,,,,,,,,,,,,,,,,,,,,,,,,,,,,,,,,,,,,,,,,,,,,,,,,,,,,,,,,,,,,,,,,,,,,,,,,,,,,,,,,,,,,,,,,,,,,,,,,,,,,,,,,
Panera Bread,"75
55
80
60
90
10
15
35
50
40
55
85
10
15
120
180
50
75
70
105
35",,,,,"75
55
80
60
90
10
15
35
50
40
55
85
10
15
120
180
50
75
70
105
35",,,,,,,,,,,,,,,,,,,,,,,,,,,,,,,,,,,,,,,,,,,,,,,,,,,,,,,,,,,,,,,,,,,,,,,,,,,,,,,,,,,,,,,,,,,,,,,,,,,,,,,,,,,,,,,,,,,,,,,,,,,,,,,
Panera Bread,"0
0
0
0
0
0
0
0
0
0
0
0
0
0
0
0
0
0
0
0
0",,,,,,"0
0
0
0
0
0
0
0
0
0
0
0
0
0
0
0
0
0
0
0
0",,,,,,,,,,,,,,,,,,,,,,,,,,,,,,,,,,,,,,,,,,,,,,,,,,,,,,,,,,,,,,,,,,,,,,,,,,,,,,,,,,,,,,,,,,,,,,,,,,,,,,,,,,,,,,,,,,,,,,,,,,,,,,
Panera Bread,"0
0
0
0
0
0
0
0
0
0
0
0
0
0
0
0
0
0
0
0
0",,,,,,,"0
0
0
0
0
0
0
0
0
0
0
0
0
0
0
0
0
0
0
0
0",,,,,,,,,,,,,,,,,,,,,,,,,,,,,,,,,,,,,,,,,,,,,,,,,,,,,,,,,,,,,,,,,,,,,,,,,,,,,,,,,,,,,,,,,,,,,,,,,,,,,,,,,,,,,,,,,,,,,,,,,,,,,
Panera Bread,"230
190
270
160
240
5
10
5
5
160
240
0
5
5
250
370
0
35
5
5
100
0
390
470
3590
5","230
190
270
160
240
5
10
5
5
160
240
0
5
5
250
370
0
35
5
5
100
0
390
470
3590
5",,,,,,,,,,,,,,,,,,,,,,,,,,,,,,,,,,,,,,,,,,,,,,,,,,,,,,,,,,,,,,,,,,,,,,,,,,,,,,,,,,,,,,,,,,,,,,,,,,,,,,,,,,,,,,,,,,,,,,,,,,,,,,,,,,,
Panera Bread,"0
0
0
0
0
0
0
0
0
0
0
0
0
0
0
0
0
0.5
0
0
0
0
10
11
183
0",,,"0
0
0
0
0
0
0
0
0
0
0
0
0
0
0
0
0
0.5
0
0
0
0
10
11
183
0",,,,,,,,,,,,,,,,,,,,,,,,,,,,,,,,,,,,,,,,,,,,,,,,,,,,,,,,,,,,,,,,,,,,,,,,,,,,,,,,,,,,,,,,,,,,,,,,,,,,,,,,,,,,,,,,,,,,,,,,,,,,,,,,,
Panera Bread,"0
0
0
0
0
0
0
0
0
0
0
0
0
0
0
0
0
0
0
0
0
0
0
0
5
0",,,,"0
0
0
0
0
0
0
0
0
0
0
0
0
0
0
0
0
0
0
0
0
0
0
0
5
0",,,,,,,,,,,,,,,,,,,,,,,,,,,,,,,,,,,,,,,,,,,,,,,,,,,,,,,,,,,,,,,,,,,,,,,,,,,,,,,,,,,,,,,,,,,,,,,,,,,,,,,,,,,,,,,,,,,,,,,,,,,,,,,,
Panera Bread,"50
35
50
160
240
150
220
15
20
35
50
70
95
10
65
100
55
70
10
10
5
0
210
260
1240
10",,,,,"50
35
50
160
240
150
220
15
20
35
50
70
95
10
65
100
55
70
10
10
5
0
210
260
1240
10",,,,,,,,,,,,,,,,,,,,,,,,,,,,,,,,,,,,,,,,,,,,,,,,,,,,,,,,,,,,,,,,,,,,,,,,,,,,,,,,,,,,,,,,,,,,,,,,,,,,,,,,,,,,,,,,,,,,,,,,,,,,,,,
Panera Bread,"0
0
0
0
0
0
0
0
0
0
0
0
0
0
0
0
0
0
0
0
0
0
3
4
19
0",,,,,,"0
0
0
0
0
0
0
0
0
0
0
0
0
0
0
0
0
0
0
0
0
0
3
4
19
0",,,,,,,,,,,,,,,,,,,,,,,,,,,,,,,,,,,,,,,,,,,,,,,,,,,,,,,,,,,,,,,,,,,,,,,,,,,,,,,,,,,,,,,,,,,,,,,,,,,,,,,,,,,,,,,,,,,,,,,,,,,,,,
Panera Bread,"0
0
0
0
0
0
0
0
0
0
0
0
0
0
0
0
0
4
1
1
0
0
11
14
58
0",,,,,,,"0
0
0
0
0
0
0
0
0
0
0
0
0
0
0
0
0
4
1
1
0
0
11
14
58
0",,,,,,,,,,,,,,,,,,,,,,,,,,,,,,,,,,,,,,,,,,,,,,,,,,,,,,,,,,,,,,,,,,,,,,,,,,,,,,,,,,,,,,,,,,,,,,,,,,,,,,,,,,,,,,,,,,,,,,,,,,,,,
Panera Bread,"5
5
10
160
360
230
370
280
100
150
110
0
5
120
170
250
300
300
220
340
430
170
280
290
420","5
5
10
160
360
230
370
280
100
150
110
0
5
120
170
250
300
300
220
340
430
170
280
290
420",,,,,,,,,,,,,,,,,,,,,,,,,,,,,,,,,,,,,,,,,,,,,,,,,,,,,,,,,,,,,,,,,,,,,,,,,,,,,,,,,,,,,,,,,,,,,,,,,,,,,,,,,,,,,,,,,,,,,,,,,,,,,,,,,,,
Panera Bread,"0
0
0
6
10
6
11
10
0
2.5
2.5
0
0
0
0
9
10
5
0
10
11
0
0
0
0",,,"0
0
0
6
10
6
11
10
0
2.5
2.5
0
0
0
0
9
10
5
0
10
11
0
0
0
0",,,,,,,,,,,,,,,,,,,,,,,,,,,,,,,,,,,,,,,,,,,,,,,,,,,,,,,,,,,,,,,,,,,,,,,,,,,,,,,,,,,,,,,,,,,,,,,,,,,,,,,,,,,,,,,,,,,,,,,,,,,,,,,,,
Panera Bread,"0
0
0
0
0
0
0
0
0
0
0
0
0
0
0
0
0
0
0
0
0
0
0
0
0",,,,"0
0
0
0
0
0
0
0
0
0
0
0
0
0
0
0
0
0
0
0
0
0
0
0
0",,,,,,,,,,,,,,,,,,,,,,,,,,,,,,,,,,,,,,,,,,,,,,,,,,,,,,,,,,,,,,,,,,,,,,,,,,,,,,,,,,,,,,,,,,,,,,,,,,,,,,,,,,,,,,,,,,,,,,,,,,,,,,,,
Panera Bread,"10
15
20
135
280
130
220
150
10
180
130
110
160
80
120
120
150
75
30
190
240
60
85
105
130",,,,,"10
15
20
135
280
130
220
150
10
180
130
110
160
80
120
120
150
75
30
190
240
60
85
105
130",,,,,,,,,,,,,,,,,,,,,,,,,,,,,,,,,,,,,,,,,,,,,,,,,,,,,,,,,,,,,,,,,,,,,,,,,,,,,,,,,,,,,,,,,,,,,,,,,,,,,,,,,,,,,,,,,,,,,,,,,,,,,,,
Panera Bread,"0
0
0
0
0
0
2
0
0
0
0
0
0
0
0
0
0
1
0
2
3
0
0
0
0",,,,,,"0
0
0
0
0
0
2
0
0
0
0
0
0
0
0
0
0
1
0
2
3
0
0
0
0",,,,,,,,,,,,,,,,,,,,,,,,,,,,,,,,,,,,,,,,,,,,,,,,,,,,,,,,,,,,,,,,,,,,,,,,,,,,,,,,,,,,,,,,,,,,,,,,,,,,,,,,,,,,,,,,,,,,,,,,,,,,,,
Panera Bread,"1
0
1
10
11
10
13
11
0
8
8
0
0
0
0
9
11
13
0
11
13
0
0
0
0",,,,,,,"1
0
1
10
11
10
13
11
0
8
8
0
0
0
0
9
11
13
0
11
13
0
0
0
0",,,,,,,,,,,,,,,,,,,,,,,,,,,,,,,,,,,,,,,,,,,,,,,,,,,,,,,,,,,,,,,,,,,,,,,,,,,,,,,,,,,,,,,,,,,,,,,,,,,,,,,,,,,,,,,,,,,,,,,,,,,,,
Panera Bread,"240
360
0
150
220
470
930
250
250
380
150
0
0
240
370
15
20
45
90","240
360
0
150
220
470
930
250
250
380
150
0
0
240
370
15
20
45
90",,,,,,,,,,,,,,,,,,,,,,,,,,,,,,,,,,,,,,,,,,,,,,,,,,,,,,,,,,,,,,,,,,,,,,,,,,,,,,,,,,,,,,,,,,,,,,,,,,,,,,,,,,,,,,,,,,,,,,,,,,,,,,,,,,,
Panera Bread,"0
0
0
0
0
0
0
0
0
0
0
0
0
0
0
0
0
0
0",,,"0
0
0
0
0
0
0
0
0
0
0
0
0
0
0
0
0
0
0",,,,,,,,,,,,,,,,,,,,,,,,,,,,,,,,,,,,,,,,,,,,,,,,,,,,,,,,,,,,,,,,,,,,,,,,,,,,,,,,,,,,,,,,,,,,,,,,,,,,,,,,,,,,,,,,,,,,,,,,,,,,,,,,,
Panera Bread,"0
0
0
0
0
0
0
0
0
0
0
0
0
0
0
0
0
0
0",,,,"0
0
0
0
0
0
0
0
0
0
0
0
0
0
0
0
0
0
0",,,,,,,,,,,,,,,,,,,,,,,,,,,,,,,,,,,,,,,,,,,,,,,,,,,,,,,,,,,,,,,,,,,,,,,,,,,,,,,,,,,,,,,,,,,,,,,,,,,,,,,,,,,,,,,,,,,,,,,,,,,,,,,,
Panera Bread,"95
140
0
10
15
35
65
50
55
80
30
65
65
90
135
10
15
35
75",,,,,"95
140
0
10
15
35
65
50
55
80
30
65
65
90
135
10
15
35
75",,,,,,,,,,,,,,,,,,,,,,,,,,,,,,,,,,,,,,,,,,,,,,,,,,,,,,,,,,,,,,,,,,,,,,,,,,,,,,,,,,,,,,,,,,,,,,,,,,,,,,,,,,,,,,,,,,,,,,,,,,,,,,,
Panera Bread,"0
0
0
0
0
0
0
0
0
0
0
0
0
0
0
0
0
0
0",,,,,,"0
0
0
0
0
0
0
0
0
0
0
0
0
0
0
0
0
0
0",,,,,,,,,,,,,,,,,,,,,,,,,,,,,,,,,,,,,,,,,,,,,,,,,,,,,,,,,,,,,,,,,,,,,,,,,,,,,,,,,,,,,,,,,,,,,,,,,,,,,,,,,,,,,,,,,,,,,,,,,,,,,,
Panera Bread,"0
0
0
0
0
0
0
0
0
0
0
0
0
0
0
0
0
0
0",,,,,,,"0
0
0
0
0
0
0
0
0
0
0
0
0
0
0
0
0
0
0",,,,,,,,,,,,,,,,,,,,,,,,,,,,,,,,,,,,,,,,,,,,,,,,,,,,,,,,,,,,,,,,,,,,,,,,,,,,,,,,,,,,,,,,,,,,,,,,,,,,,,,,,,,,,,,,,,,,,,,,,,,,,
Panera Bread,"140
210
900
1800
160
0
5
230
340
230
0
250
370
150
250
250
260
350
690
110
150
190
290","140
210
900
1800
160
0
5
230
340
230
0
250
370
150
250
250
260
350
690
110
150
190
290",,,,,,,,,,,,,,,,,,,,,,,,,,,,,,,,,,,,,,,,,,,,,,,,,,,,,,,,,,,,,,,,,,,,,,,,,,,,,,,,,,,,,,,,,,,,,,,,,,,,,,,,,,,,,,,,,,,,,,,,,,,,,,,,,,,
Panera Bread,"0
0
0
0
0
0
0
0
0
0
0
0
0
0
0
2.5
4.5
0
0
0
0
0.5
0",,,"0
0
0
0
0
0
0
0
0
0
0
0
0
0
0
2.5
4.5
0
0
0
0
0.5
0",,,,,,,,,,,,,,,,,,,,,,,,,,,,,,,,,,,,,,,,,,,,,,,,,,,,,,,,,,,,,,,,,,,,,,,,,,,,,,,,,,,,,,,,,,,,,,,,,,,,,,,,,,,,,,,,,,,,,,,,,,,,,,,,,
Panera Bread,"0
0
0
0
0
0
0
0
0
0
0
0
0
0
0
0
0
0
0
0
0
0
0",,,,"0
0
0
0
0
0
0
0
0
0
0
0
0
0
0
0
0
0
0
0
0
0
0",,,,,,,,,,,,,,,,,,,,,,,,,,,,,,,,,,,,,,,,,,,,,,,,,,,,,,,,,,,,,,,,,,,,,,,,,,,,,,,,,,,,,,,,,,,,,,,,,,,,,,,,,,,,,,,,,,,,,,,,,,,,,,,,
Panera Bread,"190
280
30
60
5
80
120
115
170
110
60
55
85
35
55
40
70
50
105
10
15
30
55",,,,,"190
280
30
60
5
80
120
115
170
110
60
55
85
35
55
40
70
50
105
10
15
30
55",,,,,,,,,,,,,,,,,,,,,,,,,,,,,,,,,,,,,,,,,,,,,,,,,,,,,,,,,,,,,,,,,,,,,,,,,,,,,,,,,,,,,,,,,,,,,,,,,,,,,,,,,,,,,,,,,,,,,,,,,,,,,,,
Panera Bread,"0
0
0
0
0
0
0
0
0
0
0
0
0
0
0
4
2
0
0
0
0
3
0",,,,,,"0
0
0
0
0
0
0
0
0
0
0
0
0
0
0
4
2
0
0
0
0
3
0",,,,,,,,,,,,,,,,,,,,,,,,,,,,,,,,,,,,,,,,,,,,,,,,,,,,,,,,,,,,,,,,,,,,,,,,,,,,,,,,,,,,,,,,,,,,,,,,,,,,,,,,,,,,,,,,,,,,,,,,,,,,,,
Panera Bread,"0
0
17
33
2
0
0
0
0
0
0
0
0
0
0
7
12
0
0
0
0
1
0",,,,,,,"0
0
17
33
2
0
0
0
0
0
0
0
0
0
0
7
12
0
0
0
0
1
0",,,,,,,,,,,,,,,,,,,,,,,,,,,,,,,,,,,,,,,,,,,,,,,,,,,,,,,,,,,,,,,,,,,,,,,,,,,,,,,,,,,,,,,,,,,,,,,,,,,,,,,,,,,,,,,,,,,,,,,,,,,,,
Panera Bread,"420
250
380
10
15
5
10
260
390","420
250
380
10
15
5
10
260
390",,,,,,,,,,,,,,,,,,,,,,,,,,,,,,,,,,,,,,,,,,,,,,,,,,,,,,,,,,,,,,,,,,,,,,,,,,,,,,,,,,,,,,,,,,,,,,,,,,,,,,,,,,,,,,,,,,,,,,,,,,,,,,,,,,,
Panera Bread,"510
470
480
340
390
410
190
190
360
390
4840
820
120
130
90
180","510
470
480
340
390
410
190
190
360
390
4840
820
120
130
90
180",,,,,,,,,,,,,,,,,,,,,,,,,,,,,,,,,,,,,,,,,,,,,,,,,,,,,,,,,,,,,,,,,,,,,,,,,,,,,,,,,,,,,,,,,,,,,,,,,,,,,,,,,,,,,,,,,,,,,,,,,,,,,,,,,,,
Panera Bread,"0
0
0
0
0
0
0
0
0",,,"0
0
0
0
0
0
0
0
0",,,,,,,,,,,,,,,,,,,,,,,,,,,,,,,,,,,,,,,,,,,,,,,,,,,,,,,,,,,,,,,,,,,,,,,,,,,,,,,,,,,,,,,,,,,,,,,,,,,,,,,,,,,,,,,,,,,,,,,,,,,,,,,,,
Panera Bread,"18
18
22
13
18
21
10
10
13
18
215
44
4.5
6
3
7",,,"18
18
22
13
18
21
10
10
13
18
215
44
4.5
6
3
7",,,,,,,,,,,,,,,,,,,,,,,,,,,,,,,,,,,,,,,,,,,,,,,,,,,,,,,,,,,,,,,,,,,,,,,,,,,,,,,,,,,,,,,,,,,,,,,,,,,,,,,,,,,,,,,,,,,,,,,,,,,,,,,,,
Panera Bread,"0
0
0
0
0
0
0
0
0",,,,"0
0
0
0
0
0
0
0
0",,,,,,,,,,,,,,,,,,,,,,,,,,,,,,,,,,,,,,,,,,,,,,,,,,,,,,,,,,,,,,,,,,,,,,,,,,,,,,,,,,,,,,,,,,,,,,,,,,,,,,,,,,,,,,,,,,,,,,,,,,,,,,,,
Panera Bread,"0
0
0.5
0
0
0.5
0
0
0
0
6
1
0
0
0
0",,,,"0
0
0.5
0
0
0.5
0
0
0
0
6
1
0
0
0
0",,,,,,,,,,,,,,,,,,,,,,,,,,,,,,,,,,,,,,,,,,,,,,,,,,,,,,,,,,,,,,,,,,,,,,,,,,,,,,,,,,,,,,,,,,,,,,,,,,,,,,,,,,,,,,,,,,,,,,,,,,,,,,,,
Panera Bread,"85
260
390
230
350
20
25
55
80",,,,,"85
260
390
230
350
20
25
55
80",,,,,,,,,,,,,,,,,,,,,,,,,,,,,,,,,,,,,,,,,,,,,,,,,,,,,,,,,,,,,,,,,,,,,,,,,,,,,,,,,,,,,,,,,,,,,,,,,,,,,,,,,,,,,,,,,,,,,,,,,,,,,,,
Panera Bread,"390
95
310
200
330
300
85
95
310
330
3430
760
25
75
45
290",,,,,"390
95
310
200
330
300
85
95
310
330
3430
760
25
75
45
290",,,,,,,,,,,,,,,,,,,,,,,,,,,,,,,,,,,,,,,,,,,,,,,,,,,,,,,,,,,,,,,,,,,,,,,,,,,,,,,,,,,,,,,,,,,,,,,,,,,,,,,,,,,,,,,,,,,,,,,,,,,,,,,
Panera Bread,"0
0
0
0
0
0
0
0
0",,,,,,"0
0
0
0
0
0
0
0
0",,,,,,,,,,,,,,,,,,,,,,,,,,,,,,,,,,,,,,,,,,,,,,,,,,,,,,,,,,,,,,,,,,,,,,,,,,,,,,,,,,,,,,,,,,,,,,,,,,,,,,,,,,,,,,,,,,,,,,,,,,,,,,
Panera Bread,"8
4
1
3
2
2
3
2
1
2
20
2
1
0
1
1",,,,,,"8
4
1
3
2
2
3
2
1
2
20
2
1
0
1
1",,,,,,,,,,,,,,,,,,,,,,,,,,,,,,,,,,,,,,,,,,,,,,,,,,,,,,,,,,,,,,,,,,,,,,,,,,,,,,,,,,,,,,,,,,,,,,,,,,,,,,,,,,,,,,,,,,,,,,,,,,,,,,
Panera Bread,"0
0
0
0
0
0
0
0
0",,,,,,,"0
0
0
0
0
0
0
0
0",,,,,,,,,,,,,,,,,,,,,,,,,,,,,,,,,,,,,,,,,,,,,,,,,,,,,,,,,,,,,,,,,,,,,,,,,,,,,,,,,,,,,,,,,,,,,,,,,,,,,,,,,,,,,,,,,,,,,,,,,,,,,
Panera Bread,"7
7
4
5
4
7
2
2
5
4
46
8
2
1
1
3",,,,,,,"7
7
4
5
4
7
2
2
5
4
46
8
2
1
1
3",,,,,,,,,,,,,,,,,,,,,,,,,,,,,,,,,,,,,,,,,,,,,,,,,,,,,,,,,,,,,,,,,,,,,,,,,,,,,,,,,,,,,,,,,,,,,,,,,,,,,,,,,,,,,,,,,,,,,,,,,,,,,
Panera Bread,"350
550
480
340
450
100
440
520
440","350
550
480
340
450
100
440
520
440",,,,,,,,,,,,,,,,,,,,,,,,,,,,,,,,,,,,,,,,,,,,,,,,,,,,,,,,,,,,,,,,,,,,,,,,,,,,,,,,,,,,,,,,,,,,,,,,,,,,,,,,,,,,,,,,,,,,,,,,,,,,,,,,,,,
Panera Bread,"220
180
450
360
300
590
230
460
210
410
270
550
280
230
560","220
180
450
360
300
590
230
460
210
410
270
550
280
230
560",,,,,,,,,,,,,,,,,,,,,,,,,,,,,,,,,,,,,,,,,,,,,,,,,,,,,,,,,,,,,,,,,,,,,,,,,,,,,,,,,,,,,,,,,,,,,,,,,,,,,,,,,,,,,,,,,,,,,,,,,,,,,,,,,,,
Panera Bread,"13
21
28
14
24
4.5
21
18
21",,,"13
21
28
14
24
4.5
21
18
21",,,,,,,,,,,,,,,,,,,,,,,,,,,,,,,,,,,,,,,,,,,,,,,,,,,,,,,,,,,,,,,,,,,,,,,,,,,,,,,,,,,,,,,,,,,,,,,,,,,,,,,,,,,,,,,,,,,,,,,,,,,,,,,,,
Panera Bread,"12
8
24
17
15
30
14
28
15
30
16
31
16
11
32",,,"12
8
24
17
15
30
14
28
15
30
16
31
16
11
32",,,,,,,,,,,,,,,,,,,,,,,,,,,,,,,,,,,,,,,,,,,,,,,,,,,,,,,,,,,,,,,,,,,,,,,,,,,,,,,,,,,,,,,,,,,,,,,,,,,,,,,,,,,,,,,,,,,,,,,,,,,,,,,,,
Panera Bread,"0
1
1
0.5
0
0
1
0
1",,,,"0
1
1
0.5
0
0
1
0
1",,,,,,,,,,,,,,,,,,,,,,,,,,,,,,,,,,,,,,,,,,,,,,,,,,,,,,,,,,,,,,,,,,,,,,,,,,,,,,,,,,,,,,,,,,,,,,,,,,,,,,,,,,,,,,,,,,,,,,,,,,,,,,,,
Panera Bread,"0
0
0
0
0
0.5
0
0
0
0
0
1
0
0
0.5",,,,"0
0
0
0
0
0.5
0
0
0
0
0
1
0
0
0.5",,,,,,,,,,,,,,,,,,,,,,,,,,,,,,,,,,,,,,,,,,,,,,,,,,,,,,,,,,,,,,,,,,,,,,,,,,,,,,,,,,,,,,,,,,,,,,,,,,,,,,,,,,,,,,,,,,,,,,,,,,,,,,,,
Panera Bread,"170
860
300
320
180
85
200
400
210",,,,,"170
860
300
320
180
85
200
400
210",,,,,,,,,,,,,,,,,,,,,,,,,,,,,,,,,,,,,,,,,,,,,,,,,,,,,,,,,,,,,,,,,,,,,,,,,,,,,,,,,,,,,,,,,,,,,,,,,,,,,,,,,,,,,,,,,,,,,,,,,,,,,,,
Panera Bread,"510
510
1030
1030
660
1330
380
760
440
870
720
1440
480
480
960",,,,,"510
510
1030
1030
660
1330
380
760
440
870
720
1440
480
480
960",,,,,,,,,,,,,,,,,,,,,,,,,,,,,,,,,,,,,,,,,,,,,,,,,,,,,,,,,,,,,,,,,,,,,,,,,,,,,,,,,,,,,,,,,,,,,,,,,,,,,,,,,,,,,,,,,,,,,,,,,,,,,,,
Panera Bread,"2
2
3
1
3
0
1
2
1",,,,,,"2
2
3
1
3
0
1
2
1",,,,,,,,,,,,,,,,,,,,,,,,,,,,,,,,,,,,,,,,,,,,,,,,,,,,,,,,,,,,,,,,,,,,,,,,,,,,,,,,,,,,,,,,,,,,,,,,,,,,,,,,,,,,,,,,,,,,,,,,,,,,,,
Panera Bread,"3
2
5
4
4
8
4
8
2
4
2
4
2
2
5",,,,,,"3
2
5
4
4
8
4
8
2
4
2
4
2
2
5",,,,,,,,,,,,,,,,,,,,,,,,,,,,,,,,,,,,,,,,,,,,,,,,,,,,,,,,,,,,,,,,,,,,,,,,,,,,,,,,,,,,,,,,,,,,,,,,,,,,,,,,,,,,,,,,,,,,,,,,,,,,,,
Panera Bread,"4
8
9
6
6
1
4
7
4",,,,,,,"4
8
9
6
6
1
4
7
4",,,,,,,,,,,,,,,,,,,,,,,,,,,,,,,,,,,,,,,,,,,,,,,,,,,,,,,,,,,,,,,,,,,,,,,,,,,,,,,,,,,,,,,,,,,,,,,,,,,,,,,,,,,,,,,,,,,,,,,,,,,,,
Panera Bread,"17
16
35
32
20
39
6
12
6
12
19
39
17
16
33",,,,,,,"17
16
35
32
20
39
6
12
6
12
19
39
17
16
33",,,,,,,,,,,,,,,,,,,,,,,,,,,,,,,,,,,,,,,,,,,,,,,,,,,,,,,,,,,,,,,,,,,,,,,,,,,,,,,,,,,,,,,,,,,,,,,,,,,,,,,,,,,,,,,,,,,,,,,,,,,,,
Panera Bread,"450
210
420
270
550
250
510
340
670
270
540
230
460
330
670","450
210
420
270
550
250
510
340
670
270
540
230
460
330
670",,,,,,,,,,,,,,,,,,,,,,,,,,,,,,,,,,,,,,,,,,,,,,,,,,,,,,,,,,,,,,,,,,,,,,,,,,,,,,,,,,,,,,,,,,,,,,,,,,,,,,,,,,,,,,,,,,,,,,,,,,,,,,,,,,,
Panera Bread,"580
590
660
430
860","580
590
660
430
860",,,,,,,,,,,,,,,,,,,,,,,,,,,,,,,,,,,,,,,,,,,,,,,,,,,,,,,,,,,,,,,,,,,,,,,,,,,,,,,,,,,,,,,,,,,,,,,,,,,,,,,,,,,,,,,,,,,,,,,,,,,,,,,,,,,
Panera Bread,"22
18
36
19
38
14
29
20
40
19
39
19
37
22
44",,,"22
18
36
19
38
14
29
20
40
19
39
19
37
22
44",,,,,,,,,,,,,,,,,,,,,,,,,,,,,,,,,,,,,,,,,,,,,,,,,,,,,,,,,,,,,,,,,,,,,,,,,,,,,,,,,,,,,,,,,,,,,,,,,,,,,,,,,,,,,,,,,,,,,,,,,,,,,,,,,
Panera Bread,"24
23
31
21
42",,,"24
23
31
21
42",,,,,,,,,,,,,,,,,,,,,,,,,,,,,,,,,,,,,,,,,,,,,,,,,,,,,,,,,,,,,,,,,,,,,,,,,,,,,,,,,,,,,,,,,,,,,,,,,,,,,,,,,,,,,,,,,,,,,,,,,,,,,,,,,
Panera Bread,"0.5
0
0
0
0.5
0
0
0
0.5
0
0
0
0
0
0.5",,,,"0.5
0
0
0
0.5
0
0
0
0.5
0
0
0
0
0
0.5",,,,,,,,,,,,,,,,,,,,,,,,,,,,,,,,,,,,,,,,,,,,,,,,,,,,,,,,,,,,,,,,,,,,,,,,,,,,,,,,,,,,,,,,,,,,,,,,,,,,,,,,,,,,,,,,,,,,,,,,,,,,,,,,
Panera Bread,"0.5
0.5
0
0
0.5",,,,"0.5
0.5
0
0
0.5",,,,,,,,,,,,,,,,,,,,,,,,,,,,,,,,,,,,,,,,,,,,,,,,,,,,,,,,,,,,,,,,,,,,,,,,,,,,,,,,,,,,,,,,,,,,,,,,,,,,,,,,,,,,,,,,,,,,,,,,,,,,,,,,
Panera Bread,"960
570
1130
850
1700
590
1180
700
1390
410
820
480
950
520
1050",,,,,"960
570
1130
850
1700
590
1180
700
1390
410
820
480
950
520
1050",,,,,,,,,,,,,,,,,,,,,,,,,,,,,,,,,,,,,,,,,,,,,,,,,,,,,,,,,,,,,,,,,,,,,,,,,,,,,,,,,,,,,,,,,,,,,,,,,,,,,,,,,,,,,,,,,,,,,,,,,,,,,,,
Panera Bread,"1020
1340
1510
1330
2650",,,,,"1020
1340
1510
1330
2650",,,,,,,,,,,,,,,,,,,,,,,,,,,,,,,,,,,,,,,,,,,,,,,,,,,,,,,,,,,,,,,,,,,,,,,,,,,,,,,,,,,,,,,,,,,,,,,,,,,,,,,,,,,,,,,,,,,,,,,,,,,,,,,
Panera Bread,"4
2
4
2
4
3
7
3
6
3
6
1
3
5
9",,,,,,"4
2
4
2
4
3
7
3
6
3
6
1
3
5
9",,,,,,,,,,,,,,,,,,,,,,,,,,,,,,,,,,,,,,,,,,,,,,,,,,,,,,,,,,,,,,,,,,,,,,,,,,,,,,,,,,,,,,,,,,,,,,,,,,,,,,,,,,,,,,,,,,,,,,,,,,,,,,
Panera Bread,"2
3
2
2
3",,,,,,"2
3
2
2
3",,,,,,,,,,,,,,,,,,,,,,,,,,,,,,,,,,,,,,,,,,,,,,,,,,,,,,,,,,,,,,,,,,,,,,,,,,,,,,,,,,,,,,,,,,,,,,,,,,,,,,,,,,,,,,,,,,,,,,,,,,,,,,
Panera Bread,"32
4
8
18
35
21
43
19
38
5
11
8
16
17
34",,,,,,,"32
4
8
18
35
21
43
19
38
5
11
8
16
17
34",,,,,,,,,,,,,,,,,,,,,,,,,,,,,,,,,,,,,,,,,,,,,,,,,,,,,,,,,,,,,,,,,,,,,,,,,,,,,,,,,,,,,,,,,,,,,,,,,,,,,,,,,,,,,,,,,,,,,,,,,,,,,
Panera Bread,"32
39
38
24
47",,,,,,,"32
39
38
24
47",,,,,,,,,,,,,,,,,,,,,,,,,,,,,,,,,,,,,,,,,,,,,,,,,,,,,,,,,,,,,,,,,,,,,,,,,,,,,,,,,,,,,,,,,,,,,,,,,,,,,,,,,,,,,,,,,,,,,,,,,,,,,
Panera Bread,"450
900
460
920
520
1040
330
670
410
810
450
900
250
490
370
730
430","450
900
460
920
520
1040
330
670
410
810
450
900
250
490
370
730
430",,,,,,,,,,,,,,,,,,,,,,,,,,,,,,,,,,,,,,,,,,,,,,,,,,,,,,,,,,,,,,,,,,,,,,,,,,,,,,,,,,,,,,,,,,,,,,,,,,,,,,,,,,,,,,,,,,,,,,,,,,,,,,,,,,,
Panera Bread,"22
43
24
49
26
52
18
36
22
44
27
54
7
14
10
20
16",,,"22
43
24
49
26
52
18
36
22
44
27
54
7
14
10
20
16",,,,,,,,,,,,,,,,,,,,,,,,,,,,,,,,,,,,,,,,,,,,,,,,,,,,,,,,,,,,,,,,,,,,,,,,,,,,,,,,,,,,,,,,,,,,,,,,,,,,,,,,,,,,,,,,,,,,,,,,,,,,,,,,,
Panera Bread,"0
1
0
0.5
0
0.5
0
0
1
1.5
0
1
0
0
0
0
0.5",,,,"0
1
0
0.5
0
0.5
0
0
1
1.5
0
1
0
0
0
0
0.5",,,,,,,,,,,,,,,,,,,,,,,,,,,,,,,,,,,,,,,,,,,,,,,,,,,,,,,,,,,,,,,,,,,,,,,,,,,,,,,,,,,,,,,,,,,,,,,,,,,,,,,,,,,,,,,,,,,,,,,,,,,,,,,,
Panera Bread,"1140
2280
1240
2470
940
1880
390
790
1280
2570
820
1640
650
1300
1130
2250
950",,,,,"1140
2280
1240
2470
940
1880
390
790
1280
2570
820
1640
650
1300
1130
2250
950",,,,,,,,,,,,,,,,,,,,,,,,,,,,,,,,,,,,,,,,,,,,,,,,,,,,,,,,,,,,,,,,,,,,,,,,,,,,,,,,,,,,,,,,,,,,,,,,,,,,,,,,,,,,,,,,,,,,,,,,,,,,,,,
Panera Bread,"1
3
3
7
2
5
2
4
1
2
3
6
3
6
2
4
2",,,,,,"1
3
3
7
2
5
2
4
1
2
3
6
3
6
2
4
2",,,,,,,,,,,,,,,,,,,,,,,,,,,,,,,,,,,,,,,,,,,,,,,,,,,,,,,,,,,,,,,,,,,,,,,,,,,,,,,,,,,,,,,,,,,,,,,,,,,,,,,,,,,,,,,,,,,,,,,,,,,,,,
Panera Bread,"27
54
24
48
26
53
13
26
16
33
25
50
9
18
25
49
27",,,,,,,"27
54
24
48
26
53
13
26
16
33
25
50
9
18
25
49
27",,,,,,,,,,,,,,,,,,,,,,,,,,,,,,,,,,,,,,,,,,,,,,,,,,,,,,,,,,,,,,,,,,,,,,,,,,,,,,,,,,,,,,,,,,,,,,,,,,,,,,,,,,,,,,,,,,,,,,,,,,,,,
Panera Bread,"850
390
790
450
890
640
1280
380
760
270
550
410
810
580
1130
510
910","850
390
790
450
890
640
1280
380
760
270
550
410
810
580
1130
510
910",,,,,,,,,,,,,,,,,,,,,,,,,,,,,,,,,,,,,,,,,,,,,,,,,,,,,,,,,,,,,,,,,,,,,,,,,,,,,,,,,,,,,,,,,,,,,,,,,,,,,,,,,,,,,,,,,,,,,,,,,,,,,,,,,,,
Panera Bread,"240
810","240
810",,,,,,,,,,,,,,,,,,,,,,,,,,,,,,,,,,,,,,,,,,,,,,,,,,,,,,,,,,,,,,,,,,,,,,,,,,,,,,,,,,,,,,,,,,,,,,,,,,,,,,,,,,,,,,,,,,,,,,,,,,,,,,,,,,,
Panera Bread,"32
18
36
24
47
32
64
23
47
14
28
24
49
28
56
22
36",,,"32
18
36
24
47
32
64
23
47
14
28
24
49
28
56
22
36",,,,,,,,,,,,,,,,,,,,,,,,,,,,,,,,,,,,,,,,,,,,,,,,,,,,,,,,,,,,,,,,,,,,,,,,,,,,,,,,,,,,,,,,,,,,,,,,,,,,,,,,,,,,,,,,,,,,,,,,,,,,,,,,,
Panera Bread,"16
44",,,"16
44",,,,,,,,,,,,,,,,,,,,,,,,,,,,,,,,,,,,,,,,,,,,,,,,,,,,,,,,,,,,,,,,,,,,,,,,,,,,,,,,,,,,,,,,,,,,,,,,,,,,,,,,,,,,,,,,,,,,,,,,,,,,,,,,,
Panera Bread,"1
0
0.5
0
0.5
0
0
0
0
0
0
0
0
0
1
0.5
1",,,,"1
0
0.5
0
0.5
0
0
0
0
0
0
0
0
0
1
0.5
1",,,,,,,,,,,,,,,,,,,,,,,,,,,,,,,,,,,,,,,,,,,,,,,,,,,,,,,,,,,,,,,,,,,,,,,,,,,,,,,,,,,,,,,,,,,,,,,,,,,,,,,,,,,,,,,,,,,,,,,,,,,,,,,,
Panera Bread,"1.5
1.5",,,,"1.5
1.5",,,,,,,,,,,,,,,,,,,,,,,,,,,,,,,,,,,,,,,,,,,,,,,,,,,,,,,,,,,,,,,,,,,,,,,,,,,,,,,,,,,,,,,,,,,,,,,,,,,,,,,,,,,,,,,,,,,,,,,,,,,,,,,,
Panera Bread,"1890
1180
2360
650
1310
2100
4200
800
1600
530
1060
1080
2160
1640
2820
1330
2320",,,,,"1890
1180
2360
650
1310
2100
4200
800
1600
530
1060
1080
2160
1640
2820
1330
2320",,,,,,,,,,,,,,,,,,,,,,,,,,,,,,,,,,,,,,,,,,,,,,,,,,,,,,,,,,,,,,,,,,,,,,,,,,,,,,,,,,,,,,,,,,,,,,,,,,,,,,,,,,,,,,,,,,,,,,,,,,,,,,,
Panera Bread,"1010
2570",,,,,"1010
2570",,,,,,,,,,,,,,,,,,,,,,,,,,,,,,,,,,,,,,,,,,,,,,,,,,,,,,,,,,,,,,,,,,,,,,,,,,,,,,,,,,,,,,,,,,,,,,,,,,,,,,,,,,,,,,,,,,,,,,,,,,,,,,,
Panera Bread,"4
2
4
2
4
2
4
2
3
2
4
1
3
2
5
2
4",,,,,,"4
2
4
2
4
2
4
2
3
2
4
1
3
2
5
2
4",,,,,,,,,,,,,,,,,,,,,,,,,,,,,,,,,,,,,,,,,,,,,,,,,,,,,,,,,,,,,,,,,,,,,,,,,,,,,,,,,,,,,,,,,,,,,,,,,,,,,,,,,,,,,,,,,,,,,,,,,,,,,,
Panera Bread,"1
2",,,,,,"1
2",,,,,,,,,,,,,,,,,,,,,,,,,,,,,,,,,,,,,,,,,,,,,,,,,,,,,,,,,,,,,,,,,,,,,,,,,,,,,,,,,,,,,,,,,,,,,,,,,,,,,,,,,,,,,,,,,,,,,,,,,,,,,,
Panera Bread,"54
23
45
16
32
30
60
11
21
12
24
21
41
35
69
28
56",,,,,,,"54
23
45
16
32
30
60
11
21
12
24
21
41
35
69
28
56",,,,,,,,,,,,,,,,,,,,,,,,,,,,,,,,,,,,,,,,,,,,,,,,,,,,,,,,,,,,,,,,,,,,,,,,,,,,,,,,,,,,,,,,,,,,,,,,,,,,,,,,,,,,,,,,,,,,,,,,,,,,,
Panera Bread,"8
33",,,,,,,"8
33",,,,,,,,,,,,,,,,,,,,,,,,,,,,,,,,,,,,,,,,,,,,,,,,,,,,,,,,,,,,,,,,,,,,,,,,,,,,,,,,,,,,,,,,,,,,,,,,,,,,,,,,,,,,,,,,,,,,,,,,,,,,,
Panera Bread,"650
670
480","650
670
480",,"25
25
32","0.5
1
1","2520
2480
1150","2
2
0","39
42
16",,,,,,,,,,,,,,,,,,,,,,,,,,,,,,,,,,,,,,,,,,,,,,,,,,,,,,,,,,,,,,,,,,,,,,,,,,,,,,,,,,,,,,,,,,,,,,,,,,,,,,,,,,,,,,,,,,,,,,,,,,,,,
Panera Bread,"80
90
180
60
250
150
5","80
90
180
60
250
150
5","16
12
1
9
17
<1
0","0
0
0.5
0
9
9
0","0
0
0
0
0
0
0","0
0
450
20
80
75
240","5
3
1
1
2
0
0","0
1
7
1
16
2
0",,,,,,,,,,,,,,,,,,,,,,,,,,,,,,,,,,,,,,,,,,,,,,,,,,,,,,,,,,,,,,,,,,,,,,,,,,,,,,,,,,,,,,,,,,,,,,,,,,,,,,,,,,,,,,,,,,,,,,,,,,,,,
Panera Bread,"1200
2110
1060
530
720
860
280
190
360
240
910
840
280","1200
2110
1060
530
720
860
280
190
360
240
910
840
280",,"41
145
73
36
32
13
12
8
24
16
20
55
16","1
4.5
2
1
1
0
0
0
2.5
1.5
1.5
6
0.5","2500
5310
2680
1340
4770
2490
1990
1330
1520
1010
2170
3540
1410","4
0
0
0
2
5
1
1
1
1
5
3
3","45
74
37
18
24
33
9
6
13
8
35
29
8",,,,,,,,,,,,,,,,,,,,,,,,,,,,,,,,,,,,,,,,,,,,,,,,,,,,,,,,,,,,,,,,,,,,,,,,,,,,,,,,,,,,,,,,,,,,,,,,,,,,,,,,,,,,,,,,,,,,,,,,,,,,,
Panera Bread,"860
190
650
410
940
270
950
180
790
120
430
1150
1930
960
480
340
890
220
790
330
880
210
760
370
250
900
920","860
190
650
410
940
270
950
180
790
120
430
1150
1930
960
480
340
890
220
790
330
880
210
760
370
250
900
920",,,,,,,,,,,,,,,,,,,,,,,,,,,,,,,,,,,,,,,,,,,,,,,,,,,,,,,,,,,,,,,,,,,,,,,,,,,,,,,,,,,,,,,,,,,,,,,,,,,,,,,,,,,,,,,,,,,,,,,,,,,,,,,,,,,
Panera Bread,"15
10
36
15
14
10
35
4.5
7
3
10
36
128
64
32
25
20
16
56
16
15
11
38
23
16
56
20",,,"15
10
36
15
14
10
35
4.5
7
3
10
36
128
64
32
25
20
16
56
16
15
11
38
23
16
56
20",,,,,,,,,,,,,,,,,,,,,,,,,,,,,,,,,,,,,,,,,,,,,,,,,,,,,,,,,,,,,,,,,,,,,,,,,,,,,,,,,,,,,,,,,,,,,,,,,,,,,,,,,,,,,,,,,,,,,,,,,,,,,,,,,
Panera Bread,"0
0
1.5
0
0
0
0
0
0
0
0
1
4
2
1
0
0
0
0
0
0
0
0
0.5
0
1.5
0",,,,"0
0
1.5
0
0
0
0
0
0
0
0
1
4
2
1
0
0
0
0
0
0
0
0
0.5
0
1.5
0",,,,,,,,,,,,,,,,,,,,,,,,,,,,,,,,,,,,,,,,,,,,,,,,,,,,,,,,,,,,,,,,,,,,,,,,,,,,,,,,,,,,,,,,,,,,,,,,,,,,,,,,,,,,,,,,,,,,,,,,,,,,,,,,
Panera Bread,"2100
940
3280
1730
2310
1150
4030
1560
2200
1040
3640
2310
4590
2300
1150
1330
2030
870
3060
1210
1960
800
2810
1120
770
2710
1930",,,,,"2100
940
3280
1730
2310
1150
4030
1560
2200
1040
3640
2310
4590
2300
1150
1330
2030
870
3060
1210
1960
800
2810
1120
770
2710
1930",,,,,,,,,,,,,,,,,,,,,,,,,,,,,,,,,,,,,,,,,,,,,,,,,,,,,,,,,,,,,,,,,,,,,,,,,,,,,,,,,,,,,,,,,,,,,,,,,,,,,,,,,,,,,,,,,,,,,,,,,,,,,,,
Panera Bread,"6
2
6
9
11
6
22
1
5
1
3
4
0
0
0
4
7
3
9
5
8
3
11
1
1
2
5",,,,,,"6
2
6
9
11
6
22
1
5
1
3
4
0
0
0
4
7
3
9
5
8
3
11
1
1
2
5",,,,,,,,,,,,,,,,,,,,,,,,,,,,,,,,,,,,,,,,,,,,,,,,,,,,,,,,,,,,,,,,,,,,,,,,,,,,,,,,,,,,,,,,,,,,,,,,,,,,,,,,,,,,,,,,,,,,,,,,,,,,,,
Panera Bread,"32
5
18
19
40
13
45
14
36
10
33
43
65
32
16
12
34
7
26
8
32
5
19
4
3
10
30",,,,,,,"32
5
18
19
40
13
45
14
36
10
33
43
65
32
16
12
34
7
26
8
32
5
19
4
3
10
30",,,,,,,,,,,,,,,,,,,,,,,,,,,,,,,,,,,,,,,,,,,,,,,,,,,,,,,,,,,,,,,,,,,,,,,,,,,,,,,,,,,,,,,,,,,,,,,,,,,,,,,,,,,,,,,,,,,,,,,,,,,,,
Panera Bread,,,,,,,,,,,,,,,,,,,,,,,,,,,,,,,,,,,,,,,,,,,,,,,,,,,,,,,,,,,,,,,,,,,,,,,,,,,,,,,,,,,,,,,,,,,,,,,,,,,,,,,,,,,,,,,,,,,,,,,,,,,,,,,,,,,,,
Panera Bread,"35
2270
1850
1140
930
160
1610
810
320
120
230
1190
600
3000
1500
2340","35
2270
1850
1140
930
160
1610
810
320
120
230
1190
600
3000
1500
2340",,,,,,,,,,,,,,,,,,,,,,,,,,,,,,,,,,,,,,,,,,,,,,,,,,,,,,,,,,,,,,,,,,,,,,,,,,,,,,,,,,,,,,,,,,,,,,,,,,,,,,,,,,,,,,,,,,,,,,,,,,,,,,,,,,,
Panera Bread,,,,,,,,,,,,,,,,,,,,,,,,,,,,,,,,,,,,,,,,,,,,,,,,,,,,,,,,,,,,,,,,,,,,,,,,,,,,,,,,,,,,,,,,,,,,,,,,,,,,,,,,,,,,,,,,,,,,,,,,,,,,,,,,,,,,,
Panera Bread,"4
122
85
61
42
11
113
56
23
8
15
76
38
149
74
140",,,"4
122
85
61
42
11
113
56
23
8
15
76
38
149
74
140",,,,,,,,,,,,,,,,,,,,,,,,,,,,,,,,,,,,,,,,,,,,,,,,,,,,,,,,,,,,,,,,,,,,,,,,,,,,,,,,,,,,,,,,,,,,,,,,,,,,,,,,,,,,,,,,,,,,,,,,,,,,,,,,,
Panera Bread,,,,,,,,,,,,,,,,,,,,,,,,,,,,,,,,,,,,,,,,,,,,,,,,,,,,,,,,,,,,,,,,,,,,,,,,,,,,,,,,,,,,,,,,,,,,,,,,,,,,,,,,,,,,,,,,,,,,,,,,,,,,,,,,,,,,,
Panera Bread,"0
2.5
2.5
1
1
0
0.5
0
0
0
0
0.5
0
2.5
1.5
0.5",,,,"0
2.5
2.5
1
1
0
0.5
0
0
0
0
0.5
0
2.5
1.5
0.5",,,,,,,,,,,,,,,,,,,,,,,,,,,,,,,,,,,,,,,,,,,,,,,,,,,,,,,,,,,,,,,,,,,,,,,,,,,,,,,,,,,,,,,,,,,,,,,,,,,,,,,,,,,,,,,,,,,,,,,,,,,,,,,,
Panera Bread,,,,,,,,,,,,,,,,,,,,,,,,,,,,,,,,,,,,,,,,,,,,,,,,,,,,,,,,,,,,,,,,,,,,,,,,,,,,,,,,,,,,,,,,,,,,,,,,,,,,,,,,,,,,,,,,,,,,,,,,,,,,,,,,,,,,,
Panera Bread,"35
5160
5160
2580
2580
230
2320
1160
460
230
460
2320
1160
6740
3370
3900",,,,,"35
5160
5160
2580
2580
230
2320
1160
460
230
460
2320
1160
6740
3370
3900",,,,,,,,,,,,,,,,,,,,,,,,,,,,,,,,,,,,,,,,,,,,,,,,,,,,,,,,,,,,,,,,,,,,,,,,,,,,,,,,,,,,,,,,,,,,,,,,,,,,,,,,,,,,,,,,,,,,,,,,,,,,,,,
Panera Bread,,,,,,,,,,,,,,,,,,,,,,,,,,,,,,,,,,,,,,,,,,,,,,,,,,,,,,,,,,,,,,,,,,,,,,,,,,,,,,,,,,,,,,,,,,,,,,,,,,,,,,,,,,,,,,,,,,,,,,,,,,,,,,,,,,,,,
Panera Bread,"0
30
22
15
11
3
30
15
5
2
4
22
11
44
22
44",,,,,,"0
30
22
15
11
3
30
15
5
2
4
22
11
44
22
44",,,,,,,,,,,,,,,,,,,,,,,,,,,,,,,,,,,,,,,,,,,,,,,,,,,,,,,,,,,,,,,,,,,,,,,,,,,,,,,,,,,,,,,,,,,,,,,,,,,,,,,,,,,,,,,,,,,,,,,,,,,,,,
Panera Bread,,,,,,,,,,,,,,,,,,,,,,,,,,,,,,,,,,,,,,,,,,,,,,,,,,,,,,,,,,,,,,,,,,,,,,,,,,,,,,,,,,,,,,,,,,,,,,,,,,,,,,,,,,,,,,,,,,,,,,,,,,,,,,,,,,,,,
Panera Bread,"0
175
160
88
80
4
39
19
7
2
4
24
12
197
99
61",,,,,,,"0
175
160
88
80
4
39
19
7
2
4
24
12
197
99
61",,,,,,,,,,,,,,,,,,,,,,,,,,,,,,,,,,,,,,,,,,,,,,,,,,,,,,,,,,,,,,,,,,,,,,,,,,,,,,,,,,,,,,,,,,,,,,,,,,,,,,,,,,,,,,,,,,,,,,,,,,,,,
Panera Bread,"1170
2280
1140
2940
1470
90
1060
550
280
210
2320
1160
430
160
1790
900
320
1230
2990
1490","1170
2280
1140
2940
1470
90
1060
550
280
210
2320
1160
430
160
1790
900
320
1230
2990
1490",,,,,,,,,,,,,,,,,,,,,,,,,,,,,,,,,,,,,,,,,,,,,,,,,,,,,,,,,,,,,,,,,,,,,,,,,,,,,,,,,,,,,,,,,,,,,,,,,,,,,,,,,,,,,,,,,,,,,,,,,,,,,,,,,,,
Panera Bread,"70
167
83
176
88
10
3.5
2
1
15
163
82
30
10
112
56
20
60
172
86",,,"70
167
83
176
88
10
3.5
2
1
15
163
82
30
10
112
56
20
60
172
86",,,,,,,,,,,,,,,,,,,,,,,,,,,,,,,,,,,,,,,,,,,,,,,,,,,,,,,,,,,,,,,,,,,,,,,,,,,,,,,,,,,,,,,,,,,,,,,,,,,,,,,,,,,,,,,,,,,,,,,,,,,,,,,,,
Panera Bread,"0
2.5
1.5
4.5
2
0
0
0
0
0
1.5
1
0
0
1.5
1
0
2
3.5
2",,,,"0
2.5
1.5
4.5
2
0
0
0
0
0
1.5
1
0
0
1.5
1
0
2
3.5
2",,,,,,,,,,,,,,,,,,,,,,,,,,,,,,,,,,,,,,,,,,,,,,,,,,,,,,,,,,,,,,,,,,,,,,,,,,,,,,,,,,,,,,,,,,,,,,,,,,,,,,,,,,,,,,,,,,,,,,,,,,,,,,,,
Panera Bread,"1950
4680
2340
7510
3760
125
2700
190
95
190
2140
1070
390
190
2130
1070
390
2480
4970
2490",,,,,"1950
4680
2340
7510
3760
125
2700
190
95
190
2140
1070
390
190
2130
1070
390
2480
4970
2490",,,,,,,,,,,,,,,,,,,,,,,,,,,,,,,,,,,,,,,,,,,,,,,,,,,,,,,,,,,,,,,,,,,,,,,,,,,,,,,,,,,,,,,,,,,,,,,,,,,,,,,,,,,,,,,,,,,,,,,,,,,,,,,
Panera Bread,"22
22
11
22
11
0
8
10
5
2
26
13
5
2
21
11
4
11
26
13",,,,,,"22
22
11
22
11
0
8
10
5
2
26
13
5
2
21
11
4
11
26
13",,,,,,,,,,,,,,,,,,,,,,,,,,,,,,,,,,,,,,,,,,,,,,,,,,,,,,,,,,,,,,,,,,,,,,,,,,,,,,,,,,,,,,,,,,,,,,,,,,,,,,,,,,,,,,,,,,,,,,,,,,,,,,
Panera Bread,"30
61
30
197
99
0
40
9
4
3
31
15
6
2
24
12
5
80
167
84",,,,,,,"30
61
30
197
99
0
40
9
4
3
31
15
6
2
24
12
5
80
167
84",,,,,,,,,,,,,,,,,,,,,,,,,,,,,,,,,,,,,,,,,,,,,,,,,,,,,,,,,,,,,,,,,,,,,,,,,,,,,,,,,,,,,,,,,,,,,,,,,,,,,,,,,,,,,,,,,,,,,,,,,,,,,
Panera Bread,"2450
110
2340
1170
3000
1500
2650
1320
790
3530
1760
2870
1430
2440
1220
3470
1730","2450
110
2340
1170
3000
1500
2650
1320
790
3530
1760
2870
1430
2440
1220
3470
1730",,,,,,,,,,,,,,,,,,,,,,,,,,,,,,,,,,,,,,,,,,,,,,,,,,,,,,,,,,,,,,,,,,,,,,,,,,,,,,,,,,,,,,,,,,,,,,,,,,,,,,,,,,,,,,,,,,,,,,,,,,,,,,,,,,,
Panera Bread,"121
12
207
103
216
108
151
75
48
220
110
211
105
198
99
234
117",,,"121
12
207
103
216
108
151
75
48
220
110
211
105
198
99
234
117",,,,,,,,,,,,,,,,,,,,,,,,,,,,,,,,,,,,,,,,,,,,,,,,,,,,,,,,,,,,,,,,,,,,,,,,,,,,,,,,,,,,,,,,,,,,,,,,,,,,,,,,,,,,,,,,,,,,,,,,,,,,,,,,,
Panera Bread,"3.5
0
1.5
1
3.5
1.5
2.5
1
0
3
1.5
1
0
1.5
1
3.5
1.5",,,,"3.5
0
1.5
1
3.5
1.5
2.5
1
0
3
1.5
1
0
1.5
1
3.5
1.5",,,,,,,,,,,,,,,,,,,,,,,,,,,,,,,,,,,,,,,,,,,,,,,,,,,,,,,,,,,,,,,,,,,,,,,,,,,,,,,,,,,,,,,,,,,,,,,,,,,,,,,,,,,,,,,,,,,,,,,,,,,,,,,,
Panera Bread,"4970
75
6080
3040
8920
4460
6090
3040
2200
7030
3510
4190
2100
4960
2480
5420
2710",,,,,"4970
75
6080
3040
8920
4460
6090
3040
2200
7030
3510
4190
2100
4960
2480
5420
2710",,,,,,,,,,,,,,,,,,,,,,,,,,,,,,,,,,,,,,,,,,,,,,,,,,,,,,,,,,,,,,,,,,,,,,,,,,,,,,,,,,,,,,,,,,,,,,,,,,,,,,,,,,,,,,,,,,,,,,,,,,,,,,,
Panera Bread,"21
0
25
13
25
13
35
18
3
33
16
33
16
17
8
49
24",,,,,,"21
0
25
13
25
13
35
18
3
33
16
33
16
17
8
49
24",,,,,,,,,,,,,,,,,,,,,,,,,,,,,,,,,,,,,,,,,,,,,,,,,,,,,,,,,,,,,,,,,,,,,,,,,,,,,,,,,,,,,,,,,,,,,,,,,,,,,,,,,,,,,,,,,,,,,,,,,,,,,,
Panera Bread,"160
0
41
21
178
89
217
108
38
188
94
52
26
79
40
172
86",,,,,,,"160
0
41
21
178
89
217
108
38
188
94
52
26
79
40
172
86",,,,,,,,,,,,,,,,,,,,,,,,,,,,,,,,,,,,,,,,,,,,,,,,,,,,,,,,,,,,,,,,,,,,,,,,,,,,,,,,,,,,,,,,,,,,,,,,,,,,,,,,,,,,,,,,,,,,,,,,,,,,,
Panera Bread,,,,,,,,,,,,,,,,,,,,,,,,,,,,,,,,,,,,,,,,,,,,,,,,,,,,,,,,,,,,,,,,,,,,,,,,,,,,,,,,,,,,,,,,,,,,,,,,,,,,,,,,,,,,,,,,,,,,,,,,,,,,,,,,,,,,,
Panera Bread,"480
460
150
460
470","480
460
150
460
470","6
9
1
5
5","22
18
11
21
23","0
0
0
0
0","1050
1010
125
1160
1250","13
14
0
12
12","35
34
13
33
33",,,,,,,,,,,,,,,,,,,,,,,,,,,,,,,,,,,,,,,,,,,,,,,,,,,,,,,,,,,,,,,,,,,,,,,,,,,,,,,,,,,,,,,,,,,,,,,,,,,,,,,,,,,,,,,,,,,,,,,,,,,,,
Panera Bread,"330
460
660
500
630
530
590","330
460
660
500
630
530
590",,"18
34
38
23
30
30
35","0
0.5
1
0
0.5
0
0.5","1480
1330
2050
1410
1780
1290
2020","3
3
2
4
2
2
3","15
7
19
12
25
15
26",,,,,,,,,,,,,,,,,,,,,,,,,,,,,,,,,,,,,,,,,,,,,,,,,,,,,,,,,,,,,,,,,,,,,,,,,,,,,,,,,,,,,,,,,,,,,,,,,,,,,,,,,,,,,,,,,,,,,,,,,,,,,
Domino's,"Using the Food Pyramid as guide, Domino’s Pizza can be part of a healthy, balanced diet.
Because pizza is customizable, it is possible to enjoy a variety of foods (bread, vegetables, cheese
and meats) on a single slice.
We choose our ingredients on the basis of safety, taste and nutritional content to bring our
consumers what they want. Domino’s Pizza dedicates its attention, energy, and resources to one
mission: deliver a delicious, hot, and fresh pizza every time.
If you require detailed information, use Domino’s online Cal-o-meter: www.dominos.com > Nutritional Info.",,,,,,,,"Using the Food Pyramid as guide, Domino’s Pizza can be part of a healthy, balanced diet.
Because pizza is customizable, it is possible to enjoy a variety of foods (bread, vegetables, cheese
and meats) on a single slice.
We choose our ingredients on the basis of safety, taste and nutritional content to bring our
consumers what they want. Domino’s Pizza dedicates its attention, energy, and resources to one
mission: deliver a delicious, hot, and fresh pizza every time.
If you require detailed information, use Domino’s online Cal-o-meter: www.dominos.com > Nutritional Info.",,,,,,,,,,,,,,,,,,,,,,,,,,,,,,,,,,,,,,,,,,,,,,,,,,,,,,,,,,,,,,,,,,,,,,,,,,,,,,,,,,,,,,,,,,,,,,,,,,,,,,,,,,,,,,,,,,,,,,,,,,,,
Domino's,Crunchy Thin Crust,,,,,,,,,Crunchy Thin Crust,,,,,,,,,,,,,,,,,,,,,,,,,,,,,,,,,,,,,,,,,,,,,,,,,,,,,,,,,,,,,,,,,,,,,,,,,,,,,,,,,,,,,,,,,,,,,,,,,,,,,,,,,,,,,,,,,,,,,,,,,,,
Domino's,Hand Tossed,,,,,,,,,Hand Tossed,,,,,,,,,,,,,,,,,,,,,,,,,,,,,,,,,,,,,,,,,,,,,,,,,,,,,,,,,,,,,,,,,,,,,,,,,,,,,,,,,,,,,,,,,,,,,,,,,,,,,,,,,,,,,,,,,,,,,,,,,,,
Domino's,Handmade Pan Pizza,,,,,,,,,Handmade Pan Pizza,,,,,,,,,,,,,,,,,,,,,,,,,,,,,,,,,,,,,,,,,,,,,,,,,,,,,,,,,,,,,,,,,,,,,,,,,,,,,,,,,,,,,,,,,,,,,,,,,,,,,,,,,,,,,,,,,,,,,,,,,,,
Domino's,Brooklyn Style,,,,,,,,,Brooklyn Style,,,,,,,,,,,,,,,,,,,,,,,,,,,,,,,,,,,,,,,,,,,,,,,,,,,,,,,,,,,,,,,,,,,,,,,,,,,,,,,,,,,,,,,,,,,,,,,,,,,,,,,,,,,,,,,,,,,,,,,,,,,
Domino's,Gluten Free Crust,,,,,,,,,Gluten Free Crust,,,,,,,,,,,,,,,,,,,,,,,,,,,,,,,,,,,,,,,,,,,,,,,,,,,,,,,,,,,,,,,,,,,,,,,,,,,,,,,,,,,,,,,,,,,,,,,,,,,,,,,,,,,,,,,,,,,,,,,,,,,
Domino's,Build Your Own Pizza:,,,,,,,,,Build Your Own Pizza:,Amount for Entire Small Pizza,,,,,,,,,,,,,,,,,,,,,,,,,,,,,,,,,,,,,,,,,,,,,,,,,,,,,,,,,,,,,,,,,,,,,,,,,,,,,,,,,,,,,,,,,,,,,,,,,,,,,,,,,,,,,,,,,,,,,,,,,,
Domino's,"Crust
for entire small pizza",,Hand Tossed,,,,,,,"Crust
for entire small pizza",318,820,170,19,4.5,0,0,930,139,5,7,25,,,,,,,,,,,,,,,,,,,,,,,,,,,,,,,,,,,,,,,,,,,,,,,,,,,,,,,,,,,,,,,,,,,,,,,,,,,,,,,,,,,,,,,,,,,,,,,,,,,,,,,,,,,,,,,
Domino's,,,Crunchy Thin Crust,,,,,,,,128,490,170,19,3,0,5,85,67,3,4,12,,,,,,,,,,,,,,,,,,,,,,,,,,,,,,,,,,,,,,,,,,,,,,,,,,,,,,,,,,,,,,,,,,,,,,,,,,,,,,,,,,,,,,,,,,,,,,,,,,,,,,,,,,,,,,,
Domino's,,,Pan Pizza,,,,,,,,n/a,n/a,n/a,n/a,n/a,n/a,n/a,n/a,n/a,n/a,n/a,n/a,,,,,,,,,,,,,,,,,,,,,,,,,,,,,,,,,,,,,,,,,,,,,,,,,,,,,,,,,,,,,,,,,,,,,,,,,,,,,,,,,,,,,,,,,,,,,,,,,,,,,,,,,,,,,,,
Domino's,,,Brooklyn Style,,,,,,,,n/a,n/a,n/a,n/a,n/a,n/a,n/a,n/a,n/a,n/a,n/a,n/a,,,,,,,,,,,,,,,,,,,,,,,,,,,,,,,,,,,,,,,,,,,,,,,,,,,,,,,,,,,,,,,,,,,,,,,,,,,,,,,,,,,,,,,,,,,,,,,,,,,,,,,,,,,,,,,
Domino's,,,Gluten Free Crust,,,,,,,,176,450,130,15,2.0,0.0,0,360,75,3,2,4,,,,,,,,,,,,,,,,,,,,,,,,,,,,,,,,,,,,,,,,,,,,,,,,,,,,,,,,,,,,,,,,,,,,,,,,,,,,,,,,,,,,,,,,,,,,,,,,,,,,,,,,,,,,,,,
Domino's,,,,,,,,,,,,,,,,,,,,,,,,,,,,,,,,,,,,,,,,,,,,,,,,,,,,,,,,,,,,,,,,,,,,,,,,,,,,,,,,,,,,,,,,,,,,,,,,,,,,,,,,,,,,,,,,,,,,,,,,,,,,,,,,,,,,,
Domino's,"Sauce
for entire small pizza",,Robust Tomato,,,,,,,"Sauce
for entire small pizza",85,50,0,0,0,0,0,450,10,2,6,2,,,,,,,,,,,,,,,,,,,,,,,,,,,,,,,,,,,,,,,,,,,,,,,,,,,,,,,,,,,,,,,,,,,,,,,,,,,,,,,,,,,,,,,,,,,,,,,,,,,,,,,,,,,,,,,
Domino's,,,BBQ,,,,,,,,43,80,0,0,0,0,0,310,17,1,15,1,,,,,,,,,,,,,,,,,,,,,,,,,,,,,,,,,,,,,,,,,,,,,,,,,,,,,,,,,,,,,,,,,,,,,,,,,,,,,,,,,,,,,,,,,,,,,,,,,,,,,,,,,,,,,,,
Domino's,,,Garlic Parm White,,,,,,,,43,190,180,20,3.5,0,10,340,2,0,1,1,,,,,,,,,,,,,,,,,,,,,,,,,,,,,,,,,,,,,,,,,,,,,,,,,,,,,,,,,,,,,,,,,,,,,,,,,,,,,,,,,,,,,,,,,,,,,,,,,,,,,,,,,,,,,,,
Domino's,,,Marinara,,,,,,,,85,50,15,1.5,0.5,0,5,530,8,1,5,2,,,,,,,,,,,,,,,,,,,,,,,,,,,,,,,,,,,,,,,,,,,,,,,,,,,,,,,,,,,,,,,,,,,,,,,,,,,,,,,,,,,,,,,,,,,,,,,,,,,,,,,,,,,,,,,
Domino's,,,Alfredo,,,,,,,,43,100,90,10,6,0,25,270,3,0,0,2,,,,,,,,,,,,,,,,,,,,,,,,,,,,,,,,,,,,,,,,,,,,,,,,,,,,,,,,,,,,,,,,,,,,,,,,,,,,,,,,,,,,,,,,,,,,,,,,,,,,,,,,,,,,,,,
Domino's,,,,,,,,,,,,,,,,,,,,,,,,,,,,,,,,,,,,,,,,,,,,,,,,,,,,,,,,,,,,,,,,,,,,,,,,,,,,,,,,,,,,,,,,,,,,,,,,,,,,,,,,,,,,,,,,,,,,,,,,,,,,,,,,,,,,,
Domino's,"Cheese
for entire hand tossed
or Crunchy Thin crust
small pizza",,Regular Cheese,,,,,,,"Cheese
for entire hand tossed
or Crunchy Thin crust
small pizza",99,260,180,20,12,0.5,75,870,5,1,1,16,,,,,,,,,,,,,,,,,,,,,,,,,,,,,,,,,,,,,,,,,,,,,,,,,,,,,,,,,,,,,,,,,,,,,,,,,,,,,,,,,,,,,,,,,,,,,,,,,,,,,,,,,,,,,,,
Domino's,,,Cheese Only Pizza,,,,,,,,142,380,250,28,17,1,105,1250,8,1,1,23,,,,,,,,,,,,,,,,,,,,,,,,,,,,,,,,,,,,,,,,,,,,,,,,,,,,,,,,,,,,,,,,,,,,,,,,,,,,,,,,,,,,,,,,,,,,,,,,,,,,,,,,,,,,,,,
Domino's,,,Extra Cheese (w/ toppings),,,,,,,,142,380,250,28,17,1,105,1250,8,1,1,23,,,,,,,,,,,,,,,,,,,,,,,,,,,,,,,,,,,,,,,,,,,,,,,,,,,,,,,,,,,,,,,,,,,,,,,,,,,,,,,,,,,,,,,,,,,,,,,,,,,,,,,,,,,,,,,
Domino's,Toppings for a 1 topping small pizza,,,,,,,,,Toppings for a 1 topping small pizza,Amount for Entire Small Pizza,,,,,,,,,,,,,,,,,,,,,,,,,,,,,,,,,,,,,,,,,,,,,,,,,,,,,,,,,,,,,,,,,,,,,,,,,,,,,,,,,,,,,,,,,,,,,,,,,,,,,,,,,,,,,,,,,,,,,,,,,,
Domino's,Anchovies*,,,,,,,,,Anchovies*,28,60,35,4,0,0,25,1650,31,0,0,6,,,,,,,,,,,,,,,,,,,,,,,,,,,,,,,,,,,,,,,,,,,,,,,,,,,,,,,,,,,,,,,,,,,,,,,,,,,,,,,,,,,,,,,,,,,,,,,,,,,,,,,,,,,,,,,
Domino's,Bacon,,,,,,,,,Bacon,57,270,180,20,7,0,65,1010,5,0,2,16,,,,,,,,,,,,,,,,,,,,,,,,,,,,,,,,,,,,,,,,,,,,,,,,,,,,,,,,,,,,,,,,,,,,,,,,,,,,,,,,,,,,,,,,,,,,,,,,,,,,,,,,,,,,,,,
Domino's,Banana Peppers,,,,,,,,,Banana Peppers,43,15,0,0,0,0,0,200,2,1,2,1,,,,,,,,,,,,,,,,,,,,,,,,,,,,,,,,,,,,,,,,,,,,,,,,,,,,,,,,,,,,,,,,,,,,,,,,,,,,,,,,,,,,,,,,,,,,,,,,,,,,,,,,,,,,,,,
Domino's,Beef,,,,,,,,,Beef,71,220,170,18,8,0,50,400,0,0,0,11,,,,,,,,,,,,,,,,,,,,,,,,,,,,,,,,,,,,,,,,,,,,,,,,,,,,,,,,,,,,,,,,,,,,,,,,,,,,,,,,,,,,,,,,,,,,,,,,,,,,,,,,,,,,,,,
Domino's,eseehC,,,,,,,,,eseehC,57,210,150,17,11,0.5,50,1020,2,0,1,11,,,,,,,,,,,,,,,,,,,,,,,,,,,,,,,,,,,,,,,,,,,,,,,,,,,,,,,,,,,,,,,,,,,,,,,,,,,,,,,,,,,,,,,,,,,,,,,,,,,,,,,,,,,,,,,
Domino's,,,,,,,,,,,28,110,80,9,6,0,30,180,0,0,0,7,,,,,,,,,,,,,,,,,,,,,,,,,,,,,,,,,,,,,,,,,,,,,,,,,,,,,,,,,,,,,,,,,,,,,,,,,,,,,,,,,,,,,,,,,,,,,,,,,,,,,,,,,,,,,,,
Domino's,,,,,,,,,,,28,60,35,4,2.5,0,10,250,1,0,0,5,,,,,,,,,,,,,,,,,,,,,,,,,,,,,,,,,,,,,,,,,,,,,,,,,,,,,,,,,,,,,,,,,,,,,,,,,,,,,,,,,,,,,,,,,,,,,,,,,,,,,,,,,,,,,,,
Domino's,,,,,,,,,,,28,110,70,8,5,0,20,310,1,0,0,9,,,,,,,,,,,,,,,,,,,,,,,,,,,,,,,,,,,,,,,,,,,,,,,,,,,,,,,,,,,,,,,,,,,,,,,,,,,,,,,,,,,,,,,,,,,,,,,,,,,,,,,,,,,,,,,
Domino's,,,,,,,,,,,28,100,70,8,5,0,30,240,0,0,0,6,,,,,,,,,,,,,,,,,,,,,,,,,,,,,,,,,,,,,,,,,,,,,,,,,,,,,,,,,,,,,,,,,,,,,,,,,,,,,,,,,,,,,,,,,,,,,,,,,,,,,,,,,,,,,,,
Domino's,Chicken,,,,,,,,,Chicken,71,100,30,3,1,0,40,520,2,0,0,16,,,,,,,,,,,,,,,,,,,,,,,,,,,,,,,,,,,,,,,,,,,,,,,,,,,,,,,,,,,,,,,,,,,,,,,,,,,,,,,,,,,,,,,,,,,,,,,,,,,,,,,,,,,,,,,
Domino's,Chorizo*,,,,,,,,,Chorizo*,71,60,25,3,1,0,20,430,1,0,1,9,,,,,,,,,,,,,,,,,,,,,,,,,,,,,,,,,,,,,,,,,,,,,,,,,,,,,,,,,,,,,,,,,,,,,,,,,,,,,,,,,,,,,,,,,,,,,,,,,,,,,,,,,,,,,,,
Domino's,Garlic*,,,,,,,,,Garlic*,21,30,0,0,0,0,0,0,7,0,0,1,,,,,,,,,,,,,,,,,,,,,,,,,,,,,,,,,,,,,,,,,,,,,,,,,,,,,,,,,,,,,,,,,,,,,,,,,,,,,,,,,,,,,,,,,,,,,,,,,,,,,,,,,,,,,,,
Domino's,Green Chile Pepper*,,,,,,,,,Green Chile Pepper*,43,10,0,0,0,0,0,5,2,1,1,0,,,,,,,,,,,,,,,,,,,,,,,,,,,,,,,,,,,,,,,,,,,,,,,,,,,,,,,,,,,,,,,,,,,,,,,,,,,,,,,,,,,,,,,,,,,,,,,,,,,,,,,,,,,,,,,
Domino's,Fresh Green Peppers,,,,,,,,,Fresh Green Peppers,43,10,0,0,0,0,0,0,2,1,1,0,,,,,,,,,,,,,,,,,,,,,,,,,,,,,,,,,,,,,,,,,,,,,,,,,,,,,,,,,,,,,,,,,,,,,,,,,,,,,,,,,,,,,,,,,,,,,,,,,,,,,,,,,,,,,,,
Domino's,Ham,,,,,,,,,Ham,47,60,25,3,1,0,20,680,0,0,0,7,,,,,,,,,,,,,,,,,,,,,,,,,,,,,,,,,,,,,,,,,,,,,,,,,,,,,,,,,,,,,,,,,,,,,,,,,,,,,,,,,,,,,,,,,,,,,,,,,,,,,,,,,,,,,,,
Domino's,Jalapenos,,,,,,,,,Jalapenos,43,15,0,0,0,0,0,720,3,1,3,1,,,,,,,,,,,,,,,,,,,,,,,,,,,,,,,,,,,,,,,,,,,,,,,,,,,,,,,,,,,,,,,,,,,,,,,,,,,,,,,,,,,,,,,,,,,,,,,,,,,,,,,,,,,,,,,
Domino's,Fresh Mushrooms,,,,,,,,,Fresh Mushrooms,71,15,0,0,0,0,0,15,2,1,0,2,,,,,,,,,,,,,,,,,,,,,,,,,,,,,,,,,,,,,,,,,,,,,,,,,,,,,,,,,,,,,,,,,,,,,,,,,,,,,,,,,,,,,,,,,,,,,,,,,,,,,,,,,,,,,,,
Domino's,"Olive, Black",,,,,,,,,"Olive, Black",43,70,70,7,1.5,0,0,310,1,1,0,0,,,,,,,,,,,,,,,,,,,,,,,,,,,,,,,,,,,,,,,,,,,,,,,,,,,,,,,,,,,,,,,,,,,,,,,,,,,,,,,,,,,,,,,,,,,,,,,,,,,,,,,,,,,,,,,
Domino's,"Olive, Green*",,,,,,,,,"Olive, Green*",43,70,70,7,1.5,0,0,940,1,1,0,0,,,,,,,,,,,,,,,,,,,,,,,,,,,,,,,,,,,,,,,,,,,,,,,,,,,,,,,,,,,,,,,,,,,,,,,,,,,,,,,,,,,,,,,,,,,,,,,,,,,,,,,,,,,,,,,
Domino's,Fresh Onions,,,,,,,,,Fresh Onions,43,10,0,0,0,0,0,5,3,0,0,0,,,,,,,,,,,,,,,,,,,,,,,,,,,,,,,,,,,,,,,,,,,,,,,,,,,,,,,,,,,,,,,,,,,,,,,,,,,,,,,,,,,,,,,,,,,,,,,,,,,,,,,,,,,,,,,
Domino's,Pepperoni,,,,,,,,,Pepperoni,35,160,130,14,5,0,35,680,0,0,0,7,,,,,,,,,,,,,,,,,,,,,,,,,,,,,,,,,,,,,,,,,,,,,,,,,,,,,,,,,,,,,,,,,,,,,,,,,,,,,,,,,,,,,,,,,,,,,,,,,,,,,,,,,,,,,,,
Domino's,Philly Steak,,,,,,,,,Philly Steak,57,70,25,2.5,1,0,25,400,1,0,1,10,,,,,,,,,,,,,,,,,,,,,,,,,,,,,,,,,,,,,,,,,,,,,,,,,,,,,,,,,,,,,,,,,,,,,,,,,,,,,,,,,,,,,,,,,,,,,,,,,,,,,,,,,,,,,,,
Domino's,Pineapple,,,,,,,,,Pineapple,71,45,0,0,0,0,0,5,11,1,10,0,,,,,,,,,,,,,,,,,,,,,,,,,,,,,,,,,,,,,,,,,,,,,,,,,,,,,,,,,,,,,,,,,,,,,,,,,,,,,,,,,,,,,,,,,,,,,,,,,,,,,,,,,,,,,,,
Domino's,"Red Pepper, Roasted",,,,,,,,,"Red Pepper, Roasted",43,10,0,0,0,0,0,70,2,0,1,0,,,,,,,,,,,,,,,,,,,,,,,,,,,,,,,,,,,,,,,,,,,,,,,,,,,,,,,,,,,,,,,,,,,,,,,,,,,,,,,,,,,,,,,,,,,,,,,,,,,,,,,,,,,,,,,
Domino's,Salami,,,,,,,,,Salami,38,150,110,12,4.5,0,35,630,1,0,1,9,,,,,,,,,,,,,,,,,,,,,,,,,,,,,,,,,,,,,,,,,,,,,,,,,,,,,,,,,,,,,,,,,,,,,,,,,,,,,,,,,,,,,,,,,,,,,,,,,,,,,,,,,,,,,,,
Domino's,"Sausage, Italian",,,,,,,,,"Sausage, Italian",71,250,190,21,8,0,40,740,6,0,3,9,,,,,,,,,,,,,,,,,,,,,,,,,,,,,,,,,,,,,,,,,,,,,,,,,,,,,,,,,,,,,,,,,,,,,,,,,,,,,,,,,,,,,,,,,,,,,,,,,,,,,,,,,,,,,,,
Domino's,"Sausage, Sliced",,,,,,,,,"Sausage, Sliced",54,180,140,15,5,0,35,420,0,0,0,9,,,,,,,,,,,,,,,,,,,,,,,,,,,,,,,,,,,,,,,,,,,,,,,,,,,,,,,,,,,,,,,,,,,,,,,,,,,,,,,,,,,,,,,,,,,,,,,,,,,,,,,,,,,,,,,
Domino's,Fresh Baby Spinach,,,,,,,,,Fresh Baby Spinach,43,10,0,0,0,0,0,35,2,1,0,1,,,,,,,,,,,,,,,,,,,,,,,,,,,,,,,,,,,,,,,,,,,,,,,,,,,,,,,,,,,,,,,,,,,,,,,,,,,,,,,,,,,,,,,,,,,,,,,,,,,,,,,,,,,,,,,
Domino's,Tomatoes,,,,,,,,,Tomatoes,71,15,0,0,0,0,0,220,4,1,2,1,,,,,,,,,,,,,,,,,,,,,,,,,,,,,,,,,,,,,,,,,,,,,,,,,,,,,,,,,,,,,,,,,,,,,,,,,,,,,,,,,,,,,,,,,,,,,,,,,,,,,,,,,,,,,,,
Domino's,Wing Sauce,,,,,,,,,Wing Sauce,28,10,0,0,0,0,0,920,2,1,1,0,,,,,,,,,,,,,,,,,,,,,,,,,,,,,,,,,,,,,,,,,,,,,,,,,,,,,,,,,,,,,,,,,,,,,,,,,,,,,,,,,,,,,,,,,,,,,,,,,,,,,,,,,,,,,,,
Domino's,Crunchy Thin Crust,,,,,,,,,,,,,,,,,,,,,,Crunchy Thin Crust,,,,,,,,,,,,,,,,,,,,,,,,,,,,,,,,,,,,,,,,,,,,,,,,,,,,,,,,,,,,,,,,,,,,,,,,,,,,,,,,,,,,,,,,,,,,,,,,,,,,,,,,,,,,,,
Domino's,Hand Tossed,,,,,,,,,,,,,,,,,,,,,,Hand Tossed,,,,,,,,,,,,,,,,,,,,,,,,,,,,,,,,,,,,,,,,,,,,,,,,,,,,,,,,,,,,,,,,,,,,,,,,,,,,,,,,,,,,,,,,,,,,,,,,,,,,,,,,,,,,,,
Domino's,Handmade Pan Pizza,,,,,,,,,,,,,,,,,,,,,,Handmade Pan Pizza,,,,,,,,,,,,,,,,,,,,,,,,,,,,,,,,,,,,,,,,,,,,,,,,,,,,,,,,,,,,,,,,,,,,,,,,,,,,,,,,,,,,,,,,,,,,,,,,,,,,,,,,,,,,,,
Domino's,Brooklyn Style,,,,,,,,,,,,,,,,,,,,,,Brooklyn Style,,,,,,,,,,,,,,,,,,,,,,,,,,,,,,,,,,,,,,,,,,,,,,,,,,,,,,,,,,,,,,,,,,,,,,,,,,,,,,,,,,,,,,,,,,,,,,,,,,,,,,,,,,,,,,
Domino's,Gluten Free Crust,,,,,,,,,,,,,,,,,,,,,,Gluten Free Crust,,,,,,,,,,,,,,,,,,,,,,,,,,,,,,,,,,,,,,,,,,,,,,,,,,,,,,,,,,,,,,,,,,,,,,,,,,,,,,,,,,,,,,,,,,,,,,,,,,,,,,,,,,,,,,
Domino's,Build Your Own Pizza:,,,,,,,,,,Amount for Entire Medium Pizza,,,,,,,,,,,,Build Your Own Pizza:,,,,,,,,,,,,,,,,,,,,,,,,,,,,,,,,,,,,,,,,,,,,,,,,,,,,,,,,,,,,,,,,,,,,,,,,,,,,,,,,,,,,,,,,,,,,,,,,,,,,,,,,,,,,,,
Domino's,"Crust
for entire medium pizza",,Hand Tossed,,,,,,,,411,1060,210,23,6,0,0,1190,181,6,9,33,"Crust
for entire medium pizza",,,,,,,,,,,,,,,,,,,,,,,,,,,,,,,,,,,,,,,,,,,,,,,,,,,,,,,,,,,,,,,,,,,,,,,,,,,,,,,,,,,,,,,,,,,,,,,,,,,,,,,,,,,,,,
Domino's,,,Crunchy Thin Crust,,,,,,,,177,670,240,26,4.5,0,5,120,93,5,5,17,,,,,,,,,,,,,,,,,,,,,,,,,,,,,,,,,,,,,,,,,,,,,,,,,,,,,,,,,,,,,,,,,,,,,,,,,,,,,,,,,,,,,,,,,,,,,,,,,,,,,,,,,,,,,,,
Domino's,,,Handmade Pan Pizza,,,,,,,,See p. 6 for more details on handmade pan pizza nutrition information.,,,,,,,,,,,,,,,,,,,,,,,,,,,,,,,,,,,,,,,,,,,,,,,,,,,,,,,,,,,,,,,,,,,,,,,,,,,,,,,,,,,,,,,,,,,,,,,,,,,,,,,,,,,,,,,,,,,,,,,,,,
Domino's,,,Brooklyn Style,,,,,,,,n/a,n/a,n/a,n/a,n/a,n/a,n/a,n/a,n/a,n/a,n/a,n/a,,,,,,,,,,,,,,,,,,,,,,,,,,,,,,,,,,,,,,,,,,,,,,,,,,,,,,,,,,,,,,,,,,,,,,,,,,,,,,,,,,,,,,,,,,,,,,,,,,,,,,,,,,,,,,,
Domino's,,,Gluten Free Crust,,,,,,,,See p. 2 for more details on Gluten Free Crust pizza nutrition information.,,,,,,,,,,,,,,,,,,,,,,,,,,,,,,,,,,,,,,,,,,,,,,,,,,,,,,,,,,,,,,,,,,,,,,,,,,,,,,,,,,,,,,,,,,,,,,,,,,,,,,,,,,,,,,,,,,,,,,,,,,
Domino's,,,,,,,,,,,,,,,,,,,,,,,,,,,,,,,,,,,,,,,,,,,,,,,,,,,,,,,,,,,,,,,,,,,,,,,,,,,,,,,,,,,,,,,,,,,,,,,,,,,,,,,,,,,,,,,,,,,,,,,,,,,,,,,,,,,,,
Domino's,"Sauce
for entire medium pizza",,Robust Tomato,,,,,,,,120,70,0,0,0,0,0,630,13,3,8,2,"Sauce
for entire medium pizza",,,,,,,,,,,,,,,,,,,,,,,,,,,,,,,,,,,,,,,,,,,,,,,,,,,,,,,,,,,,,,,,,,,,,,,,,,,,,,,,,,,,,,,,,,,,,,,,,,,,,,,,,,,,,,
Domino's,,,BBQ,,,,,,,,71,130,0,0,0,0,0,510,29,1,25,1,,,,,,,,,,,,,,,,,,,,,,,,,,,,,,,,,,,,,,,,,,,,,,,,,,,,,,,,,,,,,,,,,,,,,,,,,,,,,,,,,,,,,,,,,,,,,,,,,,,,,,,,,,,,,,,
Domino's,,,Garlic Parm White,,,,,,,,85,390,360,40,7,0.5,20,680,4,0,2,3,,,,,,,,,,,,,,,,,,,,,,,,,,,,,,,,,,,,,,,,,,,,,,,,,,,,,,,,,,,,,,,,,,,,,,,,,,,,,,,,,,,,,,,,,,,,,,,,,,,,,,,,,,,,,,,
Domino's,,,Marinara,,,,,,,,128,80,20,2.5,1,0,5,800,12,2,8,2,,,,,,,,,,,,,,,,,,,,,,,,,,,,,,,,,,,,,,,,,,,,,,,,,,,,,,,,,,,,,,,,,,,,,,,,,,,,,,,,,,,,,,,,,,,,,,,,,,,,,,,,,,,,,,,
Domino's,,,Alfredo,,,,,,,,85,210,170,19,12,0.5,50,530,5,0,1,4,,,,,,,,,,,,,,,,,,,,,,,,,,,,,,,,,,,,,,,,,,,,,,,,,,,,,,,,,,,,,,,,,,,,,,,,,,,,,,,,,,,,,,,,,,,,,,,,,,,,,,,,,,,,,,,
Domino's,,,,,,,,,,,,,,,,,,,,,,,,,,,,,,,,,,,,,,,,,,,,,,,,,,,,,,,,,,,,,,,,,,,,,,,,,,,,,,,,,,,,,,,,,,,,,,,,,,,,,,,,,,,,,,,,,,,,,,,,,,,,,,,,,,,,,
Domino's,"Cheese
for entire hand tossed
or Crunchy Thin crust
medium pizza",,Regular Cheese,,,,,,,,142,380,250,28,17,1,105,1250,8,1,1,23,"Cheese
for entire hand tossed
or Crunchy Thin crust
medium pizza",,,,,,,,,,,,,,,,,,,,,,,,,,,,,,,,,,,,,,,,,,,,,,,,,,,,,,,,,,,,,,,,,,,,,,,,,,,,,,,,,,,,,,,,,,,,,,,,,,,,,,,,,,,,,,
Domino's,,,Cheese Only Pizza,,,,,,,,213,560,380,42,26,1.5,155,1870,12,2,2,34,,,,,,,,,,,,,,,,,,,,,,,,,,,,,,,,,,,,,,,,,,,,,,,,,,,,,,,,,,,,,,,,,,,,,,,,,,,,,,,,,,,,,,,,,,,,,,,,,,,,,,,,,,,,,,,
Domino's,,,Extra Cheese (w/ toppings),,,,,,,,213,560,380,42,26,1.5,155,1870,12,2,2,34,,,,,,,,,,,,,,,,,,,,,,,,,,,,,,,,,,,,,,,,,,,,,,,,,,,,,,,,,,,,,,,,,,,,,,,,,,,,,,,,,,,,,,,,,,,,,,,,,,,,,,,,,,,,,,,
Domino's,"Cheese
for entire handmade
medium pan pizza",,Regular Cheese,,,,,,,,184,490,330,36,22,1.5,135,1620,10,2,2,30,"Cheese
for entire handmade
medium pan pizza",,,,,,,,,,,,,,,,,,,,,,,,,,,,,,,,,,,,,,,,,,,,,,,,,,,,,,,,,,,,,,,,,,,,,,,,,,,,,,,,,,,,,,,,,,,,,,,,,,,,,,,,,,,,,,
Domino's,,,Cheese Only Pizza,,,,,,,,269,710,480,53,33,2,195,2370,15,3,2,44,,,,,,,,,,,,,,,,,,,,,,,,,,,,,,,,,,,,,,,,,,,,,,,,,,,,,,,,,,,,,,,,,,,,,,,,,,,,,,,,,,,,,,,,,,,,,,,,,,,,,,,,,,,,,,,
Domino's,,,Extra Cheese (w/ toppings),,,,,,,,269,710,480,53,33,2,195,2370,15,3,2,44,,,,,,,,,,,,,,,,,,,,,,,,,,,,,,,,,,,,,,,,,,,,,,,,,,,,,,,,,,,,,,,,,,,,,,,,,,,,,,,,,,,,,,,,,,,,,,,,,,,,,,,,,,,,,,,
Domino's,Toppings for a 1 topping medium pizza,,,,,,,,,,Amount for Entire Medium Pizza,,,,,,,,,,,,Toppings for a 1 topping medium pizza,,,,,,,,,,,,,,,,,,,,,,,,,,,,,,,,,,,,,,,,,,,,,,,,,,,,,,,,,,,,,,,,,,,,,,,,,,,,,,,,,,,,,,,,,,,,,,,,,,,,,,,,,,,,,,
Domino's,Anchovies*,,,,,,,,,,57,110,70,8,0,0,45,3310,63,0,0,13,Anchovies*,,,,,,,,,,,,,,,,,,,,,,,,,,,,,,,,,,,,,,,,,,,,,,,,,,,,,,,,,,,,,,,,,,,,,,,,,,,,,,,,,,,,,,,,,,,,,,,,,,,,,,,,,,,,,,
Domino's,Bacon,,,,,,,,,,71,340,230,26,9,0,80,1260,6,0,3,20,Bacon,,,,,,,,,,,,,,,,,,,,,,,,,,,,,,,,,,,,,,,,,,,,,,,,,,,,,,,,,,,,,,,,,,,,,,,,,,,,,,,,,,,,,,,,,,,,,,,,,,,,,,,,,,,,,,
Domino's,Banana Peppers,,,,,,,,,,57,15,0,0,0,0,0,270,3,2,3,1,Banana Peppers,,,,,,,,,,,,,,,,,,,,,,,,,,,,,,,,,,,,,,,,,,,,,,,,,,,,,,,,,,,,,,,,,,,,,,,,,,,,,,,,,,,,,,,,,,,,,,,,,,,,,,,,,,,,,,
Domino's,Beef,,,,,,,,,,99,300,230,26,11,0,65,570,0,1,0,16,Beef,,,,,,,,,,,,,,,,,,,,,,,,,,,,,,,,,,,,,,,,,,,,,,,,,,,,,,,,,,,,,,,,,,,,,,,,,,,,,,,,,,,,,,,,,,,,,,,,,,,,,,,,,,,,,,
Domino's,eseehC,,,,,,,,,,85,310,230,26,16,1,80,1530,3,0,2,16,eseehC,,,,,,,,,,,,,,,,,,,,,,,,,,,,,,,,,,,,,,,,,,,,,,,,,,,,,,,,,,,,,,,,,,,,,,,,,,,,,,,,,,,,,,,,,,,,,,,,,,,,,,,,,,,,,,
Domino's,,,,,,,,,,,57,230,170,19,12,1,60,350,1,0,0,14,,,,,,,,,,,,,,,,,,,,,,,,,,,,,,,,,,,,,,,,,,,,,,,,,,,,,,,,,,,,,,,,,,,,,,,,,,,,,,,,,,,,,,,,,,,,,,,,,,,,,,,,,,,,,,,
Domino's,,,,,,,,,,,43,90,50,6,4,0,15,380,1,0,0,7,,,,,,,,,,,,,,,,,,,,,,,,,,,,,,,,,,,,,,,,,,,,,,,,,,,,,,,,,,,,,,,,,,,,,,,,,,,,,,,,,,,,,,,,,,,,,,,,,,,,,,,,,,,,,,,
Domino's,,,,,,,,,,,43,170,110,12,8,0,35,460,1,0,0,13,,,,,,,,,,,,,,,,,,,,,,,,,,,,,,,,,,,,,,,,,,,,,,,,,,,,,,,,,,,,,,,,,,,,,,,,,,,,,,,,,,,,,,,,,,,,,,,,,,,,,,,,,,,,,,,
Domino's,,,,,,,,,,,57,200,150,16,10,0.5,60,470,1,0,0,12,,,,,,,,,,,,,,,,,,,,,,,,,,,,,,,,,,,,,,,,,,,,,,,,,,,,,,,,,,,,,,,,,,,,,,,,,,,,,,,,,,,,,,,,,,,,,,,,,,,,,,,,,,,,,,,
Domino's,Chicken,,,,,,,,,,99,140,40,4.5,1,0,60,730,3,0,0,22,Chicken,,,,,,,,,,,,,,,,,,,,,,,,,,,,,,,,,,,,,,,,,,,,,,,,,,,,,,,,,,,,,,,,,,,,,,,,,,,,,,,,,,,,,,,,,,,,,,,,,,,,,,,,,,,,,,
Domino's,Chorizo,,,,,,,,,,99,90,35,4,1.5,0,30,600,1,0,1,12,Chorizo,,,,,,,,,,,,,,,,,,,,,,,,,,,,,,,,,,,,,,,,,,,,,,,,,,,,,,,,,,,,,,,,,,,,,,,,,,,,,,,,,,,,,,,,,,,,,,,,,,,,,,,,,,,,,,
Domino's,Garlic*,,,,,,,,,,28,40,0,0,0,0,0,0,9,1,0,2,Garlic*,,,,,,,,,,,,,,,,,,,,,,,,,,,,,,,,,,,,,,,,,,,,,,,,,,,,,,,,,,,,,,,,,,,,,,,,,,,,,,,,,,,,,,,,,,,,,,,,,,,,,,,,,,,,,,
Domino's,Green Chile Pepper*,,,,,,,,,,57,10,0,0,0,0,0,10,3,2,1,1,Green Chile Pepper*,,,,,,,,,,,,,,,,,,,,,,,,,,,,,,,,,,,,,,,,,,,,,,,,,,,,,,,,,,,,,,,,,,,,,,,,,,,,,,,,,,,,,,,,,,,,,,,,,,,,,,,,,,,,,,
Domino's,Fresh Green Peppers,,,,,,,,,,57,10,0,0,0,0,0,0,3,1,2,0,Fresh Green Peppers,,,,,,,,,,,,,,,,,,,,,,,,,,,,,,,,,,,,,,,,,,,,,,,,,,,,,,,,,,,,,,,,,,,,,,,,,,,,,,,,,,,,,,,,,,,,,,,,,,,,,,,,,,,,,,
Domino's,Ham,,,,,,,,,,71,90,40,4.5,1.5,0,35,1020,0,0,0,11,Ham,,,,,,,,,,,,,,,,,,,,,,,,,,,,,,,,,,,,,,,,,,,,,,,,,,,,,,,,,,,,,,,,,,,,,,,,,,,,,,,,,,,,,,,,,,,,,,,,,,,,,,,,,,,,,,
Domino's,Jalapenos,,,,,,,,,,57,15,5,0,0,0,0,960,3,2,3,1,Jalapenos,,,,,,,,,,,,,,,,,,,,,,,,,,,,,,,,,,,,,,,,,,,,,,,,,,,,,,,,,,,,,,,,,,,,,,,,,,,,,,,,,,,,,,,,,,,,,,,,,,,,,,,,,,,,,,
Domino's,Fresh Mushrooms,,,,,,,,,,99,20,0,0,0,0,0,25,2,1,0,3,Fresh Mushrooms,,,,,,,,,,,,,,,,,,,,,,,,,,,,,,,,,,,,,,,,,,,,,,,,,,,,,,,,,,,,,,,,,,,,,,,,,,,,,,,,,,,,,,,,,,,,,,,,,,,,,,,,,,,,,,
Domino's,"Olive, Black",,,,,,,,,,57,100,90,10,2,0,0,410,2,2,0,1,"Olive, Black",,,,,,,,,,,,,,,,,,,,,,,,,,,,,,,,,,,,,,,,,,,,,,,,,,,,,,,,,,,,,,,,,,,,,,,,,,,,,,,,,,,,,,,,,,,,,,,,,,,,,,,,,,,,,,
Domino's,"Olive, Green*",,,,,,,,,,57,100,90,10,2,0,0,1250,2,2,0,1,"Olive, Green*",,,,,,,,,,,,,,,,,,,,,,,,,,,,,,,,,,,,,,,,,,,,,,,,,,,,,,,,,,,,,,,,,,,,,,,,,,,,,,,,,,,,,,,,,,,,,,,,,,,,,,,,,,,,,,
Domino's,Fresh Onions,,,,,,,,,,57,15,0,0,0.5,0,0,5,4,1,0,1,Fresh Onions,,,,,,,,,,,,,,,,,,,,,,,,,,,,,,,,,,,,,,,,,,,,,,,,,,,,,,,,,,,,,,,,,,,,,,,,,,,,,,,,,,,,,,,,,,,,,,,,,,,,,,,,,,,,,,
Domino's,Pepperoni,,,,,,,,,,53,240,190,21,8,0,50,1020,0,0,1,11,Pepperoni,,,,,,,,,,,,,,,,,,,,,,,,,,,,,,,,,,,,,,,,,,,,,,,,,,,,,,,,,,,,,,,,,,,,,,,,,,,,,,,,,,,,,,,,,,,,,,,,,,,,,,,,,,,,,,
Domino's,Philly Steak,,,,,,,,,,71,90,30,3,1.5,0,30,500,2,0,1,12,Philly Steak,,,,,,,,,,,,,,,,,,,,,,,,,,,,,,,,,,,,,,,,,,,,,,,,,,,,,,,,,,,,,,,,,,,,,,,,,,,,,,,,,,,,,,,,,,,,,,,,,,,,,,,,,,,,,,
Domino's,Pineapple,,,,,,,,,,99,60,0,0,0,0,0,10,16,1,14,0,Pineapple,,,,,,,,,,,,,,,,,,,,,,,,,,,,,,,,,,,,,,,,,,,,,,,,,,,,,,,,,,,,,,,,,,,,,,,,,,,,,,,,,,,,,,,,,,,,,,,,,,,,,,,,,,,,,,
Domino's,"Red Pepper, Roasted",,,,,,,,,,57,10,0,0,0,0,0,95,2,1,1,1,"Red Pepper, Roasted",,,,,,,,,,,,,,,,,,,,,,,,,,,,,,,,,,,,,,,,,,,,,,,,,,,,,,,,,,,,,,,,,,,,,,,,,,,,,,,,,,,,,,,,,,,,,,,,,,,,,,,,,,,,,,
Domino's,Salami,,,,,,,,,,57,220,160,18,7,0,55,950,1,0,1,13,Salami,,,,,,,,,,,,,,,,,,,,,,,,,,,,,,,,,,,,,,,,,,,,,,,,,,,,,,,,,,,,,,,,,,,,,,,,,,,,,,,,,,,,,,,,,,,,,,,,,,,,,,,,,,,,,,
Domino's,"Sausage, Italian",,,,,,,,,,99,350,270,30,11,0,55,1030,9,0,4,12,"Sausage, Italian",,,,,,,,,,,,,,,,,,,,,,,,,,,,,,,,,,,,,,,,,,,,,,,,,,,,,,,,,,,,,,,,,,,,,,,,,,,,,,,,,,,,,,,,,,,,,,,,,,,,,,,,,,,,,,
Domino's,"Sausage, Sliced",,,,,,,,,,89,290,230,26,9,0,60,710,0,0,0,15,"Sausage, Sliced",,,,,,,,,,,,,,,,,,,,,,,,,,,,,,,,,,,,,,,,,,,,,,,,,,,,,,,,,,,,,,,,,,,,,,,,,,,,,,,,,,,,,,,,,,,,,,,,,,,,,,,,,,,,,,
Domino's,Fresh Baby Spinach,,,,,,,,,,43,10,0,0,0,0,0,35,2,1,0,1,Fresh Baby Spinach,,,,,,,,,,,,,,,,,,,,,,,,,,,,,,,,,,,,,,,,,,,,,,,,,,,,,,,,,,,,,,,,,,,,,,,,,,,,,,,,,,,,,,,,,,,,,,,,,,,,,,,,,,,,,,
Domino's,Tomatoes,,,,,,,,,,99,20,0,0,0,0,0,310,5,2,3,1,Tomatoes,,,,,,,,,,,,,,,,,,,,,,,,,,,,,,,,,,,,,,,,,,,,,,,,,,,,,,,,,,,,,,,,,,,,,,,,,,,,,,,,,,,,,,,,,,,,,,,,,,,,,,,,,,,,,,
Domino's,Crunchy Thin Crust,,,,,,,,,,,,,,,,,,,,,,,Crunchy Thin Crust,,,,,,,,,,,,,,,,,,,,,,,,,,,,,,,,,,,,,,,,,,,,,,,,,,,,,,,,,,,,,,,,,,,,,,,,,,,,,,,,,,,,,,,,,,,,,,,,,,,,,,,,,,,,,
Domino's,Hand Tossed,,,,,,,,,,,,,,,,,,,,,,,Hand Tossed,,,,,,,,,,,,,,,,,,,,,,,,,,,,,,,,,,,,,,,,,,,,,,,,,,,,,,,,,,,,,,,,,,,,,,,,,,,,,,,,,,,,,,,,,,,,,,,,,,,,,,,,,,,,,
Domino's,Handmade Pan Pizza,,,,,,,,,,,,,,,,,,,,,,,Handmade Pan Pizza,,,,,,,,,,,,,,,,,,,,,,,,,,,,,,,,,,,,,,,,,,,,,,,,,,,,,,,,,,,,,,,,,,,,,,,,,,,,,,,,,,,,,,,,,,,,,,,,,,,,,,,,,,,,,
Domino's,Brooklyn Style,,,,,,,,,,,,,,,,,,,,,,,Brooklyn Style,,,,,,,,,,,,,,,,,,,,,,,,,,,,,,,,,,,,,,,,,,,,,,,,,,,,,,,,,,,,,,,,,,,,,,,,,,,,,,,,,,,,,,,,,,,,,,,,,,,,,,,,,,,,,
Domino's,Gluten Free Crust,,,,,,,,,,,,,,,,,,,,,,,Gluten Free Crust,,,,,,,,,,,,,,,,,,,,,,,,,,,,,,,,,,,,,,,,,,,,,,,,,,,,,,,,,,,,,,,,,,,,,,,,,,,,,,,,,,,,,,,,,,,,,,,,,,,,,,,,,,,,,
Domino's,Build Your Own Pizza:,,,,,,,,,,Amount for Entire Large Pizza,,,,,,,,,,,,,Build Your Own Pizza:,,,,,,,,,,,,,,,,,,,,,,,,,,,,,,,,,,,,,,,,,,,,,,,,,,,,,,,,,,,,,,,,,,,,,,,,,,,,,,,,,,,,,,,,,,,,,,,,,,,,,,,,,,,,,
Domino's,"Crust
for entire large pizza",,Hand Tossed,,,,,,,,556,1420,270,31,7,0,0,1600,244,8,12,45,,"Crust
for entire large pizza",,,,,,,,,,,,,,,,,,,,,,,,,,,,,,,,,,,,,,,,,,,,,,,,,,,,,,,,,,,,,,,,,,,,,,,,,,,,,,,,,,,,,,,,,,,,,,,,,,,,,,,,,,,,,
Domino's,,,Crunchy Thin Crust,,,,,,,,241,920,320,36,6,0,5,160,127,7,7,23,,,,,,,,,,,,,,,,,,,,,,,,,,,,,,,,,,,,,,,,,,,,,,,,,,,,,,,,,,,,,,,,,,,,,,,,,,,,,,,,,,,,,,,,,,,,,,,,,,,,,,,,,,,,,,,
Domino's,,,Pan Pizza,,,,,,,,n/a,n/a,n/a,n/a,n/a,n/a,n/a,n/a,n/a,n/a,n/a,n/a,,,,,,,,,,,,,,,,,,,,,,,,,,,,,,,,,,,,,,,,,,,,,,,,,,,,,,,,,,,,,,,,,,,,,,,,,,,,,,,,,,,,,,,,,,,,,,,,,,,,,,,,,,,,,,,
Domino's,,,Brooklyn Style,,,,,,,,308,750,100,11,2,0,0,780,138,5,7,25,,,,,,,,,,,,,,,,,,,,,,,,,,,,,,,,,,,,,,,,,,,,,,,,,,,,,,,,,,,,,,,,,,,,,,,,,,,,,,,,,,,,,,,,,,,,,,,,,,,,,,,,,,,,,,,
Domino's,,,Gluten Free Crust,,,,,,,,See p. 2 for more details on gluten free crust pizza nutrition information.,,,,,,,,,,,,,,,,,,,,,,,,,,,,,,,,,,,,,,,,,,,,,,,,,,,,,,,,,,,,,,,,,,,,,,,,,,,,,,,,,,,,,,,,,,,,,,,,,,,,,,,,,,,,,,,,,,,,,,,,,,
Domino's,,,,,,,,,,,,,,,,,,,,,,,,,,,,,,,,,,,,,,,,,,,,,,,,,,,,,,,,,,,,,,,,,,,,,,,,,,,,,,,,,,,,,,,,,,,,,,,,,,,,,,,,,,,,,,,,,,,,,,,,,,,,,,,,,,,,,
Domino's,"Sauce
for entire large pizza",,Robust Tomato,,,,,,,,170,100,0,0,0,0,0,890,19,4,12,3,,"Sauce
for entire large pizza",,,,,,,,,,,,,,,,,,,,,,,,,,,,,,,,,,,,,,,,,,,,,,,,,,,,,,,,,,,,,,,,,,,,,,,,,,,,,,,,,,,,,,,,,,,,,,,,,,,,,,,,,,,,,
Domino's,,,BBQ,,,,,,,,99,180,0,0,0,0,0,720,40,1,35,1,,,,,,,,,,,,,,,,,,,,,,,,,,,,,,,,,,,,,,,,,,,,,,,,,,,,,,,,,,,,,,,,,,,,,,,,,,,,,,,,,,,,,,,,,,,,,,,,,,,,,,,,,,,,,,,
Domino's,,,Garlic Parm White,,,,,,,,113,510,480,53,9,1,30,910,5,1,3,4,,,,,,,,,,,,,,,,,,,,,,,,,,,,,,,,,,,,,,,,,,,,,,,,,,,,,,,,,,,,,,,,,,,,,,,,,,,,,,,,,,,,,,,,,,,,,,,,,,,,,,,,,,,,,,,
Domino's,,,Marinara,,,,,,,,170,100,25,3,1.5,0,5,1060,15,3,10,3,,,,,,,,,,,,,,,,,,,,,,,,,,,,,,,,,,,,,,,,,,,,,,,,,,,,,,,,,,,,,,,,,,,,,,,,,,,,,,,,,,,,,,,,,,,,,,,,,,,,,,,,,,,,,,,
Domino's,,,Alfredo,,,,,,,,113,280,230,26,15,0.5,65,710,7,0,1,6,,,,,,,,,,,,,,,,,,,,,,,,,,,,,,,,,,,,,,,,,,,,,,,,,,,,,,,,,,,,,,,,,,,,,,,,,,,,,,,,,,,,,,,,,,,,,,,,,,,,,,,,,,,,,,,
Domino's,,,,,,,,,,,,,,,,,,,,,,,,,,,,,,,,,,,,,,,,,,,,,,,,,,,,,,,,,,,,,,,,,,,,,,,,,,,,,,,,,,,,,,,,,,,,,,,,,,,,,,,,,,,,,,,,,,,,,,,,,,,,,,,,,,,,,
Domino's,"Cheese for entire
hand tossed or Crunchy
Thin crust large pizza",,Regular Cheese,,,,,,,,198,530,350,39,24,1.5,145,1750,11,2,2,32,,"Cheese for entire
hand tossed or Crunchy
Thin crust large pizza",,,,,,,,,,,,,,,,,,,,,,,,,,,,,,,,,,,,,,,,,,,,,,,,,,,,,,,,,,,,,,,,,,,,,,,,,,,,,,,,,,,,,,,,,,,,,,,,,,,,,,,,,,,,,
Domino's,,,Cheese Only Pizza,,,,,,,,298,790,530,59,36,2,220,2620,16,3,3,48,,,,,,,,,,,,,,,,,,,,,,,,,,,,,,,,,,,,,,,,,,,,,,,,,,,,,,,,,,,,,,,,,,,,,,,,,,,,,,,,,,,,,,,,,,,,,,,,,,,,,,,,,,,,,,,
Domino's,,,Extra Cheese (w/ toppings),,,,,,,,298,790,530,59,36,2,220,2620,16,3,3,48,,,,,,,,,,,,,,,,,,,,,,,,,,,,,,,,,,,,,,,,,,,,,,,,,,,,,,,,,,,,,,,,,,,,,,,,,,,,,,,,,,,,,,,,,,,,,,,,,,,,,,,,,,,,,,,
Domino's,"Cheese
for entire Brooklyn Style
large pizza",,Regular Cheese,,,,,,,,213,650,470,52,32,2,190,1820,7,1,2,39,,"Cheese
for entire Brooklyn Style
large pizza",,,,,,,,,,,,,,,,,,,,,,,,,,,,,,,,,,,,,,,,,,,,,,,,,,,,,,,,,,,,,,,,,,,,,,,,,,,,,,,,,,,,,,,,,,,,,,,,,,,,,,,,,,,,,
Domino's,,,Cheese Only Pizza,,,,,,,,255,770,540,60,37,2,225,2200,9,1,2,46,,,,,,,,,,,,,,,,,,,,,,,,,,,,,,,,,,,,,,,,,,,,,,,,,,,,,,,,,,,,,,,,,,,,,,,,,,,,,,,,,,,,,,,,,,,,,,,,,,,,,,,,,,,,,,,
Domino's,,,Extra Cheese (w/ toppings),,,,,,,,255,770,540,60,37,2,225,2200,9,1,2,46,,,,,,,,,,,,,,,,,,,,,,,,,,,,,,,,,,,,,,,,,,,,,,,,,,,,,,,,,,,,,,,,,,,,,,,,,,,,,,,,,,,,,,,,,,,,,,,,,,,,,,,,,,,,,,,
Domino's,Toppings for a 1 topping large pizza,,,,,,,,,,Amount for Entire Large Pizza,,,,,,,,,,,,,Toppings for a 1 topping large pizza,,,,,,,,,,,,,,,,,,,,,,,,,,,,,,,,,,,,,,,,,,,,,,,,,,,,,,,,,,,,,,,,,,,,,,,,,,,,,,,,,,,,,,,,,,,,,,,,,,,,,,,,,,,,,
Domino's,Anchovies*,,,,,,,,,,57,110,70,8,0,0,45,3310,63,0,0,13,,Anchovies*,,,,,,,,,,,,,,,,,,,,,,,,,,,,,,,,,,,,,,,,,,,,,,,,,,,,,,,,,,,,,,,,,,,,,,,,,,,,,,,,,,,,,,,,,,,,,,,,,,,,,,,,,,,,,
Domino's,Bacon,,,,,,,,,,99,470,320,36,13,0,110,1770,9,0,4,29,,Bacon,,,,,,,,,,,,,,,,,,,,,,,,,,,,,,,,,,,,,,,,,,,,,,,,,,,,,,,,,,,,,,,,,,,,,,,,,,,,,,,,,,,,,,,,,,,,,,,,,,,,,,,,,,,,,
Domino's,Banana Peppers,,,,,,,,,,85,25,5,0,0,0,0,410,5,3,5,1,,Banana Peppers,,,,,,,,,,,,,,,,,,,,,,,,,,,,,,,,,,,,,,,,,,,,,,,,,,,,,,,,,,,,,,,,,,,,,,,,,,,,,,,,,,,,,,,,,,,,,,,,,,,,,,,,,,,,,
Domino's,Beef,,,,,,,,,,142,430,330,37,16,0.5,95,810,0,1,0,22,,Beef,,,,,,,,,,,,,,,,,,,,,,,,,,,,,,,,,,,,,,,,,,,,,,,,,,,,,,,,,,,,,,,,,,,,,,,,,,,,,,,,,,,,,,,,,,,,,,,,,,,,,,,,,,,,,
Domino's,eseehC,,,,,,,,,,99,360,270,30,19,1,90,1780,3,0,2,19,,eseehC,,,,,,,,,,,,,,,,,,,,,,,,,,,,,,,,,,,,,,,,,,,,,,,,,,,,,,,,,,,,,,,,,,,,,,,,,,,,,,,,,,,,,,,,,,,,,,,,,,,,,,,,,,,,,
Domino's,,,,,,,,,,,71,290,210,23,15,1,75,440,1,0,0,18,,,,,,,,,,,,,,,,,,,,,,,,,,,,,,,,,,,,,,,,,,,,,,,,,,,,,,,,,,,,,,,,,,,,,,,,,,,,,,,,,,,,,,,,,,,,,,,,,,,,,,,,,,,,,,,
Domino's,,,,,,,,,,,57,120,70,8,5,0,20,510,1,0,0,10,,,,,,,,,,,,,,,,,,,,,,,,,,,,,,,,,,,,,,,,,,,,,,,,,,,,,,,,,,,,,,,,,,,,,,,,,,,,,,,,,,,,,,,,,,,,,,,,,,,,,,,,,,,,,,,
Domino's,,,,,,,,,,,57,220,150,16,11,0.5,45,610,2,0,0,17,,,,,,,,,,,,,,,,,,,,,,,,,,,,,,,,,,,,,,,,,,,,,,,,,,,,,,,,,,,,,,,,,,,,,,,,,,,,,,,,,,,,,,,,,,,,,,,,,,,,,,,,,,,,,,,
Domino's,,,,,,,,,,,71,250,180,20,12,0.5,75,590,1,0,0,15,,,,,,,,,,,,,,,,,,,,,,,,,,,,,,,,,,,,,,,,,,,,,,,,,,,,,,,,,,,,,,,,,,,,,,,,,,,,,,,,,,,,,,,,,,,,,,,,,,,,,,,,,,,,,,,
Domino's,Chicken,,,,,,,,,,142,200,60,6,1.5,0,80,1040,5,0,0,31,,Chicken,,,,,,,,,,,,,,,,,,,,,,,,,,,,,,,,,,,,,,,,,,,,,,,,,,,,,,,,,,,,,,,,,,,,,,,,,,,,,,,,,,,,,,,,,,,,,,,,,,,,,,,,,,,,,
Domino's,Chorizo*,,,,,,,,,,142,130,50,6,2,0,45,850,1,0,1,17,,Chorizo*,,,,,,,,,,,,,,,,,,,,,,,,,,,,,,,,,,,,,,,,,,,,,,,,,,,,,,,,,,,,,,,,,,,,,,,,,,,,,,,,,,,,,,,,,,,,,,,,,,,,,,,,,,,,,
Domino's,Garlic*,,,,,,,,,,35,50,0,0,0,0,0,5,12,1,0,2,,Garlic*,,,,,,,,,,,,,,,,,,,,,,,,,,,,,,,,,,,,,,,,,,,,,,,,,,,,,,,,,,,,,,,,,,,,,,,,,,,,,,,,,,,,,,,,,,,,,,,,,,,,,,,,,,,,,
Domino's,Green Chile Pepper*,,,,,,,,,,85,15,0,0,0,0,0,15,4,3,2,1,,Green Chile Pepper*,,,,,,,,,,,,,,,,,,,,,,,,,,,,,,,,,,,,,,,,,,,,,,,,,,,,,,,,,,,,,,,,,,,,,,,,,,,,,,,,,,,,,,,,,,,,,,,,,,,,,,,,,,,,,
Domino's,Fresh Green Peppers,,,,,,,,,,85,15,0,0,0,0,0,0,4,1,2,1,,Fresh Green Peppers,,,,,,,,,,,,,,,,,,,,,,,,,,,,,,,,,,,,,,,,,,,,,,,,,,,,,,,,,,,,,,,,,,,,,,,,,,,,,,,,,,,,,,,,,,,,,,,,,,,,,,,,,,,,,
Domino's,Ham,,,,,,,,,,94,120,50,6,2,0,45,1360,0,0,0,15,,Ham,,,,,,,,,,,,,,,,,,,,,,,,,,,,,,,,,,,,,,,,,,,,,,,,,,,,,,,,,,,,,,,,,,,,,,,,,,,,,,,,,,,,,,,,,,,,,,,,,,,,,,,,,,,,,
Domino's,Jalapenos,,,,,,,,,,85,25,5,0.5,0,0,0,1440,5,2,5,1,,Jalapenos,,,,,,,,,,,,,,,,,,,,,,,,,,,,,,,,,,,,,,,,,,,,,,,,,,,,,,,,,,,,,,,,,,,,,,,,,,,,,,,,,,,,,,,,,,,,,,,,,,,,,,,,,,,,,
Domino's,Fresh Mushrooms,,,,,,,,,,142,30,0,0,0,0,0,35,3,1,0,4,,Fresh Mushrooms,,,,,,,,,,,,,,,,,,,,,,,,,,,,,,,,,,,,,,,,,,,,,,,,,,,,,,,,,,,,,,,,,,,,,,,,,,,,,,,,,,,,,,,,,,,,,,,,,,,,,,,,,,,,,
Domino's,"Olive, Black",,,,,,,,,,85,150,130,15,3,0,0,620,3,3,0,1,,"Olive, Black",,,,,,,,,,,,,,,,,,,,,,,,,,,,,,,,,,,,,,,,,,,,,,,,,,,,,,,,,,,,,,,,,,,,,,,,,,,,,,,,,,,,,,,,,,,,,,,,,,,,,,,,,,,,,
Domino's,"Olive, Green*",,,,,,,,,,85,150,130,15,3,0,0,1870,3,3,0,1,,"Olive, Green*",,,,,,,,,,,,,,,,,,,,,,,,,,,,,,,,,,,,,,,,,,,,,,,,,,,,,,,,,,,,,,,,,,,,,,,,,,,,,,,,,,,,,,,,,,,,,,,,,,,,,,,,,,,,,
Domino's,Fresh Onions,,,,,,,,,,85,25,0,0,1,0,0,10,5,1,0,1,,Fresh Onions,,,,,,,,,,,,,,,,,,,,,,,,,,,,,,,,,,,,,,,,,,,,,,,,,,,,,,,,,,,,,,,,,,,,,,,,,,,,,,,,,,,,,,,,,,,,,,,,,,,,,,,,,,,,,
Domino's,Pepperoni,,,,,,,,,,71,320,250,28,10,0.5,65,1370,0,0,1,15,,Pepperoni,,,,,,,,,,,,,,,,,,,,,,,,,,,,,,,,,,,,,,,,,,,,,,,,,,,,,,,,,,,,,,,,,,,,,,,,,,,,,,,,,,,,,,,,,,,,,,,,,,,,,,,,,,,,,
Domino's,Philly Steak,,,,,,,,,,99,120,40,4.5,2,0,45,690,3,0,2,17,,Philly Steak,,,,,,,,,,,,,,,,,,,,,,,,,,,,,,,,,,,,,,,,,,,,,,,,,,,,,,,,,,,,,,,,,,,,,,,,,,,,,,,,,,,,,,,,,,,,,,,,,,,,,,,,,,,,,
Domino's,Pineapple,,,,,,,,,,142,90,0,0,0,0,0,15,23,1,21,1,,Pineapple,,,,,,,,,,,,,,,,,,,,,,,,,,,,,,,,,,,,,,,,,,,,,,,,,,,,,,,,,,,,,,,,,,,,,,,,,,,,,,,,,,,,,,,,,,,,,,,,,,,,,,,,,,,,,
Domino's,"Red Pepper, Roasted",,,,,,,,,,85,15,0,0,0,0,0,140,3,1,2,1,,"Red Pepper, Roasted",,,,,,,,,,,,,,,,,,,,,,,,,,,,,,,,,,,,,,,,,,,,,,,,,,,,,,,,,,,,,,,,,,,,,,,,,,,,,,,,,,,,,,,,,,,,,,,,,,,,,,,,,,,,,
Domino's,Salami,,,,,,,,,,75,290,220,24,9,0,70,1270,2,0,2,18,,Salami,,,,,,,,,,,,,,,,,,,,,,,,,,,,,,,,,,,,,,,,,,,,,,,,,,,,,,,,,,,,,,,,,,,,,,,,,,,,,,,,,,,,,,,,,,,,,,,,,,,,,,,,,,,,,
Domino's,"Sausage, Italian",,,,,,,,,,142,500,380,42,16,0,80,1470,13,0,6,17,,"Sausage, Italian",,,,,,,,,,,,,,,,,,,,,,,,,,,,,,,,,,,,,,,,,,,,,,,,,,,,,,,,,,,,,,,,,,,,,,,,,,,,,,,,,,,,,,,,,,,,,,,,,,,,,,,,,,,,,
Domino's,"Sausage, Sliced",,,,,,,,,,119,390,310,34,12,0,85,940,0,0,0,20,,"Sausage, Sliced",,,,,,,,,,,,,,,,,,,,,,,,,,,,,,,,,,,,,,,,,,,,,,,,,,,,,,,,,,,,,,,,,,,,,,,,,,,,,,,,,,,,,,,,,,,,,,,,,,,,,,,,,,,,,
Domino's,Fresh Baby Spinach,,,,,,,,,,57,15,0,0,0,0,0,45,2,1,0,2,,Fresh Baby Spinach,,,,,,,,,,,,,,,,,,,,,,,,,,,,,,,,,,,,,,,,,,,,,,,,,,,,,,,,,,,,,,,,,,,,,,,,,,,,,,,,,,,,,,,,,,,,,,,,,,,,,,,,,,,,,
Domino's,Tomatoes,,,,,,,,,,142,30,0,0,0,0,0,450,7,3,4,1,,Tomatoes,,,,,,,,,,,,,,,,,,,,,,,,,,,,,,,,,,,,,,,,,,,,,,,,,,,,,,,,,,,,,,,,,,,,,,,,,,,,,,,,,,,,,,,,,,,,,,,,,,,,,,,,,,,,,
Domino's,Wing Sauce,,,,,,,,,,43,15,0,0,0,0,0,1380,3,1,1,0,,Wing Sauce,,,,,,,,,,,,,,,,,,,,,,,,,,,,,,,,,,,,,,,,,,,,,,,,,,,,,,,,,,,,,,,,,,,,,,,,,,,,,,,,,,,,,,,,,,,,,,,,,,,,,,,,,,,,,
Domino's,Crunchy Thin Crust,,,,,,,,,,,,,,,,,,,,,,,,Crunchy Thin Crust,,,,,,,,,,,,,,,,,,,,,,,,,,,,,,,,,,,,,,,,,,,,,,,,,,,,,,,,,,,,,,,,,,,,,,,,,,,,,,,,,,,,,,,,,,,,,,,,,,,,,,,,,,,,
Domino's,Hand Tossed,,,,,,,,,,,,,,,,,,,,,,,,Hand Tossed,,,,,,,,,,,,,,,,,,,,,,,,,,,,,,,,,,,,,,,,,,,,,,,,,,,,,,,,,,,,,,,,,,,,,,,,,,,,,,,,,,,,,,,,,,,,,,,,,,,,,,,,,,,,
Domino's,Handmade Pan Pizza,,,,,,,,,,,,,,,,,,,,,,,,Handmade Pan Pizza,,,,,,,,,,,,,,,,,,,,,,,,,,,,,,,,,,,,,,,,,,,,,,,,,,,,,,,,,,,,,,,,,,,,,,,,,,,,,,,,,,,,,,,,,,,,,,,,,,,,,,,,,,,,
Domino's,Brooklyn Style,,,,,,,,,,,,,,,,,,,,,,,,Brooklyn Style,,,,,,,,,,,,,,,,,,,,,,,,,,,,,,,,,,,,,,,,,,,,,,,,,,,,,,,,,,,,,,,,,,,,,,,,,,,,,,,,,,,,,,,,,,,,,,,,,,,,,,,,,,,,
Domino's,Gluten Free Crust,,,,,,,,,,,,,,,,,,,,,,,,Gluten Free Crust,,,,,,,,,,,,,,,,,,,,,,,,,,,,,,,,,,,,,,,,,,,,,,,,,,,,,,,,,,,,,,,,,,,,,,,,,,,,,,,,,,,,,,,,,,,,,,,,,,,,,,,,,,,,
Domino's,Build Your Own Pizza:,,,,,,,,,,Amount for Entire Extra Large Pizza,,,,,,,,,,,,,,Build Your Own Pizza:,,,,,,,,,,,,,,,,,,,,,,,,,,,,,,,,,,,,,,,,,,,,,,,,,,,,,,,,,,,,,,,,,,,,,,,,,,,,,,,,,,,,,,,,,,,,,,,,,,,,,,,,,,,,
Domino's,"Crust
for entire extra large pizza",,Hand Tossed,,,,,,,,727,1850,340,38,9,0,0,2060,320,11,16,59,,,"Crust
for entire extra large pizza",,,,,,,,,,,,,,,,,,,,,,,,,,,,,,,,,,,,,,,,,,,,,,,,,,,,,,,,,,,,,,,,,,,,,,,,,,,,,,,,,,,,,,,,,,,,,,,,,,,,,,,,,,,,
Domino's,,,Crunchy Thin Crust,,,,,,,,340,1300,450,50,8,0.5,10,230,179,9,10,32,,,,,,,,,,,,,,,,,,,,,,,,,,,,,,,,,,,,,,,,,,,,,,,,,,,,,,,,,,,,,,,,,,,,,,,,,,,,,,,,,,,,,,,,,,,,,,,,,,,,,,,,,,,,,,,
Domino's,,,Pan Pizza,,,,,,,,n/a,n/a,n/a,n/a,n/a,n/a,n/a,n/a,n/a,n/a,n/a,n/a,,,,,,,,,,,,,,,,,,,,,,,,,,,,,,,,,,,,,,,,,,,,,,,,,,,,,,,,,,,,,,,,,,,,,,,,,,,,,,,,,,,,,,,,,,,,,,,,,,,,,,,,,,,,,,,
Domino's,,,Brooklyn Style,,,,,,,,541,1320,170,19,3.5,0,0,1380,243,8,12,44,,,,,,,,,,,,,,,,,,,,,,,,,,,,,,,,,,,,,,,,,,,,,,,,,,,,,,,,,,,,,,,,,,,,,,,,,,,,,,,,,,,,,,,,,,,,,,,,,,,,,,,,,,,,,,,
Domino's,,,Gluten Free Crust,,,,,,,,See p. 2 for more details on Gluten Free Crust pizza nutrition information.,,,,,,,,,,,,,,,,,,,,,,,,,,,,,,,,,,,,,,,,,,,,,,,,,,,,,,,,,,,,,,,,,,,,,,,,,,,,,,,,,,,,,,,,,,,,,,,,,,,,,,,,,,,,,,,,,,,,,,,,,,
Domino's,,,,,,,,,,,,,,,,,,,,,,,,,,,,,,,,,,,,,,,,,,,,,,,,,,,,,,,,,,,,,,,,,,,,,,,,,,,,,,,,,,,,,,,,,,,,,,,,,,,,,,,,,,,,,,,,,,,,,,,,,,,,,,,,,,,,,
Domino's,"Sauce
for entire extra large pizza",,Robust Tomato,,,,,,,,227,130,5,0,0,0,0,1190,25,6,16,5,,,"Sauce
for entire extra large pizza",,,,,,,,,,,,,,,,,,,,,,,,,,,,,,,,,,,,,,,,,,,,,,,,,,,,,,,,,,,,,,,,,,,,,,,,,,,,,,,,,,,,,,,,,,,,,,,,,,,,,,,,,,,,
Domino's,,,BBQ,,,,,,,,128,240,0,0,0,0,0,920,52,2,46,2,,,,,,,,,,,,,,,,,,,,,,,,,,,,,,,,,,,,,,,,,,,,,,,,,,,,,,,,,,,,,,,,,,,,,,,,,,,,,,,,,,,,,,,,,,,,,,,,,,,,,,,,,,,,,,,
Domino's,,,Garlic Parm White,,,,,,,,142,640,600,66,12,1,35,1140,6,1,3,4,,,,,,,,,,,,,,,,,,,,,,,,,,,,,,,,,,,,,,,,,,,,,,,,,,,,,,,,,,,,,,,,,,,,,,,,,,,,,,,,,,,,,,,,,,,,,,,,,,,,,,,,,,,,,,,
Domino's,,,Marinara,,,,,,,,227,140,35,4,2,0,10,1410,21,4,14,4,,,,,,,,,,,,,,,,,,,,,,,,,,,,,,,,,,,,,,,,,,,,,,,,,,,,,,,,,,,,,,,,,,,,,,,,,,,,,,,,,,,,,,,,,,,,,,,,,,,,,,,,,,,,,,,
Domino's,,,Alfredo,,,,,,,,142,350,290,32,19,1.0,85,890,9,0,1,7,,,,,,,,,,,,,,,,,,,,,,,,,,,,,,,,,,,,,,,,,,,,,,,,,,,,,,,,,,,,,,,,,,,,,,,,,,,,,,,,,,,,,,,,,,,,,,,,,,,,,,,,,,,,,,,
Domino's,,,,,,,,,,,,,,,,,,,,,,,,,,,,,,,,,,,,,,,,,,,,,,,,,,,,,,,,,,,,,,,,,,,,,,,,,,,,,,,,,,,,,,,,,,,,,,,,,,,,,,,,,,,,,,,,,,,,,,,,,,,,,,,,,,,,,
Domino's,"Cheese for entire
hand tossed or Crunchy
Thin crust extra large pizza",,Regular Cheese,,,,,,,,255,680,450,50,31,2,185,2250,14,3,2,41,,,"Cheese for entire
hand tossed or Crunchy
Thin crust extra large pizza",,,,,,,,,,,,,,,,,,,,,,,,,,,,,,,,,,,,,,,,,,,,,,,,,,,,,,,,,,,,,,,,,,,,,,,,,,,,,,,,,,,,,,,,,,,,,,,,,,,,,,,,,,,,
Domino's,,,Cheese Only Pizza,,,,,,,,383,1010,680,76,47,2.5,280,3370,21,4,3,62,,,,,,,,,,,,,,,,,,,,,,,,,,,,,,,,,,,,,,,,,,,,,,,,,,,,,,,,,,,,,,,,,,,,,,,,,,,,,,,,,,,,,,,,,,,,,,,,,,,,,,,,,,,,,,,
Domino's,,,Extra Cheese (w/ toppings),,,,,,,,383,1010,680,76,47,2.5,280,3370,21,4,3,62,,,,,,,,,,,,,,,,,,,,,,,,,,,,,,,,,,,,,,,,,,,,,,,,,,,,,,,,,,,,,,,,,,,,,,,,,,,,,,,,,,,,,,,,,,,,,,,,,,,,,,,,,,,,,,,
Domino's,"Cheese
for entire Brooklyn Style
extra large pizza",,Regular Cheese,,,,,,,,283,880,630,70,43,2.5,260,2430,9,1,2,53,,,"Cheese
for entire Brooklyn Style
extra large pizza",,,,,,,,,,,,,,,,,,,,,,,,,,,,,,,,,,,,,,,,,,,,,,,,,,,,,,,,,,,,,,,,,,,,,,,,,,,,,,,,,,,,,,,,,,,,,,,,,,,,,,,,,,,,
Domino's,,,Cheese Only Pizza,,,,,,,,340,1030,730,81,50,3,300,2930,12,2,3,62,,,,,,,,,,,,,,,,,,,,,,,,,,,,,,,,,,,,,,,,,,,,,,,,,,,,,,,,,,,,,,,,,,,,,,,,,,,,,,,,,,,,,,,,,,,,,,,,,,,,,,,,,,,,,,,
Domino's,,,Extra Cheese (w/ toppings),,,,,,,,340,1030,730,81,50,3,300,2930,12,2,3,62,,,,,,,,,,,,,,,,,,,,,,,,,,,,,,,,,,,,,,,,,,,,,,,,,,,,,,,,,,,,,,,,,,,,,,,,,,,,,,,,,,,,,,,,,,,,,,,,,,,,,,,,,,,,,,,
Domino's,Toppings for a 1 topping extra large pizza,,,,,,,,,,Amount for Entire Extra Large Pizza,,,,,,,,,,,,,,Toppings for a 1 topping extra large pizza,,,,,,,,,,,,,,,,,,,,,,,,,,,,,,,,,,,,,,,,,,,,,,,,,,,,,,,,,,,,,,,,,,,,,,,,,,,,,,,,,,,,,,,,,,,,,,,,,,,,,,,,,,,,
Domino's,Anchovies*,,,,,,,,,,57,110,70,8,0,0,45,3310,63,0,0,13,,,Anchovies*,,,,,,,,,,,,,,,,,,,,,,,,,,,,,,,,,,,,,,,,,,,,,,,,,,,,,,,,,,,,,,,,,,,,,,,,,,,,,,,,,,,,,,,,,,,,,,,,,,,,,,,,,,,,
Domino's,Bacon,,,,,,,,,,142,670,460,51,18,0,160,2520,12,0,6,41,,,Bacon,,,,,,,,,,,,,,,,,,,,,,,,,,,,,,,,,,,,,,,,,,,,,,,,,,,,,,,,,,,,,,,,,,,,,,,,,,,,,,,,,,,,,,,,,,,,,,,,,,,,,,,,,,,,
Domino's,Banana Peppers,,,,,,,,,,113,35,5,0.5,0,0,0,540,6,4,6,2,,,Banana Peppers,,,,,,,,,,,,,,,,,,,,,,,,,,,,,,,,,,,,,,,,,,,,,,,,,,,,,,,,,,,,,,,,,,,,,,,,,,,,,,,,,,,,,,,,,,,,,,,,,,,,,,,,,,,,
Domino's,Beef,,,,,,,,,,184,560,430,48,20,1,125,1050,0,1,0,29,,,Beef,,,,,,,,,,,,,,,,,,,,,,,,,,,,,,,,,,,,,,,,,,,,,,,,,,,,,,,,,,,,,,,,,,,,,,,,,,,,,,,,,,,,,,,,,,,,,,,,,,,,,,,,,,,,
Domino's,eseehC,,,,,,,,,,128,470,350,39,24,1,115,2290,4,0,2,24,,,eseehC,,,,,,,,,,,,,,,,,,,,,,,,,,,,,,,,,,,,,,,,,,,,,,,,,,,,,,,,,,,,,,,,,,,,,,,,,,,,,,,,,,,,,,,,,,,,,,,,,,,,,,,,,,,,
Domino's,,,,,,,,,,,99,400,300,33,21,1.5,105,620,1,0,1,25,,,,,,,,,,,,,,,,,,,,,,,,,,,,,,,,,,,,,,,,,,,,,,,,,,,,,,,,,,,,,,,,,,,,,,,,,,,,,,,,,,,,,,,,,,,,,,,,,,,,,,,,,,,,,,,
Domino's,,,,,,,,,,,71,150,90,10,6,0,30,630,2,0,1,12,,,,,,,,,,,,,,,,,,,,,,,,,,,,,,,,,,,,,,,,,,,,,,,,,,,,,,,,,,,,,,,,,,,,,,,,,,,,,,,,,,,,,,,,,,,,,,,,,,,,,,,,,,,,,,,
Domino's,,,,,,,,,,,71,280,180,20,14,0.5,55,770,2,0,0,21,,,,,,,,,,,,,,,,,,,,,,,,,,,,,,,,,,,,,,,,,,,,,,,,,,,,,,,,,,,,,,,,,,,,,,,,,,,,,,,,,,,,,,,,,,,,,,,,,,,,,,,,,,,,,,,
Domino's,,,,,,,,,,,99,340,260,28,17,1,105,830,1,0,1,20,,,,,,,,,,,,,,,,,,,,,,,,,,,,,,,,,,,,,,,,,,,,,,,,,,,,,,,,,,,,,,,,,,,,,,,,,,,,,,,,,,,,,,,,,,,,,,,,,,,,,,,,,,,,,,,
Domino's,Chicken,,,,,,,,,,184,260,70,8,2,0,105,1350,6,0,0,41,,,Chicken,,,,,,,,,,,,,,,,,,,,,,,,,,,,,,,,,,,,,,,,,,,,,,,,,,,,,,,,,,,,,,,,,,,,,,,,,,,,,,,,,,,,,,,,,,,,,,,,,,,,,,,,,,,,
Domino's,Chorizo*,,,,,,,,,,184,170,70,7,3,0,55,1110,2,0,2,22,,,Chorizo*,,,,,,,,,,,,,,,,,,,,,,,,,,,,,,,,,,,,,,,,,,,,,,,,,,,,,,,,,,,,,,,,,,,,,,,,,,,,,,,,,,,,,,,,,,,,,,,,,,,,,,,,,,,,
Domino's,Garlic*,,,,,,,,,,43,60,0,0,0,0,0,5,14,1,0,3,,,Garlic*,,,,,,,,,,,,,,,,,,,,,,,,,,,,,,,,,,,,,,,,,,,,,,,,,,,,,,,,,,,,,,,,,,,,,,,,,,,,,,,,,,,,,,,,,,,,,,,,,,,,,,,,,,,,
Domino's,Green Chile Pepper*,,,,,,,,,,113,20,0,0,0,0,0,15,5,4,2,1,,,Green Chile Pepper*,,,,,,,,,,,,,,,,,,,,,,,,,,,,,,,,,,,,,,,,,,,,,,,,,,,,,,,,,,,,,,,,,,,,,,,,,,,,,,,,,,,,,,,,,,,,,,,,,,,,,,,,,,,,
Domino's,Fresh Green Peppers,,,,,,,,,,113,25,0,0,0,0,0,0,5,2,3,1,,,Fresh Green Peppers,,,,,,,,,,,,,,,,,,,,,,,,,,,,,,,,,,,,,,,,,,,,,,,,,,,,,,,,,,,,,,,,,,,,,,,,,,,,,,,,,,,,,,,,,,,,,,,,,,,,,,,,,,,,
Domino's,Ham,,,,,,,,,,128,160,70,8,2.5,0,60,1830,1,0,1,20,,,Ham,,,,,,,,,,,,,,,,,,,,,,,,,,,,,,,,,,,,,,,,,,,,,,,,,,,,,,,,,,,,,,,,,,,,,,,,,,,,,,,,,,,,,,,,,,,,,,,,,,,,,,,,,,,,
Domino's,Jalapenos,,,,,,,,,,113,35,5,0.5,0,0,0,1920,7,3,7,2,,,Jalapenos,,,,,,,,,,,,,,,,,,,,,,,,,,,,,,,,,,,,,,,,,,,,,,,,,,,,,,,,,,,,,,,,,,,,,,,,,,,,,,,,,,,,,,,,,,,,,,,,,,,,,,,,,,,,
Domino's,Fresh Mushrooms,,,,,,,,,,184,35,0,0,0,0,0,40,4,1,0,5,,,Fresh Mushrooms,,,,,,,,,,,,,,,,,,,,,,,,,,,,,,,,,,,,,,,,,,,,,,,,,,,,,,,,,,,,,,,,,,,,,,,,,,,,,,,,,,,,,,,,,,,,,,,,,,,,,,,,,,,,
Domino's,"Olive, Black",,,,,,,,,,113,200,180,20,4.5,0,0,830,3,3,0,1,,,"Olive, Black",,,,,,,,,,,,,,,,,,,,,,,,,,,,,,,,,,,,,,,,,,,,,,,,,,,,,,,,,,,,,,,,,,,,,,,,,,,,,,,,,,,,,,,,,,,,,,,,,,,,,,,,,,,,
Domino's,"Olive, Green*",,,,,,,,,,113,200,180,20,4.5,0,0,2490,3,3,0,1,,,"Olive, Green*",,,,,,,,,,,,,,,,,,,,,,,,,,,,,,,,,,,,,,,,,,,,,,,,,,,,,,,,,,,,,,,,,,,,,,,,,,,,,,,,,,,,,,,,,,,,,,,,,,,,,,,,,,,,
Domino's,Fresh Onions,,,,,,,,,,71,20,0,0,0.5,0,0,10,4,1,0,1,,,Fresh Onions,,,,,,,,,,,,,,,,,,,,,,,,,,,,,,,,,,,,,,,,,,,,,,,,,,,,,,,,,,,,,,,,,,,,,,,,,,,,,,,,,,,,,,,,,,,,,,,,,,,,,,,,,,,,
Domino's,Pepperoni,,,,,,,,,,96,430,340,38,14,0.5,90,1840,0,0,1,20,,,Pepperoni,,,,,,,,,,,,,,,,,,,,,,,,,,,,,,,,,,,,,,,,,,,,,,,,,,,,,,,,,,,,,,,,,,,,,,,,,,,,,,,,,,,,,,,,,,,,,,,,,,,,,,,,,,,,
Domino's,Philly Steak,,,,,,,,,,142,170,60,6,3,0,65,990,4,0,3,25,,,Philly Steak,,,,,,,,,,,,,,,,,,,,,,,,,,,,,,,,,,,,,,,,,,,,,,,,,,,,,,,,,,,,,,,,,,,,,,,,,,,,,,,,,,,,,,,,,,,,,,,,,,,,,,,,,,,,
Domino's,Pineapple,,,,,,,,,,184,110,0,0,0,0,0,20,30,2,27,1,,,Pineapple,,,,,,,,,,,,,,,,,,,,,,,,,,,,,,,,,,,,,,,,,,,,,,,,,,,,,,,,,,,,,,,,,,,,,,,,,,,,,,,,,,,,,,,,,,,,,,,,,,,,,,,,,,,,
Domino's,"Red Pepper, Roasted",,,,,,,,,,113,25,0,0,0,0,0,190,5,1,2,1,,,"Red Pepper, Roasted",,,,,,,,,,,,,,,,,,,,,,,,,,,,,,,,,,,,,,,,,,,,,,,,,,,,,,,,,,,,,,,,,,,,,,,,,,,,,,,,,,,,,,,,,,,,,,,,,,,,,,,,,,,,
Domino's,Salami,,,,,,,,,,94,370,270,31,12,0,90,1590,2,0,2,22,,,Salami,,,,,,,,,,,,,,,,,,,,,,,,,,,,,,,,,,,,,,,,,,,,,,,,,,,,,,,,,,,,,,,,,,,,,,,,,,,,,,,,,,,,,,,,,,,,,,,,,,,,,,,,,,,,
Domino's,"Sausage, Italian",,,,,,,,,,184,650,490,55,20,0,105,1920,16,0,7,22,,,"Sausage, Italian",,,,,,,,,,,,,,,,,,,,,,,,,,,,,,,,,,,,,,,,,,,,,,,,,,,,,,,,,,,,,,,,,,,,,,,,,,,,,,,,,,,,,,,,,,,,,,,,,,,,,,,,,,,,
Domino's,"Sausage, Sliced",,,,,,,,,,149,490,380,43,15,0,105,1180,1,0,1,25,,,"Sausage, Sliced",,,,,,,,,,,,,,,,,,,,,,,,,,,,,,,,,,,,,,,,,,,,,,,,,,,,,,,,,,,,,,,,,,,,,,,,,,,,,,,,,,,,,,,,,,,,,,,,,,,,,,,,,,,,
Domino's,Fresh Baby Spinach,,,,,,,,,,71,15,0,0,0,0,0,55,3,2,0,2,,,Fresh Baby Spinach,,,,,,,,,,,,,,,,,,,,,,,,,,,,,,,,,,,,,,,,,,,,,,,,,,,,,,,,,,,,,,,,,,,,,,,,,,,,,,,,,,,,,,,,,,,,,,,,,,,,,,,,,,,,
Domino's,Tomatoes,,,,,,,,,,184,35,0,0,0,0,0,580,9,4,6,2,,,Tomatoes,,,,,,,,,,,,,,,,,,,,,,,,,,,,,,,,,,,,,,,,,,,,,,,,,,,,,,,,,,,,,,,,,,,,,,,,,,,,,,,,,,,,,,,,,,,,,,,,,,,,,,,,,,,,
Domino's,Wing Sauce,,,,,,,,,,57,20,0,0,0,0,0,1830,4,1,1,1,,,Wing Sauce,,,,,,,,,,,,,,,,,,,,,,,,,,,,,,,,,,,,,,,,,,,,,,,,,,,,,,,,,,,,,,,,,,,,,,,,,,,,,,,,,,,,,,,,,,,,,,,,,,,,,,,,,,,,
Domino's,Crunchy Thin Crust,,,,,,,,,,,,,,,,,,,,,,,,,Crunchy Thin Crust,1/4 pizza,1/4 pizza,1/8 pizza,n/a,,,,,,,,,,,,,,,,,,,,,,,,,,,,,,,,,,,,,,,,,,,,,,,,,,,,,,,,,,,,,,,,,,,,,,,,,,,,,,,,,,,,,,,,,,,,,,,,,,,,,,,
Domino's,Hand Tossed,,,,,,,,,,,,,,,,,,,,,,,,,Hand Tossed,1/6 pizza,1/8 pizza,1/8 pizza,1/8 pizza,,,,,,,,,,,,,,,,,,,,,,,,,,,,,,,,,,,,,,,,,,,,,,,,,,,,,,,,,,,,,,,,,,,,,,,,,,,,,,,,,,,,,,,,,,,,,,,,,,,,,,,
Domino's,Handmade Pan Pizza,,,,,,,,,,,,,,,,,,,,,,,,,Handmade Pan Pizza,n/a,1/8 pizza,n/a,n/a,,,,,,,,,,,,,,,,,,,,,,,,,,,,,,,,,,,,,,,,,,,,,,,,,,,,,,,,,,,,,,,,,,,,,,,,,,,,,,,,,,,,,,,,,,,,,,,,,,,,,,,
Domino's,Brooklyn Style,,,,,,,,,,,,,,,,,,,,,,,,,Brooklyn Style,n/a,n/a,1/6 pizza,1/6 pizza,,,,,,,,,,,,,,,,,,,,,,,,,,,,,,,,,,,,,,,,,,,,,,,,,,,,,,,,,,,,,,,,,,,,,,,,,,,,,,,,,,,,,,,,,,,,,,,,,,,,,,,
Domino's,Gluten Free Crust,,,,,,,,,,,,,,,,,,,,,,,,,Gluten Free Crust,1/6 pizza,n/a,n/a,n/a,,,,,,,,,,,,,,,,,,,,,,,,,,,,,,,,,,,,,,,,,,,,,,,,,,,,,,,,,,,,,,,,,,,,,,,,,,,,,,,,,,,,,,,,,,,,,,,,,,,,,,,
Domino's,Domino’s Handmade Pan Pizza Amount for Entire 12” Pizza,,,,,,,,,,,,,,,,,,,,,,,,,Domino’s Handmade Pan Pizza Amount for Entire 12” Pizza,,,,,,,,,,,,,,,,,,,,,,,,,,,,,,,,,,,,,,,,,,,,,,,,,,,,,,,,,,,,,,,,,,,,,,,,,,,,,,,,,,,,,,,,,,,,,,,,,,,,,,,,,,,
Domino's,Crust only (handmade pan dough),,,,,,,,,,505,1530,500,56,29,0,0,1240,214,7,9,38,,,,Crust only (handmade pan dough),,,,,,,,,,,,,,,,,,,,,,,,,,,,,,,,,,,,,,,,,,,,,,,,,,,,,,,,,,,,,,,,,,,,,,,,,,,,,,,,,,,,,,,,,,,,,,,,,,,,,,,,,,,
Domino's,,,,,,,,,,,,,,,,,,,,,,,,,,,,,,,,,,,,,,,,,,,,,,,,,,,,,,,,,,,,,,,,,,,,,,,,,,,,,,,,,,,,,,,,,,,,,,,,,,,,,,,,,,,,,,,,,,,,,,,,,,,,,,,,,,,,,
Domino's,"Sauce only (Robust Tomato, BBQ, Alfredo,
Garlic Parm White, Marinara)",,,,,,,,,,85,45-390,0-360,0-40,0-12,0-0.5,0-50,460-730,4-33,0-2,1-29,1-4,,,,"Sauce only (Robust Tomato, BBQ, Alfredo,
Garlic Parm White, Marinara)",,,,,,,,,,,,,,,,,,,,,,,,,,,,,,,,,,,,,,,,,,,,,,,,,,,,,,,,,,,,,,,,,,,,,,,,,,,,,,,,,,,,,,,,,,,,,,,,,,,,,,,,,,,
Domino's,,,,,,,,,,,,,,,,,,,,,,,,,,,,,,,,,,,,,,,,,,,,,,,,,,,,,,,,,,,,,,,,,,,,,,,,,,,,,,,,,,,,,,,,,,,,,,,,,,,,,,,,,,,,,,,,,,,,,,,,,,,,,,,,,,,,,
Domino's,Cheese (pizza with toppings),,,,,,,,,,177,560,410,45,28,1.5,165,1510,5,1,2,33,,,,Cheese (pizza with toppings),,Light,,,,,,,,,,,,,,,,,,,,,,,,,,,,,,,,,,,,,,,,,,,,,,,,,,,,,,,,,,,,,,,,,,,,,,,,,,,,,,,,,,,,,,,,,,,,,,,,,,,,,,,,,
Domino's,,,,,,,,,,,198,620,440,49,30,2,180,1700,7,1,2,37,,,,,,Regular,,,,,,,,,,,,,,,,,,,,,,,,,,,,,,,,,,,,,,,,,,,,,,,,,,,,,,,,,,,,,,,,,,,,,,,,,,,,,,,,,,,,,,,,,,,,,,,,,,,,,,,,,
Domino's,,,,,,,,,,,241,730,520,58,35,2,215,2070,9,1,2,44,,,,,,Extra Cheese,,,,,,,,,,,,,,,,,,,,,,,,,,,,,,,,,,,,,,,,,,,,,,,,,,,,,,,,,,,,,,,,,,,,,,,,,,,,,,,,,,,,,,,,,,,,,,,,,,,,,,,,,
Domino's,Cheese only,,,,,,,,,,177,560,410,45,28,1.5,165,1510,5,1,2,33,,,,Cheese only,,Light,,,,,,,,,,,,,,,,,,,,,,,,,,,,,,,,,,,,,,,,,,,,,,,,,,,,,,,,,,,,,,,,,,,,,,,,,,,,,,,,,,,,,,,,,,,,,,,,,,,,,,,,,
Domino's,,,,,,,,,,,241,730,520,58,35,2,215,2070,9,1,2,44,,,,,,Regular,,,,,,,,,,,,,,,,,,,,,,,,,,,,,,,,,,,,,,,,,,,,,,,,,,,,,,,,,,,,,,,,,,,,,,,,,,,,,,,,,,,,,,,,,,,,,,,,,,,,,,,,,
Domino's,,,,,,,,,,,283,840,590,66,41,2.5,245,2450,11,2,3,51,,,,,,Extra Cheese,,,,,,,,,,,,,,,,,,,,,,,,,,,,,,,,,,,,,,,,,,,,,,,,,,,,,,,,,,,,,,,,,,,,,,,,,,,,,,,,,,,,,,,,,,,,,,,,,,,,,,,,,
Domino's,,,,,,,,,,,,,,,,,,,,,,,,,,,,,,,,,,,,,,,,,,,,,,,,,,,,,,,,,,,,,,,,,,,,,,,,,,,,,,,,,,,,,,,,,,,,,,,,,,,,,,,,,,,,,,,,,,,,,,,,,,,,,,,,,,,,,
Domino's,Pepperoni Handmade Pan Pizza,,,,,,,,,,841,2420,1160,130,69,3,230,4310,227,10,18,87,,,,Pepperoni Handmade Pan Pizza,,,,,,,,,,,,,,,,,,,,,,,,,,,,,,,,,,,,,,,,,,,,,,,,,,,,,,,,,,,,,,,,,,,,,,,,,,,,,,,,,,,,,,,,,,,,,,,,,,,,,,,,,,,
Domino's,See p.3 for individual topping calorie information.,,,,,,,,,,,,,,,,,,,,,,,,,See p.3 for individual topping calorie information.,,,,,,,,,,,,,,,,,,,,,,,,,,,,,,,,,,,,,,,,,,,,,,,,,,,,,,,,,,,,,,,,,,,,,,,,,,,,,,,,,,,,,,,,,,,,,,,,,,,,,,,,,,,
Domino's,Domino’s American Legends® Amount for Entire Pizza (Hand Tossed Dough),,,,,,,,,,,,,,,,,,,,,,,,,Domino’s American Legends® Amount for Entire Pizza (Hand Tossed Dough),,,,,,,,,,,,,,,,,,,,,,,,,,,,,,,,,,,,,,,,,,,,,,,,,,,,,,,,,,,,,,,,,,,,,,,,,,,,,,,,,,,,,,,,,,,,,,,,,,,,,,,,,,,
Domino's,"Buffalo Chicken, Cali Chicken
Bacon Ranch™, Fiery Hawaiian,
Honolulu Hawaiian, Memphis
BBQ Chicken, Philly Cheese
Steak, Pacific Veggie,
Wisconsin 6 Cheese,
Spinach & Feta",,,,,,,,,,403-776,1060- 1850,540-920,60-103,23-39,1-2,120-210,2160- 4550,81-173,6- 10,8- 26,40 - 73,,,,"Buffalo Chicken, Cali Chicken
Bacon Ranch™, Fiery Hawaiian,
Honolulu Hawaiian, Memphis
BBQ Chicken, Philly Cheese
Steak, Pacific Veggie,
Wisconsin 6 Cheese,
Spinach & Feta",,S,,,,,,,,,,,,,,,,,,,,,,,,,,,,,,,,,,,,,,,,,,,,,,,,,,,,,,,,,,,,,,,,,,,,,,,,,,,,,,,,,,,,,,,,,,,,,,,,,,,,,,,,,
Domino's,,,,,,,,,,,578 -1113,1500- 2860,730-1560,82-173,33-59,1.5- 3.5,170- 305,3170 - 7170,114- 251,8- 30,11- 36,56 -102,,,,,,M,,,,,,,,,,,,,,,,,,,,,,,,,,,,,,,,,,,,,,,,,,,,,,,,,,,,,,,,,,,,,,,,,,,,,,,,,,,,,,,,,,,,,,,,,,,,,,,,,,,,,,,,,
Domino's,,,,,,,,,,,777 -1467,1840 -3770,790- 2030,87- 225,40- 78,2- 4.5,225- 405,4200 - 9290,154- 339,9- 38,14- 50,75 -136,,,,,,L,,,,,,,,,,,,,,,,,,,,,,,,,,,,,,,,,,,,,,,,,,,,,,,,,,,,,,,,,,,,,,,,,,,,,,,,,,,,,,,,,,,,,,,,,,,,,,,,,,,,,,,,,
Domino's,,,,,,,,,,,1050-1875,2760- 4580,1110- 2490,123 -277,55- 99,2.5 -5,305 -535,5680- 11130,215- 414,13 -24,21-71,103-179,,,,,,XL,,,,,,,,,,,,,,,,,,,,,,,,,,,,,,,,,,,,,,,,,,,,,,,,,,,,,,,,,,,,,,,,,,,,,,,,,,,,,,,,,,,,,,,,,,,,,,,,,,,,,,,,,
Domino's,Feast Pizzas,,,,,,,,,,Amount for Entire Pizza (Hand Tossed Dough),,,,,,,,,,,,,,,Feast Pizzas,,,,,,,,,,,,,,,,,,,,,,,,,,,,,,,,,,,,,,,,,,,,,,,,,,,,,,,,,,,,,,,,,,,,,,,,,,,,,,,,,,,,,,,,,,,,,,,,,,,,,,,,,,,
Domino's,"America’s Favorite, Bacon
Cheeseburger*, Deluxe,
ExtravaganZZa, MeatZZa,
Ultimate Pepperoni",,,,,,,,,,403-776,1060- 1850,540-920,60-103,23-39,1-2,120-210,2160- 4550,81-173,6- 10,8- 26,40 - 73,,,,"America’s Favorite, Bacon
Cheeseburger*, Deluxe,
ExtravaganZZa, MeatZZa,
Ultimate Pepperoni",,S,,,,,,,,,,,,,,,,,,,,,,,,,,,,,,,,,,,,,,,,,,,,,,,,,,,,,,,,,,,,,,,,,,,,,,,,,,,,,,,,,,,,,,,,,,,,,,,,,,,,,,,,,
Domino's,,,,,,,,,,,578 -1113,1500- 2860,730-1560,82-173,33-59,1.5- 3.5,170- 305,3170 - 7170,114- 251,8- 30,11- 36,56 -102,,,,,,M,,,,,,,,,,,,,,,,,,,,,,,,,,,,,,,,,,,,,,,,,,,,,,,,,,,,,,,,,,,,,,,,,,,,,,,,,,,,,,,,,,,,,,,,,,,,,,,,,,,,,,,,,
Domino's,,,,,,,,,,,777 -1467,1840 -3770,790- 2030,87- 225,40- 78,2- 4.5,225- 405,4200 - 9290,154- 339,9- 38,14- 50,75 -136,,,,,,L,,,,,,,,,,,,,,,,,,,,,,,,,,,,,,,,,,,,,,,,,,,,,,,,,,,,,,,,,,,,,,,,,,,,,,,,,,,,,,,,,,,,,,,,,,,,,,,,,,,,,,,,,
Domino's,,,,,,,,,,,1050-1875,2760- 4580,1110- 2490,123 -277,55- 99,2.5 -5,305 -535,5680- 11130,215- 414,13 -24,21-71,103-179,,,,,,XL,,,,,,,,,,,,,,,,,,,,,,,,,,,,,,,,,,,,,,,,,,,,,,,,,,,,,,,,,,,,,,,,,,,,,,,,,,,,,,,,,,,,,,,,,,,,,,,,,,,,,,,,,
Domino's,Oven Baked Sandwiches,,,,,,,,,,Amount for Entire Order,,,,,,,,,,,,,,,Oven Baked Sandwiches,,,,,,,,,,,,,,,,,,,,,,,,,,,,,,,,,,,,,,,,,,,,,,,,,,,,,,,,,,,,,,,,,,,,,,,,,,,,,,,,,,,,,,,,,,,,,,,,,,,,,,,,,,,
Domino's,Buffalo Chicken (extras: see below),,,,,,,,,,350,830,370,41,16,1,115,2690,74,3,5,42,,,,Buffalo Chicken (extras: see below),,,,,,,,,,,,,,,,,,,,,,,,,,,,,,,,,,,,,,,,,,,,,,,,,,,,,,,,,,,,,,,,,,,,,,,,,,,,,,,,,,,,,,,,,,,,,,,,,,,,,,,,,,,
Domino's,Chicken Bacon Ranch (extras: see below),,,,,,,,,,315,870,400,45,16,1,125,2380,72,2,4,45,,,,Chicken Bacon Ranch (extras: see below),,,,,,,,,,,,,,,,,,,,,,,,,,,,,,,,,,,,,,,,,,,,,,,,,,,,,,,,,,,,,,,,,,,,,,,,,,,,,,,,,,,,,,,,,,,,,,,,,,,,,,,,,,,
Domino's,Chicken Parm (extras: see below),,,,,,,,,,322,750,270,30,16,1,120,2200,73,3,4,47,,,,Chicken Parm (extras: see below),,,,,,,,,,,,,,,,,,,,,,,,,,,,,,,,,,,,,,,,,,,,,,,,,,,,,,,,,,,,,,,,,,,,,,,,,,,,,,,,,,,,,,,,,,,,,,,,,,,,,,,,,,,
Domino's,Italian,,,,,,,,,,330,820,370,41,20,1,130,2700,70,3,4,41,,,,Italian,,,,,,,,,,,,,,,,,,,,,,,,,,,,,,,,,,,,,,,,,,,,,,,,,,,,,,,,,,,,,,,,,,,,,,,,,,,,,,,,,,,,,,,,,,,,,,,,,,,,,,,,,,,
Domino's,Italian Extras,,,,,,,,,,38,110,80,9,3.5,0,30,640,0,0,0,7,,,,Italian Extras,,Extra Meat,,,,,,,,,,,,,,,,,,,,,,,,,,,,,,,,,,,,,,,,,,,,,,,,,,,,,,,,,,,,,,,,,,,,,,,,,,,,,,,,,,,,,,,,,,,,,,,,,,,,,,,,,
Domino's,,,,,,,,,,,18,5,0,0,0,0,0,30,1,0,0,0,,,,,,Extra Veggies,,,,,,,,,,,,,,,,,,,,,,,,,,,,,,,,,,,,,,,,,,,,,,,,,,,,,,,,,,,,,,,,,,,,,,,,,,,,,,,,,,,,,,,,,,,,,,,,,,,,,,,,,
Domino's,Italian Sausage & Peppers,,,,,,,,,,379,860,410,45,21,1,125,2260,74,4,6,40,,,,Italian Sausage & Peppers,,,,,,,,,,,,,,,,,,,,,,,,,,,,,,,,,,,,,,,,,,,,,,,,,,,,,,,,,,,,,,,,,,,,,,,,,,,,,,,,,,,,,,,,,,,,,,,,,,,,,,,,,,,
Domino's,Mediterranean Veggie,,,,,,,,,,336,680,260,29,17,1,85,2050,72,4,5,32,,,,Mediterranean Veggie,,,,,,,,,,,,,,,,,,,,,,,,,,,,,,,,,,,,,,,,,,,,,,,,,,,,,,,,,,,,,,,,,,,,,,,,,,,,,,,,,,,,,,,,,,,,,,,,,,,,,,,,,,,
Domino's,Philly Cheese Steak,,,,,,,,,,329,690,250,28,15,1,105,2120,70,3,5,39,,,,Philly Cheese Steak,,,,,,,,,,,,,,,,,,,,,,,,,,,,,,,,,,,,,,,,,,,,,,,,,,,,,,,,,,,,,,,,,,,,,,,,,,,,,,,,,,,,,,,,,,,,,,,,,,,,,,,,,,,
Domino's,,,,,,,,,,,,,,,,,,,,,,,,,,,,,,,,,,,,,,,,,,,,,,,,,,,,,,,,,,,,,,,,,,,,,,,,,,,,,,,,,,,,,,,,,,,,,,,,,,,,,,,,,,,,,,,,,,,,,,,,,,,,,,,,,,,,,
Domino's,Drinks,,,,,,,,,,,,,,,,,,,,,,,,,Drinks,,,Nutrition information available on package label.,,,,,,,,,,,,,,,,,,,,,,,,,,,,,,,,,,,,,,,,,,,,,,,,,,,,,,,,,,,,,,,,,,,,,,,,,,,,,,,,,,,,,,,,,,,,,,,,,,,,,,,,
Domino's,Penne Pasta Amount for Entire Order,,,,,,,,,,,,,,,,,,,,,,,,,,,,,,Penne Pasta Amount for Entire Order,,,,,,,,,,,,,,,,,,,,,,,,,,,,,,,,,,,,,,,,,,,,,,,,,,,,,,,,,,,,,,,,,,,,,,,,,,,,,,,,,,,,,,,,,,,,,,,,,,,,,,
Domino's,Italian Sausage Marinara,,,,,,,,,,673,1470,470,53,20,1,65,2770,197,9,20,52,,,,,,,,,Italian Sausage Marinara,,,,,,,,,,,,,,,,,,,,,,,,,,,,,,,,,,,,,,,,,,,,,,,,,,,,,,,,,,,,,,,,,,,,,,,,,,,,,,,,,,,,,,,,,,,,,,,,,,,,,,
Domino's,,,,,,,,,,,383,670,270,30,14,0.5,65,1770,69,4,13,29,,,,,,,,,,,,,,,,,,,,,,,,,,,,,,,,,,,,,,,,,,,,,,,,,,,,,,,,,,,,,,,,,,,,,,,,,,,,,,,,,,,,,,,,,,,,,,,,,,,,,,,,,,,,,,,
Domino's,Chicken Alfredo,,,,,,,,,,617,1400,460,51,22,1,100,2080,187,6,9,51,,,,,,,,,Chicken Alfredo,,,,,,,,,,,,,,,,,,,,,,,,,,,,,,,,,,,,,,,,,,,,,,,,,,,,,,,,,,,,,,,,,,,,,,,,,,,,,,,,,,,,,,,,,,,,,,,,,,,,,,
Domino's,,,,,,,,,,,326,600,260,29,16,1,100,1080,58,2,2,27,,,,,,,,,,,,,,,,,,,,,,,,,,,,,,,,,,,,,,,,,,,,,,,,,,,,,,,,,,,,,,,,,,,,,,,,,,,,,,,,,,,,,,,,,,,,,,,,,,,,,,,,,,,,,,,
Domino's,Chicken Carbonara,,,,,,,,,,659,1480,510,57,24,1,115,2220,188,6,9,56,,,,,,,,,Chicken Carbonara,,,,,,,,,,,,,,,,,,,,,,,,,,,,,,,,,,,,,,,,,,,,,,,,,,,,,,,,,,,,,,,,,,,,,,,,,,,,,,,,,,,,,,,,,,,,,,,,,,,,,,
Domino's,,,,,,,,,,,369,670,310,35,18,1,115,1220,59,2,2,32,,,,,,,,,,,,,,,,,,,,,,,,,,,,,,,,,,,,,,,,,,,,,,,,,,,,,,,,,,,,,,,,,,,,,,,,,,,,,,,,,,,,,,,,,,,,,,,,,,,,,,,,,,,,,,,
Domino's,Pasta Primavera,,,,,,,,,,631,1340,440,49,22,1,65,1770,187,7,9,40,,,,,,,,,Pasta Primavera,,,,,,,,,,,,,,,,,,,,,,,,,,,,,,,,,,,,,,,,,,,,,,,,,,,,,,,,,,,,,,,,,,,,,,,,,,,,,,,,,,,,,,,,,,,,,,,,,,,,,,
Domino's,,,,,,,,,,,340,540,240,27,16,1,65,770,59,3,3,16,,,,,,,,,,,,,,,,,,,,,,,,,,,,,,,,,,,,,,,,,,,,,,,,,,,,,,,,,,,,,,,,,,,,,,,,,,,,,,,,,,,,,,,,,,,,,,,,,,,,,,,,,,,,,,,
Domino's,Sides Amount for Entire Order,,,,,,,,,,,,,,,,,,,,,,,,,,,,,,Sides Amount for Entire Order,,,,,,,,,,,,,,,,,,,,,,,,,,,,,,,,,,,,,,,,,,,,,,,,,,,,,,,,,,,,,,,,,,,,,,,,,,,,,,,,,,,,,,,,,,,,,,,,,,,,,,
Domino's,Chicken,,8 pc.,,,,,,,,202,400,160,17,3.5,0,75,1580,28,1,2,33,,,,,,,,,Chicken,,,,,,,,,,,,,,,,,,,,,,,,,,,,,,,,,,,,,,,,,,,,,,,,,,,,,,,,,,,,,,,,,,,,,,,,,,,,,,,,,,,,,,,,,,,,,,,,,,,,,,
Domino's,,,14 pc.,,,,,,,,354,700,280,31,6,0,130,2760,48,2,3,58,,,,,,,,,,,,,,,,,,,,,,,,,,,,,,,,,,,,,,,,,,,,,,,,,,,,,,,,,,,,,,,,,,,,,,,,,,,,,,,,,,,,,,,,,,,,,,,,,,,,,,,,,,,,,,,
Domino's,,,40 pc.,,,,,,,,1010,2000,790,87,17,0,370,7880,138,6,10,166,,,,,,,,,,,,,,,,,,,,,,,,,,,,,,,,,,,,,,,,,,,,,,,,,,,,,,,,,,,,,,,,,,,,,,,,,,,,,,,,,,,,,,,,,,,,,,,,,,,,,,,,,,,,,,,
Domino's,,,8 pc.,,,,,,,,237,410-490,230,26,7,0,170,980-2720,9-31,2,1-22,34-35,,,,,,,,,,,,,,,,,,,,,,,,,,,,,,,,,,,,,,,,,,,,,,,,,,,,,,,,,,,,,,,,,,,,,,,,,,,,,,,,,,,,,,,,,,,,,,,,,,,,,,,,,,,,,,,
Domino's,,,14 pc.,,,,,,,,414,710-860,400-410,45,12,0,295-300,1710-4750,16-54,3-4,2-38,60-61,,,,,,,,,,,,,,,,,,,,,,,,,,,,,,,,,,,,,,,,,,,,,,,,,,,,,,,,,,,,,,,,,,,,,,,,,,,,,,,,,,,,,,,,,,,,,,,,,,,,,,,,,,,,,,,
Domino's,,,40 pc.,,,,,,,,1183,2040-2460,1160-1170,128-130,35,1,850,4900-13580,46-153,8-12,7-108,173-174,,,,,,,,,,,,,,,,,,,,,,,,,,,,,,,,,,,,,,,,,,,,,,,,,,,,,,,,,,,,,,,,,,,,,,,,,,,,,,,,,,,,,,,,,,,,,,,,,,,,,,,,,,,,,,,
Domino's,,,8 pc.,,,,,,,,180,390,230,26,7,0,170,880,5,1,0,34,,,,,,,,,,,,,,,,,,,,,,,,,,,,,,,,,,,,,,,,,,,,,,,,,,,,,,,,,,,,,,,,,,,,,,,,,,,,,,,,,,,,,,,,,,,,,,,,,,,,,,,,,,,,,,,
Domino's,,,14 pc.,,,,,,,,315,670,400,45,12,0,295,1540,8,2,1,60,,,,,,,,,,,,,,,,,,,,,,,,,,,,,,,,,,,,,,,,,,,,,,,,,,,,,,,,,,,,,,,,,,,,,,,,,,,,,,,,,,,,,,,,,,,,,,,,,,,,,,,,,,,,,,,
Domino's,,,40 pc.,,,,,,,,900,1930,1150,128,35,1,850,4410,24,6,2,170,,,,,,,,,,,,,,,,,,,,,,,,,,,,,,,,,,,,,,,,,,,,,,,,,,,,,,,,,,,,,,,,,,,,,,,,,,,,,,,,,,,,,,,,,,,,,,,,,,,,,,,,,,,,,,,
Domino's,"Specialty
Chicken",,12 pc.,,,,,,,,255,510,280,31,10,0,95,3200,26,2,3,34,,,,,,,,,"Specialty
Chicken",,,,,,,,,,,,,,,,,,,,,,,,,,,,,,,,,,,,,,,,,,,,,,,,,,,,,,,,,,,,,,,,,,,,,,,,,,,,,,,,,,,,,,,,,,,,,,,,,,,,,,
Domino's,,,12 pc.,,,,,,,,269,700,430,48,13,0.5,120,2250,27,2,4,40,,,,,,,,,,,,,,,,,,,,,,,,,,,,,,,,,,,,,,,,,,,,,,,,,,,,,,,,,,,,,,,,,,,,,,,,,,,,,,,,,,,,,,,,,,,,,,,,,,,,,,,,,,,,,,,
Domino's,,,12 pc.,,,,,,,,269,510,200,22,8,0,85,1830,45,2,21,33,,,,,,,,,,,,,,,,,,,,,,,,,,,,,,,,,,,,,,,,,,,,,,,,,,,,,,,,,,,,,,,,,,,,,,,,,,,,,,,,,,,,,,,,,,,,,,,,,,,,,,,,,,,,,,,
Domino's,,,12 pc.,,,,,,,,255,580,250,28,10,0,110,2120,41,2,17,39,,,,,,,,,,,,,,,,,,,,,,,,,,,,,,,,,,,,,,,,,,,,,,,,,,,,,,,,,,,,,,,,,,,,,,,,,,,,,,,,,,,,,,,,,,,,,,,,,,,,,,,,,,,,,,,
Domino's,"Domino’s
Salads
1 serving size",,,,,,,,,,230,120,60,7,4,0,20,160,8,3,5,7,,,,,,,,,"Domino’s
Salads
1 serving size",,,,,,,,,,,,,,,,,,,,,,,,,,,,,,,,,,,,,,,,,,,,,,,,,,,,,,,,,,,,,,,,,,,,,,,,,,,,,,,,,,,,,,,,,,,,,,,,,,,,,,
Domino's,,,,,,,,,,,264,190,50,6,2,0,35,390,20,4,14,15,,,,,,,,,,,,,,,,,,,,,,,,,,,,,,,,,,,,,,,,,,,,,,,,,,,,,,,,,,,,,,,,,,,,,,,,,,,,,,,,,,,,,,,,,,,,,,,,,,,,,,,,,,,,,,,
Domino's,,,,,,,,,,,198,190,60,7,3,0,35,660,15,2,4,18,,,,,,,,,,,,,,,,,,,,,,,,,,,,,,,,,,,,,,,,,,,,,,,,,,,,,,,,,,,,,,,,,,,,,,,,,,,,,,,,,,,,,,,,,,,,,,,,,,,,,,,,,,,,,,,
Domino's,,,,,,,,,,,18,90,35,3.5,0,0,0,140,11,0,0,2,,,,,,,,,,,,,,,,,,,,,,,,,,,,,,,,,,,,,,,,,,,,,,,,,,,,,,,,,,,,,,,,,,,,,,,,,,,,,,,,,,,,,,,,,,,,,,,,,,,,,,,,,,,,,,,
Domino's,"Salad
Dressings
1 serving size",,,,,,,,,,43,220,210,24,3.5,0,10,400,2,0,1,1,,,,,,,,,"Salad
Dressings
1 serving size",,,,,,,,,,,,,,,,,,,,,,,,,,,,,,,,,,,,,,,,,,,,,,,,,,,,,,,,,,,,,,,,,,,,,,,,,,,,,,,,,,,,,,,,,,,,,,,,,,,,,,
Domino's,,,,,,,,,,,43,45,0,0,0,0,0,330,11,0,11,0,,,,,,,,,,,,,,,,,,,,,,,,,,,,,,,,,,,,,,,,,,,,,,,,,,,,,,,,,,,,,,,,,,,,,,,,,,,,,,,,,,,,,,,,,,,,,,,,,,,,,,,,,,,,,,,
Domino's,,,,,,,,,,,43,230,220,25,4,0,45,290,1,0,0,1,,,,,,,,,,,,,,,,,,,,,,,,,,,,,,,,,,,,,,,,,,,,,,,,,,,,,,,,,,,,,,,,,,,,,,,,,,,,,,,,,,,,,,,,,,,,,,,,,,,,,,,,,,,,,,,
Domino's,,,,,,,,,,,43,140,130,14,2,0,0,320,4,0,3,0,,,,,,,,,,,,,,,,,,,,,,,,,,,,,,,,,,,,,,,,,,,,,,,,,,,,,,,,,,,,,,,,,,,,,,,,,,,,,,,,,,,,,,,,,,,,,,,,,,,,,,,,,,,,,,,
Domino's,,,,,,,,,,,43,120,110,12,2,0,0,470,4,0,4,0,,,,,,,,,,,,,,,,,,,,,,,,,,,,,,,,,,,,,,,,,,,,,,,,,,,,,,,,,,,,,,,,,,,,,,,,,,,,,,,,,,,,,,,,,,,,,,,,,,,,,,,,,,,,,,,
Domino's,"Freshly
Baked Bread",,,,,,,,,,244,870,450,50,10,1,0,780,89,3,4,17,,,,,,,,,"Freshly
Baked Bread",,,,,,,,,,,,,,,,,,,,,,,,,,,,,,,,,,,,,,,,,,,,,,,,,,,,,,,,,,,,,,,,,,,,,,,,,,,,,,,,,,,,,,,,,,,,,,,,,,,,,,
Domino's,,,,,,,,,,,262,940,440,49,9,1,0,690,109,4,24,16,,,,,,,,,,,,,,,,,,,,,,,,,,,,,,,,,,,,,,,,,,,,,,,,,,,,,,,,,,,,,,,,,,,,,,,,,,,,,,,,,,,,,,,,,,,,,,,,,,,,,,,,,,,,,,,
Domino's,,,,,,,,,,,220,590,150,16,5,0,10,770,91,3,4,20,,,,,,,,,,,,,,,,,,,,,,,,,,,,,,,,,,,,,,,,,,,,,,,,,,,,,,,,,,,,,,,,,,,,,,,,,,,,,,,,,,,,,,,,,,,,,,,,,,,,,,,,,,,,,,,
Domino's,,,,,,,,,,,439,1180,290,33,11,0,20,1540,182,6,9,40,,,,,,,,,,,,,,,,,,,,,,,,,,,,,,,,,,,,,,,,,,,,,,,,,,,,,,,,,,,,,,,,,,,,,,,,,,,,,,,,,,,,,,,,,,,,,,,,,,,,,,,,,,,,,,,
Domino's,"Stuffed
Cheesy
Bread",,,,,,,,,,416,1110,400,44,24,1.5,120,1920,129,4,7,49,,,,,,,,,"Stuffed
Cheesy
Bread",,,,,,,,,,,,,,,,,,,,,,,,,,,,,,,,,,,,,,,,,,,,,,,,,,,,,,,,,,,,,,,,,,,,,,,,,,,,,,,,,,,,,,,,,,,,,,,,,,,,,,
Domino's,,,,,,,,,,,445,1150,420,47,25,1.5,125,2050,130,5,7,52,,,,,,,,,,,,,,,,,,,,,,,,,,,,,,,,,,,,,,,,,,,,,,,,,,,,,,,,,,,,,,,,,,,,,,,,,,,,,,,,,,,,,,,,,,,,,,,,,,,,,,,,,,,,,,,
Domino's,,,,,,,,,,,466,1250,490,55,28,1.5,150,2780,133,5,9,58,,,,,,,,,,,,,,,,,,,,,,,,,,,,,,,,,,,,,,,,,,,,,,,,,,,,,,,,,,,,,,,,,,,,,,,,,,,,,,,,,,,,,,,,,,,,,,,,,,,,,,,,,,,,,,,
Domino's,,,,,,,,,,,,,,,,,,,,,,,,,,,,,,,,,,,,,,,,,,,,,,,,,,,,,,,,,,,,,,,,,,,,,,,,,,,,,,,,,,,,,,,,,,,,,,,,,,,,,,,,,,,,,,,,,,,,,,,,,,,,,,,,,,,,,
Domino's,"Dipping
Cups",,,,,,,,,,43,60,0,0,0,0,0,270,15,1,14,1,,,,,,,,,"Dipping
Cups",,,,,,,,,,,,,,,,,,,,,,,,,,,,,,,,,,,,,,,,,,,,,,,,,,,,,,,,,,,,,,,,,,,,,,,,,,,,,,,,,,,,,,,,,,,,,,,,,,,,,,
Domino's,,,,,,,,,,,43,240,230,25,4.5,0,20,310,2,0,2,1,,,,,,,,,,,,,,,,,,,,,,,,,,,,,,,,,,,,,,,,,,,,,,,,,,,,,,,,,,,,,,,,,,,,,,,,,,,,,,,,,,,,,,,,,,,,,,,,,,,,,,,,,,,,,,,
Domino's,,,,,,,,,,,28,250,250,28,5,0,0,160,0,0,0,0,,,,,,,,,,,,,,,,,,,,,,,,,,,,,,,,,,,,,,,,,,,,,,,,,,,,,,,,,,,,,,,,,,,,,,,,,,,,,,,,,,,,,,,,,,,,,,,,,,,,,,,,,,,,,,,
Domino's,,,,,,,,,,,43,50,40,4.5,0.5,0,0,1480,3,0,1,0,,,,,,,,,,,,,,,,,,,,,,,,,,,,,,,,,,,,,,,,,,,,,,,,,,,,,,,,,,,,,,,,,,,,,,,,,,,,,,,,,,,,,,,,,,,,,,,,,,,,,,,,,,,,,,,
Domino's,,,,,,,,,,,57,25,0,0,0,0,0,270,5,1,4,1,,,,,,,,,,,,,,,,,,,,,,,,,,,,,,,,,,,,,,,,,,,,,,,,,,,,,,,,,,,,,,,,,,,,,,,,,,,,,,,,,,,,,,,,,,,,,,,,,,,,,,,,,,,,,,,
Domino's,,,,,,,,,,,43,200,190,21,3,0,10,340,2,0,1,0,,,,,,,,,,,,,,,,,,,,,,,,,,,,,,,,,,,,,,,,,,,,,,,,,,,,,,,,,,,,,,,,,,,,,,,,,,,,,,,,,,,,,,,,,,,,,,,,,,,,,,,,,,,,,,,
Domino's,,,,,,,,,,,71,250,25,2.5,0.5,0,0,0,57,0,55,0,,,,,,,,,,,,,,,,,,,,,,,,,,,,,,,,,,,,,,,,,,,,,,,,,,,,,,,,,,,,,,,,,,,,,,,,,,,,,,,,,,,,,,,,,,,,,,,,,,,,,,,,,,,,,,,
Domino's,,,,,,,,,,,43,80,0,0,0,0,0,60,20,0,17,0,,,,,,,,,,,,,,,,,,,,,,,,,,,,,,,,,,,,,,,,,,,,,,,,,,,,,,,,,,,,,,,,,,,,,,,,,,,,,,,,,,,,,,,,,,,,,,,,,,,,,,,,,,,,,,,
Domino's,"Chocolate Lava Crunch Cakes
(1 cake of 2 cakes = 1 serving)",,,,,,,,,,171,690,310,34,20,0.5,130,340,93,3,62,8,,,,,,,,,"Chocolate Lava Crunch Cakes
(1 cake of 2 cakes = 1 serving)",,,,,,,,,,,,,,,,,,,,,,,,,,,,,,,,,,,,,,,,,,,,,,,,,,,,,,,,,,,,,,,,,,,,,,,,,,,,,,,,,,,,,,,,,,,,,,,,,,,,,,
Domino's,"Marbled Cookie Brownie
(1 piece of 9 pieces = 1 serving)",,,,,,,,,,377,1730,750,83,33,0.5,200,1100,228,6,164,19,,,,,,,,,"Marbled Cookie Brownie
(1 piece of 9 pieces = 1 serving)",,,,,,,,,,,,,,,,,,,,,,,,,,,,,,,,,,,,,,,,,,,,,,,,,,,,,,,,,,,,,,,,,,,,,,,,,,,,,,,,,,,,,,,,,,,,,,,,,,,,,,
Domino's,Ingredients: Pizza Crusts,,,,,,,,,,,,,,,,,,,,,,,,,,,,,,,Ingredients: Pizza Crusts,,,,,,,,,,,,,,,,,,,,,,,,,,,,,,,,,,,,,,,,,,,,,,,,,,,,,,,,,,,,,,,,,,,,,,,,,,,,,,,,,,,,,,,,,,,,,,,,,,,,,
Domino's,CORN MEAL,,,,,,,,,,,,,,,,,,,,,,,,,,,,,,,CORN MEAL,,,,,,,,,,,,,,,,,,,,,,,,,,,,,,,,,,,,,,,,,,,,,,,,,,,,,,,,,,,,,,,,,,,,,,,,,,,,,,,,,,,,,,,,,,,,,,,,,,,,,
Domino's,HANDMADE PAN PIZZA CRUST,,,,,,,,,,,,,,,,,,,,,,,,,,,,,,,HANDMADE PAN PIZZA CRUST,,,,,,,,,,,,,,,,,,,,,,,,,,,,,,,,,,,,,,,,,,,,,,,,,,,,,,,,,,,,,,,,,,,,,,,,,,,,,,,,,,,,,,,,,,,,,,,,,,,,,
Domino's,GLUTEN FREE CRUST,,,,,,,,,,,,,,,,,,,,,,,,,,,,,,,GLUTEN FREE CRUST,,,,,,,,,,,,,,,,,,,,,,,,,,,,,,,,,,,,,,,,,,,,,,,,,,,,,,,,,,,,,,,,,,,,,,,,,,,,,,,,,,,,,,,,,,,,,,,,,,,,,
Domino's,HAND TOSSED CRUST,,,,,,,,,,,,,,,,,,,,,,,,,,,,,,,HAND TOSSED CRUST,,,,n,,,,,,,,,,,,,,,,,,,,,,,,,,,,,,,,,,,,,,,,,,,,,,,,,,,,,,,,,,,,,,,,,,,,,,,,,,,,,,,,,,,,,,,,,,,,,,,,,
Domino's,CRUNCHY THIN CRUST,,,,,,,,,,,,,,,,,,,,,,,,,,,,,,,CRUNCHY THIN CRUST,,,,,,,,,,,,,,,,,,,,,,,,,,,,,,,,,,,,,,,,,,,,,,,,,,,,,,,,,,,,,,,,,,,,,,,,,,,,,,,,,,,,,,,,,,,,,,,,,,,,,
Domino's,BROOKLYN STYLE CRUST,,,,,,,,,,,,,,,,,,,,,,,,,,,,,,,BROOKLYN STYLE CRUST,,,,n,,,,,,,,,,,,,,,,,,,,,,,,,,,,,,,,,,,,,,,,,,,,,,,,,,,,,,,,,,,,,,,,,,,,,,,,,,,,,,,,,,,,,,,,,,,,,,,,,
Domino's,Ingredients: Pizza Sauces,,,,,,,,,,,,,,,,,,,,,,,,,,,,,,,Ingredients: Pizza Sauces,,,,,,,,,,,,,,,,,,,,,,,,,,,,,,,,,,,,,,,,,,,,,,,,,,,,,,,,,,,,,,,,,,,,,,,,,,,,,,,,,,,,,,,,,,,,,,,,,,,,,
Domino's,ROBUST TOMATO / PIZZA SAUCE,,,,,,,,,,,,,,,,,,,,,,,,,,,,,,,ROBUST TOMATO / PIZZA SAUCE,,,,,,,,,,,,,,,,,,,,,,,,,,,,,,,,,,,,,,,,,,,,,,,,,,,,,,,,,,,,,,,,,,,,,,,,,,,,,,,,,,,,,,,,,,,,,,,,,,,,,
Domino's,"BBQ SAUCE, BROWN",,,,,,,,,,,,,,,,,,,,,,,,,,,,,,,"BBQ SAUCE, BROWN",,,,,,,,,,,,,,,,,,,,,,,,,,,,,,,,,,,,,,,,,,,,,,,,,,,,,,,,,,,,,,,,,,,,,,,,,,,,,,,,,,,,,,,,,,,,,,,,,,,,,
Domino's,GARLIC PARMESAN / WHITE SAUCE,,,,,,,,,,,,,,,,,,,,,,,,,,,,,,,GARLIC PARMESAN / WHITE SAUCE,,,,,,,,,,,,,,,,,,,,,,,,,,,,,,,,,,,,,,,,,,,,,,,,,,,,,,,,,,,,,,,,,,,,,,,,,,,,,,,,,,,,,,,,,,,,,,,,,,,,,
Domino's,MARINARA SAUCE,,,,,,,,,,,,,,,,,,,,,,,,,,,,,,,MARINARA SAUCE,,,,,,,,,,,,,,,,,,,,,,,,,,,,,,,,,,,,,,,,,,,,,,,,,,,,,,,,,,,,,,,,,,,,,,,,,,,,,,,,,,,,,,,,,,,,,,,,,,,,,
Domino's,ALFREDO SAUCE,,,,,,,,,,,,,,,,,,,,,,,,,,,,,,,ALFREDO SAUCE,,,,,,,,,,,,,,,,,,,,,,,,,,,,,,,,,,,,,,,,,,,,,,,,,,,,,,,,,,,,,,,,,,,,,,,,,,,,,,,,,,,,,,,,,,,,,,,,,,,,,
Domino's,Ingredients: Cheeses,,,,,,,,,,,,,,,,,,,,,,,,,,,,,,,Ingredients: Cheeses,,,,,,,,,,,,,,,,,,,,,,,,,,,,,,,,,,,,,,,,,,,,,,,,,,,,,,,,,,,,,,,,,,,,,,,,,,,,,,,,,,,,,,,,,,,,,,,,,,,,,
Domino's,PIZZA CHEESE,,,,,,,,,,,,,,,,,,,,,,,,,,,,,,,PIZZA CHEESE,,,,,,,,,,,,,,,,,,,,,,,,,,,,,,,,,,,,,,,,,,,,,,,,,,,,,,,,,,,,,,,,,,,,,,,,,,,,,,,,,,,,,,,,,,,,,,,,,,,,,
Domino's,AMERICAN CHEESE,,,,,,,,,,,,,,,,,,,,,,,,,,,,,,,AMERICAN CHEESE,,,,,,,,,,,,,,,,,,,,,,,,,,,,,,,,,,,,,,,,,,,,,,,,,,,,,,,,,,,,,,,,,,,,,,,,,,,,,,,,,,,,,,,,,,,,,,,,,,,,,
Domino's,CHEDDAR CHEESE,,,,,,,,,,,,,,,,,,,,,,,,,,,,,,,CHEDDAR CHEESE,,,,,,,,,,,,,,,,,,,,,,,,,,,,,,,,,,,,,,,,,,,,,,,,,,,,,,,,,,,,,,,,,,,,,,,,,,,,,,,,,,,,,,,,,,,,,,,,,,,,,
Domino's,FETA CHEESE,,,,,,,,,,,,,,,,,,,,,,,,,,,,,,,FETA CHEESE,,,,,,,,,,,,,,,,,,,,,,,,,,,,,,,,,,,,,,,,,,,,,,,,,,,,,,,,,,,,,,,,,,,,,,,,,,,,,,,,,,,,,,,,,,,,,,,,,,,,,
Domino's,PARMESAN ASIAGO CHEESE,,,,,,,,,,,,,,,,,,,,,,,,,,,,,,,PARMESAN ASIAGO CHEESE,,,,,,,,,,,,,,,,,,,,,,,,,,,,,,,,,,,,,,,,,,,,,,,,,,,,,,,,,,,,,,,,,,,,,,,,,,,,,,,,,,,,,,,,,,,,,,,,,,,,,
Domino's,SHREDDED PROVOLONE,,,,,,,,,,,,,,,,,,,,,,,,,,,,,,,SHREDDED PROVOLONE,,,,,,,,,,,,,,,,,,,,,,,,,,,,,,,,,,,,,,,,,,,,,,,,,,,,,,,,,,,,,,,,,,,,,,,,,,,,,,,,,,,,,,,,,,,,,,,,,,,,,
Domino's,Ingredients: Pizza Toppings,,,,,,,,,,,,,,,,,,,,,,,,,,,,,,,Ingredients: Pizza Toppings,,,,,,,,,,,,,,,,,,,,,,,,,,,,,,,,,,,,,,,,,,,,,,,,,,,,,,,,,,,,,,,,,,,,,,,,,,,,,,,,,,,,,,,,,,,,,,,,,,,,,
Domino's,ANCHOVIES*,,,,,,,,,,,,,,,,,,,,,,,,,,,,,,,ANCHOVIES*,,,,,,,,,,,,,,,,,,,,,,,,,,,,,,,,,,,,,,,,,,,,,,,,,,,,,,,,,,,,,,,,,,,,,,,,,,,,,,,,,,,,,,,,,,,,,,,,,,,,,
Domino's,BACON,,,,,,,,,,,,,,,,,,,,,,,,,,,,,,,BACON,,,,,,,,,,,,,,,,,,,,,,,,,,,,,,,,,,,,,,,,,,,,,,,,,,,,,,,,,,,,,,,,,,,,,,,,,,,,,,,,,,,,,,,,,,,,,,,,,,,,,
Domino's,BANANA PEPPERS,,,,,,,,,,,,,,,,,,,,,,,,,,,,,,,BANANA PEPPERS,,,,,,,,,,,,,,,,,,,,,,,,,,,,,,,,,,,,,,,,,,,,,,,,,,,,,,,,,,,,,,,,,,,,,,,,,,,,,,,,,,,,,,,,,,,,,,,,,,,,,
Domino's,BEEF,,,,,,,,,,,,,,,,,,,,,,,,,,,,,,,BEEF,,,,,,,,,,,,,,,,,,,,,,,,,,,,,,,,,,,,,,,,,,,,,,,,,,,,,,,,,,,,,,,,,,,,,,,,,,,,,,,,,,,,,,,,,,,,,,,,,,,,,
Domino's,CHICKEN (GRILLED),,,,,,,,,,,,,,,,,,,,,,,,,,,,,,,CHICKEN (GRILLED),,,,,,,,,,,,,,,,,,,,,,,,,,,,,,,,,,,,,,,,,,,,,,,,,,,,,,,,,,,,,,,,,,,,,,,,,,,,,,,,,,,,,,,,,,,,,,,,,,,,,
Domino's,CHORIZO,,,,,,,,,,,,,,,,,,,,,,,,,,,,,,,CHORIZO,,,,,,,,,,,,,,,,,,,,,,,,,,,,,,,,,,,,,,,,,,,,,,,,,,,,,,,,,,,,,,,,,,,,,,,,,,,,,,,,,,,,,,,,,,,,,,,,,,,,,
Domino's,GARLIC*,,,,,,,,,,,,,,,,,,,,,,,,,,,,,,,GARLIC*,,,,,,,,,,,,,,,,,,,,,,,,,,,,,,,,,,,,,,,,,,,,,,,,,,,,,,,,,,,,,,,,,,,,,,,,,,,,,,,,,,,,,,,,,,,,,,,,,,,,,
Domino's,GARLIC & HERB SHAKE-ON,,,,,,,,,,,,,,,,,,,,,,,,,,,,,,,GARLIC & HERB SHAKE-ON,,,,,,,,,,,,,,,,,,,,,,,,,,,,,,,,,,,,,,,,,,,,,,,,,,,,,,,,,,,,,,,,,,,,,,,,,,,,,,,,,,,,,,,,,,,,,,,,,,,,,
Domino's,GARLIC OIL BLEND,,,,,,,,,,,,,,,,,,,,,,,,,,,,,,,GARLIC OIL BLEND,,,,,,,,,,,,,,,,,,,,,,,,,,,,,,,,,,,,,,,,,,,,,,,,,,,,,,,,,,,,,,,,,,,,,,,,,,,,,,,,,,,,,,,,,,,,,,,,,,,,,
Domino's,GREEN CHILE PEPPERS*,,,,,,,,,,,,,,,,,,,,,,,,,,,,,,,GREEN CHILE PEPPERS*,,,,,,,,,,,,,,,,,,,,,,,,,,,,,,,,,,,,,,,,,,,,,,,,,,,,,,,,,,,,,,,,,,,,,,,,,,,,,,,,,,,,,,,,,,,,,,,,,,,,,
Domino's,FRESH GREEN PEPPERS,,,,,,,,,,,,,,,,,,,,,,,,,,,,,,,FRESH GREEN PEPPERS,,,,,,,,,,,,,,,,,,,,,,,,,,,,,,,,,,,,,,,,,,,,,,,,,,,,,,,,,,,,,,,,,,,,,,,,,,,,,,,,,,,,,,,,,,,,,,,,,,,,,
Domino's,HAM,,,,,,,,,,,,,,,,,,,,,,,,,,,,,,,HAM,,,,,,,,,,,,,,,,,,,,,,,,,,,,,,,,,,,,,,,,,,,,,,,,,,,,,,,,,,,,,,,,,,,,,,,,,,,,,,,,,,,,,,,,,,,,,,,,,,,,,
Domino's,JALAPENOS,,,,,,,,,,,,,,,,,,,,,,,,,,,,,,,JALAPENOS,,,,,,,,,,,,,,,,,,,,,,,,,,,,,,,,,,,,,,,,,,,,,,,,,,,,,,,,,,,,,,,,,,,,,,,,,,,,,,,,,,,,,,,,,,,,,,,,,,,,,
Domino's,FRESH MUSHROOMS,,,,,,,,,,,,,,,,,,,,,,,,,,,,,,,FRESH MUSHROOMS,,,,,,,,,,,,,,,,,,,,,,,,,,,,,,,,,,,,,,,,,,,,,,,,,,,,,,,,,,,,,,,,,,,,,,,,,,,,,,,,,,,,,,,,,,,,,,,,,,,,,
Domino's,"OLIVES, BLACK",,,,,,,,,,,,,,,,,,,,,,,,,,,,,,,"OLIVES, BLACK",,,,,,,,,,,,,,,,,,,,,,,,,,,,,,,,,,,,,,,,,,,,,,,,,,,,,,,,,,,,,,,,,,,,,,,,,,,,,,,,,,,,,,,,,,,,,,,,,,,,,
Domino's,"OLIVES, GREEN*",,,,,,,,,,,,,,,,,,,,,,,,,,,,,,,"OLIVES, GREEN*",,,,,,,,,,,,,,,,,,,,,,,,,,,,,,,,,,,,,,,,,,,,,,,,,,,,,,,,,,,,,,,,,,,,,,,,,,,,,,,,,,,,,,,,,,,,,,,,,,,,,
Domino's,FRESH ONIONS,,,,,,,,,,,,,,,,,,,,,,,,,,,,,,,FRESH ONIONS,,,,,,,,,,,,,,,,,,,,,,,,,,,,,,,,,,,,,,,,,,,,,,,,,,,,,,,,,,,,,,,,,,,,,,,,,,,,,,,,,,,,,,,,,,,,,,,,,,,,,
Domino's,OREGANO BLEND SHAKE-ON,,,,,,,,,,,,,,,,,,,,,,,,,,,,,,,OREGANO BLEND SHAKE-ON,,,,,,,,,,,,,,,,,,,,,,,,,,,,,,,,,,,,,,,,,,,,,,,,,,,,,,,,,,,,,,,,,,,,,,,,,,,,,,,,,,,,,,,,,,,,,,,,,,,,,
Domino's,PARSLEY,,,,,,,,,,,,,,,,,,,,,,,,,,,,,,,PARSLEY,,,,,,,,,,,,,,,,,,,,,,,,,,,,,,,,,,,,,,,,,,,,,,,,,,,,,,,,,,,,,,,,,,,,,,,,,,,,,,,,,,,,,,,,,,,,,,,,,,,,,
Domino's,PEPPERONI,,,,,,,,,,,,,,,,,,,,,,,,,,,,,,,PEPPERONI,,,,,,,,,,,,,,,,,,,,,,,,,,,,,,,,,,,,,,,,,,,,,,,,,,,,,,,,,,,,,,,,,,,,,,,,,,,,,,,,,,,,,,,,,,,,,,,,,,,,,
Domino's,PEPPERONCINI,,,,,,,,,,,,,,,,,,,,,,,,,,,,,,,PEPPERONCINI,,,,,,,,,,,,,,,,,,,,,,,,,,,,,,,,,,,,,,,,,,,,,,,,,,,,,,,,,,,,,,,,,,,,,,,,,,,,,,,,,,,,,,,,,,,,,,,,,,,,,
Domino's,PHILLY STEAK TOPPING,,,,,,,,,,,,,,,,,,,,,,,,,,,,,,,PHILLY STEAK TOPPING,,,,,,,,,,,,,,,,,,,,,,,,,,,,,,,,,,,,,,,,,,,,,,,,,,,,,,,,,,,,,,,,,,,,,,,,,,,,,,,,,,,,,,,,,,,,,,,,,,,,,
Domino's,PINEAPPLE,,,,,,,,,,,,,,,,,,,,,,,,,,,,,,,PINEAPPLE,,,,,,,,,,,,,,,,,,,,,,,,,,,,,,,,,,,,,,,,,,,,,,,,,,,,,,,,,,,,,,,,,,,,,,,,,,,,,,,,,,,,,,,,,,,,,,,,,,,,,
Domino's,ROASTED RED PEPPERS,,,,,,,,,,,,,,,,,,,,,,,,,,,,,,,ROASTED RED PEPPERS,,,,,,,,,,,,,,,,,,,,,,,,,,,,,,,,,,,,,,,,,,,,,,,,,,,,,,,,,,,,,,,,,,,,,,,,,,,,,,,,,,,,,,,,,,,,,,,,,,,,,
Domino's,SALAMI,,,,,,,,,,,,,,,,,,,,,,,,,,,,,,,SALAMI,,,,,,,,,,,,,,,,,,,,,,,,,,,,,,,,,,,,,,,,,,,,,,,,,,,,,,,,,,,,,,,,,,,,,,,,,,,,,,,,,,,,,,,,,,,,,,,,,,,,,
Domino's,"SAUSAGE, ITALIAN",,,,,,,,,,,,,,,,,,,,,,,,,,,,,,,"SAUSAGE, ITALIAN",,,,,,,,,,,,,,,,,,,,,,,,,,,,,,,,,,,,,,,,,,,,,,,,,,,,,,,,,,,,,,,,,,,,,,,,,,,,,,,,,,,,,,,,,,,,,,,,,,,,,
Domino's,"SAUSAGE, SLICED",,,,,,,,,,,,,,,,,,,,,,,,,,,,,,,"SAUSAGE, SLICED",,,,,,,,,,,,,,,,,,,,,,,,,,,,,,,,,,,,,,,,,,,,,,,,,,,,,,,,,,,,,,,,,,,,,,,,,,,,,,,,,,,,,,,,,,,,,,,,,,,,,
Domino's,Fresh Baby Spinach,,,,,,,,,,,,,,,,,,,,,,,,,,,,,,,Fresh Baby Spinach,,,,,,,,,,,,,,,,,,,,,,,,,,,,,,,,,,,,,,,,,,,,,,,,,,,,,,,,,,,,,,,,,,,,,,,,,,,,,,,,,,,,,,,,,,,,,,,,,,,,,
Domino's,TOMATOES,,,,,,,,,,,,,,,,,,,,,,,,,,,,,,,TOMATOES,,,,,,,,,,,,,,,,,,,,,,,,,,,,,,,,,,,,,,,,,,,,,,,,,,,,,,,,,,,,,,,,,,,,,,,,,,,,,,,,,,,,,,,,,,,,,,,,,,,,,
Domino's,WING SAUCE (FIRE),,,,,,,,,,,,,,,,,,,,,,,,,,,,,,,WING SAUCE (FIRE),,,,,,,,,,,,,,,,,,,,,,,,,,,,,,,,,,,,,,,,,,,,,,,,,,,,,,,,,,,,,,,,,,,,,,,,,,,,,,,,,,,,,,,,,,,,,,,,,,,,,
Domino's,WING SAUCE (HOT),,,,,,,,,,,,,,,,,,,,,,,,,,,,,,,WING SAUCE (HOT),,,,,,,,,,,,,,,,,,,,,,,,,,,,,,,,,,,,,,,,,,,,,,,,,,,,,,,,,,,,,,,,,,,,,,,,,,,,,,,,,,,,,,,,,,,,,,,,,,,,,
Domino's,WING SAUCE (MILD),,,,,,,,,,,,,,,,,,,,,,,,,,,,,,,WING SAUCE (MILD),,,,,,,,,,,,,,,,,,,,,,,,,,,,,,,,,,,,,,,,,,,,,,,,,,,,,,,,,,,,,,,,,,,,,,,,,,,,,,,,,,,,,,,,,,,,,,,,,,,,,
Domino's,Ingredients: Side Items & Desserts,,,,,,,,,,,,,,,,,,,,,,,,,,,,,,,Ingredients: Side Items & Desserts,,,,,,,,,,,,,,,,,,,,,,,,,,,,,,,,,,,,,,,,,,,,,,,,,,,,,,,,,,,,,,,,,,,,,,,,,,,,,,,,,,,,,,,,,,,,,,,,,,,,,
Domino's,CHICKEN: WINGS,,,,,,,,,,,,,,,,,,,,,,,,,,,,,,,CHICKEN: WINGS,,,,,,,,,,,,,,,,,,,,,,,,,,,,,,,,,,,,,,,,,,,,,,,,,,,,,,,,,,,,,,,,,,,,,,,,,,,,,,,,,,,,,,,,,,,,,,,,,,,,,
Domino's,PLAIN (NO SAUCE),,,,,,,,,,,,,,,,,,,,,,,,,,,,,,,PLAIN (NO SAUCE),,,,,,,,,,,,,,,,,,,,,,,,,,,,,,,,,,,,,,,,,,,,,,,,,,,,,,,,,,,,,,,,,,,,,,,,,,,,,,,,,,,,,,,,,,,,,,,,,,,,,
Domino's,BARBEQUE,,,,,,,,,,,,,,,,,,,,,,,,,,,,,,,BARBEQUE,,,,,,,,,,,,,,,,,,,,,,,,,,,,,,,,,,,,,,,,,,,,,,,,,,,,,,,,,,,,,,,,,,,,,,,,,,,,,,,,,,,,,,,,,,,,,,,,,,,,,
Domino's,"FIRE, HOT, MILD",,,,,,,,,,,,,,,,,,,,,,,,,,,,,,,"FIRE, HOT, MILD",,,,,,,,,,,,,,,,,,,,,,,,,,,,,,,,,,,,,,,,,,,,,,,,,,,,,,,,,,,,,,,,,,,,,,,,,,,,,,,,,,,,,,,,,,,,,,,,,,,,,
Domino's,MANGO HABANERO,,,,,,,,,,,,,,,,,,,,,,,,,,,,,,,MANGO HABANERO,,,,,,,,,,,,,,,,,,,,,,,,,,,,,,,,,,,,,,,,,,,,,,,,,,,,,,,,,,,,,,,,,,,,,,,,,,,,,,,,,,,,,,,,,,,,,,,,,,,,,
Domino's,CHICKEN: BONELESS,,,,,,,,,,,,,,,,,,,,,,,,,,,,,,,CHICKEN: BONELESS,,,,,,,,,,,,,,,,,,,,,,,,,,,,,,,,,,,,,,,,,,,,,,,,,,,,,,,,,,,,,,,,,,,,,,,,,,,,,,,,,,,,,,,,,,,,,,,,,,,,,
Domino's,BONELESS CHICKEN,,,,,,,,,,,,,,,,,,,,,,,,,,,,,,,BONELESS CHICKEN,,,,,,,,,,,,,,,,,,,,,,,,,,,,,,,,,,,,,,,,,,,,,,,,,,,,,,,,,,,,,,,,,,,,,,,,,,,,,,,,,,,,,,,,,,,,,,,,,,,,,
Domino's,SPECIALTY CHICKEN,,,,,,,,,,,,,,,,,,,,,,,,,,,,,,,SPECIALTY CHICKEN,,,,,,,,,,,,,,,,,,,,,,,,,,,,,,,,,,,,,,,,,,,,,,,,,,,,,,,,,,,,,,,,,,,,,,,,,,,,,,,,,,,,,,,,,,,,,,,,,,,,,
Domino's,CLASSIC HOT BUFFALO,,,,,,,,,,,,,,,,,,,,,,,,,,,,,,,CLASSIC HOT BUFFALO,,,,,,,,,,,,,,,,,,,,,,,,,,,,,,,,,,,,,,,,,,,,,,,,,,,,,,,,,,,,,,,,,,,,,,,,,,,,,,,,,,,,,,,,,,,,,,,,,,,,,
Domino's,CRISPY BACON & TOMATO,,,,,,,,,,,,,,,,,,,,,,,,,,,,,,,CRISPY BACON & TOMATO,,,,,,,,,,,,,,,,,,,,,,,,,,,,,,,,,,,,,,,,,,,,,,,,,,,,,,,,,,,,,,,,,,,,,,,,,,,,,,,,,,,,,,,,,,,,,,,,,,,,,
Domino's,SPICY JALAPENO-PINEAPPLE,,,,,,,,,,,,,,,,,,,,,,,,,,,,,,,SPICY JALAPENO-PINEAPPLE,,,,,,,,,,,,,,,,,,,,,,,,,,,,,,,,,,,,,,,,,,,,,,,,,,,,,,,,,,,,,,,,,,,,,,,,,,,,,,,,,,,,,,,,,,,,,,,,,,,,,
Domino's,SWEET BBQ BACON,,,,,,,,,,,,,,,,,,,,,,,,,,,,,,,SWEET BBQ BACON,,,,,,,,,,,,,,,,,,,,,,,,,,,,,,,,,,,,,,,,,,,,,,,,,,,,,,,,,,,,,,,,,,,,,,,,,,,,,,,,,,,,,,,,,,,,,,,,,,,,,
Domino's,DIPPING CUPS,,,,,,,,,,,,,,,,,,,,,,,,,,,,,,,DIPPING CUPS,,,,,,,,,,,,,,,,,,,,,,,,,,,,,,,,,,,,,,,,,,,,,,,,,,,,,,,,,,,,,,,,,,,,,,,,,,,,,,,,,,,,,,,,,,,,,,,,,,,,,
Domino's,BBQ SAUCE (RED),,,,,,,,,,,,,,,,,,,,,,,,,,,,,,,BBQ SAUCE (RED),,,,,,,,,,,,,,,,,,,,,,,,,,,,,,,,,,,,,,,,,,,,,,,,,,,,,,,,,,,,,,,,,,,,,,,,,,,,,,,,,,,,,,,,,,,,,,,,,,,,,
Domino's,BBQ SAUCE DIPPING CUP,,,,,,,,,,,,,,,,,,,,,,,,,,,,,,,BBQ SAUCE DIPPING CUP,,,,,,,,,,,,,,,,,,,,,,,,,,,,,,,,,,,,,,,,,,,,,,,,,,,,,,,,,,,,,,,,,,,,,,,,,,,,,,,,,,,,,,,,,,,,,,,,,,,,,
Domino's,BLUE CHEESE DRESSING DIPPING CUP,,,,,,,,,,,,,,,,,,,,,,,,,,,,,,,BLUE CHEESE DRESSING DIPPING CUP,,,,,,,,,,,,,,,,,,,,,,,,,,,,,,,,,,,,,,,,,,,,,,,,,,,,,,,,,,,,,,,,,,,,,,,,,,,,,,,,,,,,,,,,,,,,,,,,,,,,,
Domino's,GARLIC SAUCE,,,,,,,,,,,,,,,,,,,,,,,,,,,,,,,GARLIC SAUCE,,,,,,,,,,,,,,,,,,,,,,,,,,,,,,,,,,,,,,,,,,,,,,,,,,,,,,,,,,,,,,,,,,,,,,,,,,,,,,,,,,,,,,,,,,,,,,,,,,,,,
Domino's,KICKER HOT SAUCE,,,,,,,,,,,,,,,,,,,,,,,,,,,,,,,KICKER HOT SAUCE,,,,,,,,,,,,,,,,,,,,,,,,,,,,,,,,,,,,,,,,,,,,,,,,,,,,,,,,,,,,,,,,,,,,,,,,,,,,,,,,,,,,,,,,,,,,,,,,,,,,,
Domino's,MARINARA SAUCE,,,,,,,,,,,,,,,,,,,,,,,,,,,,,,,MARINARA SAUCE,,,,,,,,,,,,,,,,,,,,,,,,,,,,,,,,,,,,,,,,,,,,,,,,,,,,,,,,,,,,,,,,,,,,,,,,,,,,,,,,,,,,,,,,,,,,,,,,,,,,,
Domino's,RANCH,,,,,,,,,,,,,,,,,,,,,,,,,,,,,,,RANCH,,,,,,,,,,,,,,,,,,,,,,,,,,,,,,,,,,,,,,,,,,,,,,,,,,,,,,,,,,,,,,,,,,,,,,,,,,,,,,,,,,,,,,,,,,,,,,,,,,,,,
Domino's,SWEET ICING,,,,,,,,,,,,,,,,,,,,,,,,,,,,,,,SWEET ICING,,,,,,,,,,,,,,,,,,,,,,,,,,,,,,,,,,,,,,,,,,,,,,,,,,,,,,,,,,,,,,,,,,,,,,,,,,,,,,,,,,,,,,,,,,,,,,,,,,,,,
Domino's,MANGO HABANERO SAUCE,,,,,,,,,,,,,,,,,,,,,,,,,,,,,,,MANGO HABANERO SAUCE,,,,,,,,,,,,,,,,,,,,,,,,,,,,,,,,,,,,,,,,,,,,,,,,,,,,,,,,,,,,,,,,,,,,,,,,,,,,,,,,,,,,,,,,,,,,,,,,,,,,,
Domino's,FRESHLY BAKED BREADS,,,,,,,,,,,,,,,,,,,,,,,,,,,,,,,FRESHLY BAKED BREADS,,,,,,,,,,,,,,,,,,,,,,,,,,,,,,,,,,,,,,,,,,,,,,,,,,,,,,,,,,,,,,,,,,,,,,,,,,,,,,,,,,,,,,,,,,,,,,,,,,,,,
Domino's,PARMESAN BREAD BITES,,,,,,,,,,,,,,,,,,,,,,,,,,,,,,,PARMESAN BREAD BITES,,,,,,,,,,,,,,,,,,,,,,,,,,,,,,,,,,,,,,,,,,,,,,,,,,,,,,,,,,,,,,,,,,,,,,,,,,,,,,,,,,,,,,,,,,,,,,,,,,,,,
Domino's,BREADSTICKS,,,,,,,,,,,,,,,,,,,,,,,,,,,,,,,BREADSTICKS,,,,,,,,,,,,,,,,,,,,,,,,,,,,,,,,,,,,,,,,,,,,,,,,,,,,,,,,,,,,,,,,,,,,,,,,,,,,,,,,,,,,,,,,,,,,,,,,,,,,,
Domino's,CHEESY BREAD,,,,,,,,,,,,,,,,,,,,,,,,,,,,,,,CHEESY BREAD,,,,,,,,,,,,,,,,,,,,,,,,,,,,,,,,,,,,,,,,,,,,,,,,,,,,,,,,,,,,,,,,,,,,,,,,,,,,,,,,,,,,,,,,,,,,,,,,,,,,,
Domino's,STUFFED CHEESY BREAD,,,,,,,,,,,,,,,,,,,,,,,,,,,,,,,STUFFED CHEESY BREAD,,,,,,,,,,,,,,,,,,,,,,,,,,,,,,,,,,,,,,,,,,,,,,,,,,,,,,,,,,,,,,,,,,,,,,,,,,,,,,,,,,,,,,,,,,,,,,,,,,,,,
Domino's,CHEESE ONLY,,,,,,,,,,,,,,,,,,,,,,,,,,,,,,,CHEESE ONLY,,,,,,,,,,,,,,,,,,,,,,,,,,,,,,,,,,,,,,,,,,,,,,,,,,,,,,,,,,,,,,,,,,,,,,,,,,,,,,,,,,,,,,,,,,,,,,,,,,,,,
Domino's,SPINACH & FETA,,,,,,,,,,,,,,,,,,,,,,,,,,,,,,,SPINACH & FETA,,,,,,,,,,,,,,,,,,,,,,,,,,,,,,,,,,,,,,,,,,,,,,,,,,,,,,,,,,,,,,,,,,,,,,,,,,,,,,,,,,,,,,,,,,,,,,,,,,,,,
Domino's,BACON & JALAPENO,,,,,,,,,,,,,,,,,,,,,,,,,,,,,,,BACON & JALAPENO,,,,,,,,,,,,,,,,,,,,,,,,,,,,,,,,,,,,,,,,,,,,,,,,,,,,,,,,,,,,,,,,,,,,,,,,,,,,,,,,,,,,,,,,,,,,,,,,,,,,,
Domino's,DOMINO’S SALADS,,,,,,,,,,,,,,,,,,,,,,,,,,,,,,,DOMINO’S SALADS,,,,,,,,,,,,,,,,,,,,,,,,,,,,,,,,,,,,,,,,,,,,,,,,,,,,,,,,,,,,,,,,,,,,,,,,,,,,,,,,,,,,,,,,,,,,,,,,,,,,,
Domino's,CLASSIC GARDEN SALAD,,,,,,,,,,,,,,,,,,,,,,,,,,,,,,,CLASSIC GARDEN SALAD,,,,,,,,,,,,,,,,,,,,,,,,,,,,,,,,,,,,,,,,,,,,,,,,,,,,,,,,,,,,,,,,,,,,,,,,,,,,,,,,,,,,,,,,,,,,,,,,,,,,,
Domino's,CHICKEN APPLE PECAN SALAD,,,,,,,,,,,,,,,,,,,,,,,,,,,,,,,CHICKEN APPLE PECAN SALAD,,,,,,,,,,,,,,,,,,,,,,,,,,,,,,,,,,,,,,,,,,,,,,,,,,,,,,,,,,,,,,,,,,,,,,,,,,,,,,,,,,,,,,,,,,,,,,,,,,,,,
Domino's,CHICKEN CAESAR SALAD,,,,,,,,,,,,,,,,,,,,,,,,,,,,,,,CHICKEN CAESAR SALAD,,,,,,,,,,,,,,,,,,,,,,,,,,,,,,,,,,,,,,,,,,,,,,,,,,,,,,,,,,,,,,,,,,,,,,,,,,,,,,,,,,,,,,,,,,,,,,,,,,,,,
Domino's,SALAD DRESSINGS,,,,,,,,,,,,,,,,,,,,,,,,,,,,,,,SALAD DRESSINGS,,,,,,,,,,,,,,,,,,,,,,,,,,,,,,,,,,,,,,,,,,,,,,,,,,,,,,,,,,,,,,,,,,,,,,,,,,,,,,,,,,,,,,,,,,,,,,,,,,,,,
Domino's,RANCH,,,,,,,,,,,,,,,,,,,,,,,,,,,,,,,RANCH,,,,,,,,,,,,,,,,,,,,,,,,,,,,,,,,,,,,,,,,,,,,,,,,,,,,,,,,,,,,,,,,,,,,,,,,,,,,,,,,,,,,,,,,,,,,,,,,,,,,,
Domino's,FAT-FREE RASPBERRY,,,,,,,,,,,,,,,,,,,,,,,,,,,,,,,FAT-FREE RASPBERRY,,,,,,,,,,,,,,,,,,,,,,,,,,,,,,,,,,,,,,,,,,,,,,,,,,,,,,,,,,,,,,,,,,,,,,,,,,,,,,,,,,,,,,,,,,,,,,,,,,,,,
Domino's,CAESAR,,,,,,,,,,,,,,,,,,,,,,,,,,,,,,,CAESAR,,,,,,,,,,,,,,,,,,,,,,,,,,,,,,,,,,,,,,,,,,,,,,,,,,,,,,,,,,,,,,,,,,,,,,,,,,,,,,,,,,,,,,,,,,,,,,,,,,,,,
Domino's,ITALIAN,,,,,,,,,,,,,,,,,,,,,,,,,,,,,,,ITALIAN,,,,,,,,,,,,,,,,,,,,,,,,,,,,,,,,,,,,,,,,,,,,,,,,,,,,,,,,,,,,,,,,,,,,,,,,,,,,,,,,,,,,,,,,,,,,,,,,,,,,,
Domino's,BALSAMIC,,,,,,,,,,,,,,,,,,,,,,,,,,,,,,,BALSAMIC,,,,,,,,,,,,,,,,,,,,,,,,,,,,,,,,,,,,,,,,,,,,,,,,,,,,,,,,,,,,,,,,,,,,,,,,,,,,,,,,,,,,,,,,,,,,,,,,,,,,,
Domino's,DESSERTS,,,,,,,,,,,,,,,,,,,,,,,,,,,,,,,DESSERTS,,,,,,,,,,,,,,,,,,,,,,,,,,,,,,,,,,,,,,,,,,,,,,,,,,,,,,,,,,,,,,,,,,,,,,,,,,,,,,,,,,,,,,,,,,,,,,,,,,,,,
Domino's,CINNA STIX®,,,,,,,,,,,,,,,,,,,,,,,,,,,,,,,CINNA STIX®,,,,,,,,,,,,,,,,,,,,,,,,,,,,,,,,,,,,,,,,,,,,,,,,,,,,,,,,,,,,,,,,,,,,,,,,,,,,,,,,,,,,,,,,,,,,,,,,,,,,,
Domino's,CHOCOLATE LAVA CRUNCH CAKE ‡,,,,,,,,,,,,,,,,,,,,,,,,,,,,,,,CHOCOLATE LAVA CRUNCH CAKE ‡,,,,,,,,,,,,,,,,,,,,,,,,,,,,,,,,,,,,,,,,,,,,,,,,,,,,,,,,,,,,,,,,,,,,,,,,,,,,,,,,,,,,,,,,,,,,,,,,,,,,,
Domino's,MARBLED COOKIE BROWNIE,,,,,,,,,,,,,,,,,,,,,,,,,,,,,,,MARBLED COOKIE BROWNIE,,,,,,,,,,,,,,,,,,,,,,,,,,,,,,,,,,,,,,,,,,,,,,,,,,,,,,,,,,,,,,,,,,,,,,,,,,,,,,,,,,,,,,,,,,,,,,,,,,,,,
Domino's,Ingredients: Oven Baked Sandwiches,,,,,,,,,,,,,,,,,,,,,,,,,,,,,,,Ingredients: Oven Baked Sandwiches,,,,,,,,,,,,,,,,,,,,,,,,,,,,,,,,,,,,,,,,,,,,,,,,,,,,,,,,,,,,,,,,,,,,,,,,,,,,,,,,,,,,,,,,,,,,,,,,,,,,,
Domino's,BUFFALO CHICKEN,,,,,,,,,,,,,,,,,,,,,,,,,,,,,,,BUFFALO CHICKEN,,,,,,,,,,,,,,,,,,,,,,,,,,,,,,,,,,,,,,,,,,,,,,,,,,,,,,,,,,,,,,,,,,,,,,,,,,,,,,,,,,,,,,,,,,,,,,,,,,,,,
Domino's,CHICKEN BACON RANCH,,,,,,,,,,,,,,,,,,,,,,,,,,,,,,,CHICKEN BACON RANCH,,,,,,,,,,,,,,,,,,,,,,,,,,,,,,,,,,,,,,,,,,,,,,,,,,,,,,,,,,,,,,,,,,,,,,,,,,,,,,,,,,,,,,,,,,,,,,,,,,,,,
Domino's,CHICKEN PARM,,,,,,,,,,,,,,,,,,,,,,,,,,,,,,,CHICKEN PARM,,,,,,,,,,,,,,,,,,,,,,,,,,,,,,,,,,,,,,,,,,,,,,,,,,,,,,,,,,,,,,,,,,,,,,,,,,,,,,,,,,,,,,,,,,,,,,,,,,,,,
Domino's,ITALIAN,,,,,,,,,,,,,,,,,,,,,,,,,,,,,,,ITALIAN,,,,,,,,,,,,,,,,,,,,,,,,,,,,,,,,,,,,,,,,,,,,,,,,,,,,,,,,,,,,,,,,,,,,,,,,,,,,,,,,,,,,,,,,,,,,,,,,,,,,,
Domino's,ITALIAN SAUSAGE & PEPPERS,,,,,,,,,,,,,,,,,,,,,,,,,,,,,,,ITALIAN SAUSAGE & PEPPERS,,,,,,,,,,,,,,,,,,,,,,,,,,,,,,,,,,,,,,,,,,,,,,,,,,,,,,,,,,,,,,,,,,,,,,,,,,,,,,,,,,,,,,,,,,,,,,,,,,,,,
Domino's,MEDITERRANEAN VEGGIE,,,,,,,,,,,,,,,,,,,,,,,,,,,,,,,MEDITERRANEAN VEGGIE,,,,,,,,,,,,,,,,,,,,,,,,,,,,,,,,,,,,,,,,,,,,,,,,,,,,,,,,,,,,,,,,,,,,,,,,,,,,,,,,,,,,,,,,,,,,,,,,,,,,,
Domino's,PHILLY CHEESE STEAK,,,,,,,,,,,,,,,,,,,,,,,,,,,,,,,PHILLY CHEESE STEAK,,,,,,,,,,,,,,,,,,,,,,,,,,,,,,,,,,,,,,,,,,,,,,,,,,,,,,,,,,,,,,,,,,,,,,,,,,,,,,,,,,,,,,,,,,,,,,,,,,,,,
Domino's,CHICKEN HABANERO,,,,,,,,,,,,,,,,,,,,,,,,,,,,,,,CHICKEN HABANERO,,,,,,,,,,,,,,,,,,,,,,,,,,,,,,,,,,,,,,,,,,,,,,,,,,,,,,,,,,,,,,,,,,,,,,,,,,,,,,,,,,,,,,,,,,,,,,,,,,,,,
Domino's,Ingredients: Domino’s Penne Pasta,,,,,,,,,,,,,,,,,,,,,,,,,,,,,,,Ingredients: Domino’s Penne Pasta,,,,,,,,,,,,,,,,,,,,,,,,,,,,,,,,,,,,,,,,,,,,,,,,,,,,,,,,,,,,,,,,,,,,,,,,,,,,,,,,,,,,,,,,,,,,,,,,,,,,,
Domino's,BREAD BOWL,,,,,,,,,,,,,,,,,,,,,,,,,,,,,,,BREAD BOWL,,,,,,,,,,,,,,,,,,,,,,,,,,,,,,,,,,,,,,,,,,,,,,,,,,,,,,,,,,,,,,,,,,,,,,,,,,,,,,,,,,,,,,,,,,,,,,,,,,,,,
Domino's,CHICKEN ALFREDO,,,,,,,,,,,,,,,,,,,,,,,,,,,,,,,CHICKEN ALFREDO,,,,,,,,,,,,,,,,,,,,,,,,,,,,,,,,,,,,,,,,,,,,,,,,,,,,,,,,,,,,,,,,,,,,,,,,,,,,,,,,,,,,,,,,,,,,,,,,,,,,,
Domino's,CHICKEN CARBONARA,,,,,,,,,,,,,,,,,,,,,,,,,,,,,,,CHICKEN CARBONARA,,,,,,,,,,,,,,,,,,,,,,,,,,,,,,,,,,,,,,,,,,,,,,,,,,,,,,,,,,,,,,,,,,,,,,,,,,,,,,,,,,,,,,,,,,,,,,,,,,,,,
Domino's,ITALIAN SAUSAGE MARINARA,,,,,,,,,,,,,,,,,,,,,,,,,,,,,,,ITALIAN SAUSAGE MARINARA,,,,,,,,,,,,,,,,,,,,,,,,,,,,,,,,,,,,,,,,,,,,,,,,,,,,,,,,,,,,,,,,,,,,,,,,,,,,,,,,,,,,,,,,,,,,,,,,,,,,,
Domino's,PASTA PRIMAVERA,,,,,,,,,,,,,,,,,,,,,,,,,,,,,,,PASTA PRIMAVERA,,,,,,,,,,,,,,,,,,,,,,,,,,,,,,,,,,,,,,,,,,,,,,,,,,,,,,,,,,,,,,,,,,,,,,,,,,,,,,,,,,,,,,,,,,,,,,,,,,,,,
Subway (PDF),"This list is compiled based on product information provided by Subway® approved food manufacturers.
Every effort is made to keep this information current however it is possible that ingredient changes and
substitutions may occur before this list is updated. This chart does not include some regional or special
promotional items as ingredients vary. Individual food items may come in contact with one another
during food preparation and is not reflected on this chart. Please notify the sandwich artist if you
have a food allergy.",,,,,,,,,,,,,,,,,,,,,,,,,,,,,,,,,,,,,,"This list is compiled based on product information provided by Subway® approved food manufacturers.
Every effort is made to keep this information current however it is possible that ingredient changes and
substitutions may occur before this list is updated. This chart does not include some regional or special
promotional items as ingredients vary. Individual food items may come in contact with one another
during food preparation and is not reflected on this chart. Please notify the sandwich artist if you
have a food allergy.",,,,,,,,,,,,,,,,,,,,,,,,,,,,,,,,,,,,,,,,,,,,,,,,,,,,,,,,,,,,,,,,,,,,,,,,,,,,,,,,,,,,,,,,,,,,,,
Subway (PDF),,,"s
e
t
a
r
t
iN
/
s
e
t
ir
t
iN
d
e
d
d
A",,,,,,,,,,,,,,,,,,,,,,,,,,,,,,,,,,,,,,,,,,,,,,,,,,,,,,,,,,,,,,,,,,,,,,,,,,,,,,,,,,,,,,,,,,,,,,,,,,,,,,,,,,,,,,,,,,,,,,,,,,,,,,,,,,
Subway (PDF),Breads & Wraps,,,,,,,,,,,,,,,,,,,,,,,,,,,,,,,,,,,,,,Breads & Wraps,,,,,,,,,,,,,,,,,,,,,,,,,,,,,,,,,,,,,,,,,,,,,,,,,,,,,,,,,,,,,,,,,,,,,,,,,,,,,,,,,,,,,,,,,,,,,,
Subway (PDF),Artisan Italian (white),,,,,,,,,,,,,,,,,,,,,,,,,,,,,,,,,,,,,,Artisan Italian (white),,,,,,,,,,,,,,,,,,,,,,,,,,,,,,,,,,,,,,,,,,,,,,,,,,,,,,,,,,,,,,,,,,,,,,,,,,,,,,,,,,,,,,,,,,,,,,
Subway (PDF),Hearty Multigrain,,,,,,,,,,,,,,,,,,,,,,,,,,,,,,,,,,,,,,Hearty Multigrain,,,,,,,,,,,,,,,,,,,,,,,,,,,,,,,,,,,,,,,,,,,,,,,,,,,,,,,,,,,,,,,,,,,,,,,,,,,,,,,,,,,,,,,,,,,,,,
Subway (PDF),Everything Bagel-Seasoned Bread,,,,,,,,,,,,,,,,,,,,,,,,,,,,,,,,,,,,,,Everything Bagel-Seasoned Bread,,,,,,,,,,,,,,,,,,,,,,,,,,,,,,,,,,,,,,,,,,,,,,,,,,,,,,,,,,,,,,,,,,,,,,,,,,,,,,,,,,,,,,,,,,,,,,
Subway (PDF),Flatbread,,,,,,,,,,,,,,,,,,,,,,,,,,,,,,,,,,,,,,Flatbread,,,,,,,,,,,,,,,,,,,,,,,,,,,,,,,,,,,,,,,,,,,,,,,,,,,,,,,,,,,,,,,,,,,,,,,,,,,,,,,,,,,,,,,,,,,,,,
Subway (PDF),Ghost Pepper,,,,,,,,,,,,,,,,,,,,,,,,,,,,,,,,,,,,,,Ghost Pepper,,,,,,,,,,,,,,,,,,,,,,,,,,,,,,,,,,,,,,,,,,,,,,,,,,,,,,,,,,,,,,,,,,,,,,,,,,,,,,,,,,,,,,,,,,,,,,
Subway (PDF),Italian Herbs and Cheese,,,,,,,,,,,,,,,,,,,,,,,,,,,,,,,,,,,,,,Italian Herbs and Cheese,,,,,,,,,,,,,,,,,,,,,,,,,,,,,,,,,,,,,,,,,,,,,,,,,,,,,,,,,,,,,,,,,,,,,,,,,,,,,,,,,,,,,,,,,,,,,,
Subway (PDF),Wrap,,,,,,,,,,,,,,,,,,,,,,,,,,,,,,,,,,,,,,Wrap,,,,,,,,,,,,,,,,,,,,,,,,,,,,,,,,,,,,,,,,,,,,,,,,,,,,,,,,,,,,,,,,,,,,,,,,,,,,,,,,,,,,,,,,,,,,,,
Subway (PDF),,,,,,,,,,,,,,,,,,,,,,,,,,,,,,,,,,,,,,,,,,,,,,,,,,,,,,,,,,,,,,,,,,,,,,,,,,,,,,,,,,,,,,,,,,,,,,,,,,,,,,,,,,,,,,,,,,,,,,,,,,,,,,,,,,,,,
Subway (PDF),Jalapeno Cheddar,,,,,,,,,,,,,,,,,,,,,,,,,,,,,,,,,,,,,,Jalapeno Cheddar,,,,,,,,,,,,,,,,,,,,,,,,,,,,,,,,,,,,,,,,,,,,,,,,,,,,,,,,,,,,,,,,,,,,,,,,,,,,,,,,,,,,,,,,,,,,,,
Subway (PDF),Monterey Cheddar,,,,,,,,,,,,,,,,,,,,,,,,,,,,,,,,,,,,,,Monterey Cheddar,,,,,,,,,,,,,,,,,,,,,,,,,,,,,,,,,,,,,,,,,,,,,,,,,,,,,,,,,,,,,,,,,,,,,,,,,,,,,,,,,,,,,,,,,,,,,,
Subway (PDF),Parmesan Oregano,,,,,,,,,,,,,,,,,,,,,,,,,,,,,,,,,,,,,,Parmesan Oregano,,,,,,,,,,,,,,,,,,,,,,,,,,,,,,,,,,,,,,,,,,,,,,,,,,,,,,,,,,,,,,,,,,,,,,,,,,,,,,,,,,,,,,,,,,,,,,
Subway (PDF),"Meat, Poultry, Seafood & Eggs",,,,,,,,,,,,,,,,,,,,,,,,,,,,,,,,,,,,,,"Meat, Poultry, Seafood & Eggs",,,,,,,,,,,,,,,,,,,,,,,,,,,,,,,,,,,,,,,,,,,,,,,,,,,,,,,,,,,,,,,,,,,,,,,,,,,,,,,,,,,,,,,,,,,,,,
Subway (PDF),Bacon,,●,,,,,,,,,,,,,,,,,,,,,,,,,,,,,,,,,,,,Bacon,,,,,,,,,,,,,,,,,,,,,,,,,,,,,,,,,,,,,,,,,,,,,,,,,,,,,,,,,,,,,,,,,,,,,,,,,,,,,,,,,,,,,,,,,,,,,,
Subway (PDF),Capicola,,●,,,,,,,,,,,,,,,,,,,,,,,,,,,,,,,,,,,,Capicola,,,,,,,,,,,,,,,,,,,,,,,,,,,,,,,,,,,,,,,,,,,,,,,,,,,,,,,,,,,,,,,,,,,,,,,,,,,,,,,,,,,,,,,,,,,,,,
Subway (PDF),"Chicken, Grilled",,,,,,,,,,,,,,,,,,,,,,,,,,,,,,,,,,,,,,"Chicken, Grilled",,,,,,,,,,,,,,,,,,,,,,,,,,,,,,,,,,,,,,,,,,,,,,,,,,,,,,,,,,,,,,,,,,,,,,,,,,,,,,,,,,,,,,,,,,,,,,
Subway (PDF),"Chicken, Grilled (with Buffalo sauce)",,,,,,,,,,,,,,,,,,,,,,,,,,,,,,,,,,,,,,"Chicken, Grilled (with Buffalo sauce)",,,,,,,,,,,,,,,,,,,,,,,,,,,,,,,,,,,,,,,,,,,,,,,,,,,,,,,,,,,,,,,,,,,,,,,,,,,,,,,,,,,,,,,,,,,,,,
Subway (PDF),"Chicken, Grilled (with Sweet Onion Teriyaki Sauce)",,,,,,,,,,,,,,,,,,,,,,,,,,,,,,,,,,,,,,"Chicken, Grilled (with Sweet Onion Teriyaki Sauce)",,,,,,,,,,,,,,,,,,,,,,,,,,,,,,,,,,,,,,,,,,,,,,,,,,,,,,,,,,,,,,,,,,,,,,,,,,,,,,,,,,,,,,,,,,,,,,
Subway (PDF),Cold Cut Combo® Meats,,●,,,,,,,,,,,,,,,,,,,,,,,,,,,,,,,,,,,,Cold Cut Combo® Meats,,,,,,,,,,,,,,,,,,,,,,,,,,,,,,,,,,,,,,,,,,,,,,,,,,,,,,,,,,,,,,,,,,,,,,,,,,,,,,,,,,,,,,,,,,,,,,
Subway (PDF),Egg Omelet Patty (Regular),,,,,,,,,,,,,,,,,,,,,,,,,,,,,,,,,,,,,,Egg Omelet Patty (Regular),,,,,,,,,,,,,,,,,,,,,,,,,,,,,,,,,,,,,,,,,,,,,,,,,,,,,,,,,,,,,,,,,,,,,,,,,,,,,,,,,,,,,,,,,,,,,,
Subway (PDF),Genoa Salami,,●,,,,,,,,,,,,,,,,,,,,,,,,,,,,,,,,,,,,Genoa Salami,,,,,,,,,,,,,,,,,,,,,,,,,,,,,,,,,,,,,,,,,,,,,,,,,,,,,,,,,,,,,,,,,,,,,,,,,,,,,,,,,,,,,,,,,,,,,,
Subway (PDF),Ham (Black Forest),,●,,,,,,,,,,,,,,,,,,,,,,,,,,,,,,,,,,,,Ham (Black Forest),,,,,,,,,,,,,,,,,,,,,,,,,,,,,,,,,,,,,,,,,,,,,,,,,,,,,,,,,,,,,,,,,,,,,,,,,,,,,,,,,,,,,,,,,,,,,,
Subway (PDF),Meatballs & Marinara,,,,,,,,,,,,,,,,,,,,,,,,,,,,,,,,,,,,,,Meatballs & Marinara,,,,,,,,,,,,,,,,,,,,,,,,,,,,,,,,,,,,,,,,,,,,,,,,,,,,,,,,,,,,,,,,,,,,,,,,,,,,,,,,,,,,,,,,,,,,,,
Subway (PDF),Pepperoni,,●,,,,,,,,,,,,,,,,,,,,,,,,,,,,,,,,,,,,Pepperoni,,,,,,,,,,,,,,,,,,,,,,,,,,,,,,,,,,,,,,,,,,,,,,,,,,,,,,,,,,,,,,,,,,,,,,,,,,,,,,,,,,,,,,,,,,,,,,
Subway (PDF),Roast Beef,,,,,,,,,,,,,,,,,,,,,,,,,,,,,,,,,,,,,,Roast Beef,,,,,,,,,,,,,,,,,,,,,,,,,,,,,,,,,,,,,,,,,,,,,,,,,,,,,,,,,,,,,,,,,,,,,,,,,,,,,,,,,,,,,,,,,,,,,,
Subway (PDF),Rotisserie-Style Chicken,,,,,,,,,,,,,,,,,,,,,,,,,,,,,,,,,,,,,,Rotisserie-Style Chicken,,,,,,,,,,,,,,,,,,,,,,,,,,,,,,,,,,,,,,,,,,,,,,,,,,,,,,,,,,,,,,,,,,,,,,,,,,,,,,,,,,,,,,,,,,,,,,
Subway (PDF),"Spicy Italian Meats (pepperoni, salami)",,●,,,,,,,,,,,,,,,,,,,,,,,,,,,,,,,,,,,,"Spicy Italian Meats (pepperoni, salami)",,,,,,,,,,,,,,,,,,,,,,,,,,,,,,,,,,,,,,,,,,,,,,,,,,,,,,,,,,,,,,,,,,,,,,,,,,,,,,,,,,,,,,,,,,,,,,
Subway (PDF),"Steak, Shaved",,,,,,,,,,,,,,,,,,,,,,,,,,,,,,,,,,,,,,"Steak, Shaved",,,,,,,,,,,,,,,,,,,,,,,,,,,,,,,,,,,,,,,,,,,,,,,,,,,,,,,,,,,,,,,,,,,,,,,,,,,,,,,,,,,,,,,,,,,,,,
Subway (PDF),Tuna Salad,,,,,,,,,,,,,,,,,,,,,,,,,,,,,,,,,,,,,,Tuna Salad,,,,,,,,,,,,,,,,,,,,,,,,,,,,,,,,,,,,,,,,,,,,,,,,,,,,,,,,,,,,,,,,,,,,,,,,,,,,,,,,,,,,,,,,,,,,,,
Subway (PDF),"Turkey Breast, Oven Roasted",,,,,,,,,,,,,,,,,,,,,,,,,,,,,,,,,,,,,,"Turkey Breast, Oven Roasted",,,,,,,,,,,,,,,,,,,,,,,,,,,,,,,,,,,,,,,,,,,,,,,,,,,,,,,,,,,,,,,,,,,,,,,,,,,,,,,,,,,,,,,,,,,,,,
Subway (PDF),,,,,,,,,,,,,,,,,,,,,,,,,,,,,,,,,,,,,,,,,,,,,,,,,,,,,,,,,,,,,,,,,,,,,,,,,,,,,,,,,,,,,,,,,,,,,,,,,,,,,,,,,,,,,,,,,,,,,,,,,,,,,,,,,,,,,
Subway (PDF),"Eggs, Cage-Free",,,,,,,,,,,,,,,,,,,,,,,,,,,,,,"Eggs, Cage-Free",,,,,,,,,●,,,,,,●,,,,,,,,,,,,,,,,,,,,,,,,,,,,,,,,,,,,,,,,,,,,,,,,,,,,,,,,,,,,,,,,,,,,,,,,,,,,,,,,,,,,,,,
Subway (PDF),Pastrami,,,,,,,,,,,,,,,,,,,,,,,,,,,,,,Pastrami,,,,,,,,,,,,,,,,,,,●,,,,,,,,,,,,,,,,,,,,,,,,,,,,,,,,,,,,,,,,,,,,,,,,,,,,,,,,,,,,,,,,,,,,,,,,,,,,,,,,,,,
Subway (PDF),Veggie Patty,,,,,,,,,,,,,,,,,,,,,,,,,,,,,,Veggie Patty,,,,,,,,,,,,,,,●,,,,,,,,,,,,,,,,,,,,,,,,,,,,,,,,,,,,,,,,,,,,,,,,,,,,,,,,,,,,,,,,,,,,,,,,,,,,,,,,,,,,,,,
Subway (PDF),Cheese,,,,,,,,,,,,,,,,,,,,,,,,,,,,,,Cheese,,,,,,,,,,,,,,,,,,,,,,,,,,,,,,,,,,,,,,,,,,,,,,,,,,,,,,,,,,,,,,,,,,,,,,,,,,,,,,,,,,,,,,,,,,,,,,,,,,,,,,
Subway (PDF),"American, Processed",,,,,,,,,,,,,,,,,,,,,,,,,,,,,,"American, Processed",,,,,,,,,,,●,,,,●,,,,,,,,,,,,,,,,,,,,,,,,,,,,,,,,,,,,,,,,,,,,,,,,,,,,,,,,,,,,,,,,,,,,,,,,,,,,,,,,,,,,,,,
Subway (PDF),Garlic Herb Cheese Spread,,,,,,,,,,,,,,,,,,,,,,,,,,,,,,Garlic Herb Cheese Spread,,,,,,,,,,,●,,,,,,,,,,,,,,,,,,,,,,,,,,,,,,,,,,,,,,,,,,,,,,,,,,,,,,,,,,,,,,,,,,,,,,,,,,,,,,,,,,,,,,,,,,,
Subway (PDF),"Monterey & Cheddar Cheese Blend, Shredded",,,,,,,,,,,,,,,,,,,,,,,,,,,,,,"Monterey & Cheddar Cheese Blend, Shredded",,,,,,,,,,,●,,,,,,,,,,,,,,,,,,,,,,,,,,,,,,,,,,,,,,,,,,,,,,,,,,,,,,,,,,,,,,,,,,,,,,,,,,,,,,,,,,,,,,,,,,,
Subway (PDF),Parmesan,,,,,,,,,,,,,,,,,,,,,,,,,,,,,,Parmesan,,,,,,,,,,,●,,,,,,,,,,,,,,,,,,,,,,,,,,,,,,,,,,,,,,,,,,,,,,,,,,,,,,,,,,,,,,,,,,,,,,,,,,,,,,,,,,,,,,,,,,,
Subway (PDF),Pepperjack,,,,,,,,,,,,,,,,,,,,,,,,,,,,,,Pepperjack,,,,,,,,,,,●,,,,●,,,,,,,,,,,,,,,,,,,,,,,,,,,,,,,,,,,,,,,,,,,,,,,,,,,,,,,,,,,,,,,,,,,,,,,,,,,,,,,,,,,,,,,
Subway (PDF),Provolone,,,,,,,,,,,,,,,,,,,,,,,,,,,,,,Provolone,,,,,,,,,,,●,,,,,,,,,,,,,,,,,,,,,,,,,,,,,,,,,,,,,,,,,,,,,,,,,,,,,,,,,,,,,,,,,,,,,,,,,,,,,,,,,,,,,,,,,,,
Subway (PDF),Condiments & Seasonings,,,,,,,,,,,,,,,,,,,,,,,,,,,,,,Condiments & Seasonings,,,,,,,,,,,,,,,,,,,,,,,,,,,,,,,,,,,,,,,,,,,,,,,,,,,,,,,,,,,,,,,,,,,,,,,,,,,,,,,,,,,,,,,,,,,,,,,,,,,,,,
Subway (PDF),Baja Chipotle Sauce,,,,,,,,,,,,,,,,,,,,,,,,,,,,,,Baja Chipotle Sauce,,,,,,,,,●,,●,,,,*,,,,,,,,,,,,,,,,,,,,,,,,,,,,,,,,,,,,,,,,,,,,,,,,,,,,,,,,,,,,,,,,,,,,,,,,,,,,,,,,,,,,,,,
Subway (PDF),BBQ,,,,,,,,,,,,,,,,,,,,,,,,,,,,,,BBQ,,,,,,,,,,,,,,,,,,●,,,,,,,,,,,,,,,,,,,,,,,,,,,,,,,,,,,,,,,,,,,,,,,,,,,,,,,,,,,,,,,,,,,,,,,,,,,,,,,,,,,,
Subway (PDF),Cheddar Cheese Sauce,,,,,,,,,,,,,,,,,,,,,,,,,,,,,,Cheddar Cheese Sauce,,,,,,,,,,,●,,,,*,,,,,,,,,,,,,,,,,,,,,,,,,,,,,,,,,,,,,,,,,,,,,,,,,,,,,,,,,,,,,,,,,,,,,,,,,,,,,,,,,,,,,,,
Subway (PDF),Franks® Red Hot Buffalo Sauce,,,,,,,,,,,,,,,,,,,,,,,,,,,,,,Franks® Red Hot Buffalo Sauce,,,,,,,,,,,,,,,,,,,,,,,,,,,,,,,,,,,,,,,,,,,,,,,,,,,,,,,,,,,,,,,,,,,,,,,,,,,,,,,,,,,,,,,,,,,,,,,,,,,,,,
Subway (PDF),Honey Mustard Sauce,,,,,,,,,,,,,,,,,,,,,,,,,,,,,,Honey Mustard Sauce,,,,,,,,,●,,,,,,*,,,,,,,,,,,,,,,,,,,,,,,,,,,,,,,,,,,,,,,,,,,,,,,,,,,,,,,,,,,,,,,,,,,,,,,,,,,,,,,,,,,,,,,
Subway (PDF),Hot Honey Sauce,,,,,,,,,,,,,,,,,,,,,,,,,,,,,,Hot Honey Sauce,,,,,,,,,,,,,,,,,,,,,,,,,,,,,,,,,,,,,,,,,,,,,,,,,,,,,,,,,,,,,,,,,,,,,,,,,,,,,,,,,,,,,,,,,,,,,,,,,,,,,,
Subway (PDF),"Mayonnaise, Regular",,,,,,,,,,,,,,,,,,,,,,,,,,,,,,"Mayonnaise, Regular",,,,,,,,,●,,,,,,*,,,,,,,,,,,,,,,,,,,,,,,,,,,,,,,,,,,,,,,,,,,,,,,,,,,,,,,,,,,,,,,,,,,,,,,,,,,,,,,,,,,,,,,
Subway (PDF),Mustard (Yellow),,,,,,,,,,,,,,,,,,,,,,,,,,,,,,Mustard (Yellow),,,,,,,,,,,,,,,,,,,,,,,,,,,,,,,,,,,,,,,,,,,,,,,,,,,,,,,,,,,,,,,,,,,,,,,,,,,,,,,,,,,,,,,,,,,,,,,,,,,,,,
Subway (PDF),Olive Oil Blend,,,,,,,,,,,,,,,,,,,,,,,,,,,,,,Olive Oil Blend,,,,,,,,,,,,,,,,,,,,,,,,,,,,,,,,,,,,,,,,,,,,,,,,,,,,,,,,,,,,,,,,,,,,,,,,,,,,,,,,,,,,,,,,,,,,,,,,,,,,,,
Subway (PDF),Parmesan Vinaigrette®,,,,,,,,,,,,,,,,,,,,,,,,,,,,,,Parmesan Vinaigrette®,,,,,,,,,,,●,,,,*,,,,,,,,,,,,,,,,,,,,,,,,,,,,,,,,,,,,,,,,,,,,,,,,,,,,,,,,,,,,,,,,,,,,,,,,,,,,,,,,,,,,,,,
Subway (PDF),Peppercorn Ranch Sauce,,,,,,,,,,,,,,,,,,,,,,,,,,,,,,Peppercorn Ranch Sauce,,,,,,,,,●,,●,,,,*,,,,,,,,,,,,,,,,,,,,,,,,,,,,,,,,,,,,,,,,,,,,,,,,,,,,,,,,,,,,,,,,,,,,,,,,,,,,,,,,,,,,,,,
Subway (PDF),Red Wine Vinegar,,,,,,,,,,,,,,,,,,,,,,,,,,,,,,Red Wine Vinegar,,,,,,,,,,,,,,,,,,●,,,,,,,,,,,,,,,,,,,,,,,,,,,,,,,,,,,,,,,,,,,,,,,,,,,,,,,,,,,,,,,,,,,,,,,,,,,,,,,,,,,,
Subway (PDF),Roasted Garlic Aioli,,,,,,,,,,,,,,,,,,,,,,,,,,,,,,Roasted Garlic Aioli,,,,,,,,,●,,,,,,*,,,,,,,,,,,,,,,,,,,,,,,,,,,,,,,,,,,,,,,,,,,,,,,,,,,,,,,,,,,,,,,,,,,,,,,,,,,,,,,,,,,,,,,
Subway (PDF),Sriracha Sauce,,,,,,,,,,,,,,,,,,,,,,,,,,,,,,Sriracha Sauce,,,,,,,,,●,,,,,,*,,,,,,,,,,,,,,,,,,,,,,,,,,,,,,,,,,,,,,,,,,,,,,,,,,,,,,,,,,,,,,,,,,,,,,,,,,,,,,,,,,,,,,,
Subway (PDF),,,,,,,,,,,,,,,,,,,,,,,,,,,,,,,,,,,,,,,,,,,,,,,,,,,,,,,,,,,,,,,,,,,,,,,,,,,,,,,,,,,,,,,,,,,,,,,,,,,,,,,,,,,,,,,,,,,,,,,,,,,,,,,,,,,,,
Subway (PDF),Sweet Onion Teriyaki Sauce (Contains Poppy Seeds),,,,,,,,,,,,,,,,,,,,,,,,,,,,,,Sweet Onion Teriyaki Sauce (Contains Poppy Seeds),,,,,,,,,,,,,●,,●,,●,,,,,,,,,,,,,,,,,,,,,,,,,,,,,,,,,,,,,,,,,,,,,,,,,,,,,,,,,,,,,,,,,,,,,,,,,,,,,,,,,,,,,
Subway (PDF),,,,,,,,,,,,,,,,,,,,,,,,,,,,,,,,,,,,,,,,,,,,,,,,,,,,,,,,,,,,,,,,,,,,,,,,,,,,,,,,,,,,,,,,,,,,,,,,,,,,,,,,,,,,,,,,,,,,,,,,,,,,,,,,,,,,,
Subway (PDF),Giardiniera,,,,,,,,,,,,,,,,,,,,,,,,,,,,,,Giardiniera,,,,,,,,,,,,,,,*,,,,,,,,,,,,,,,,,,,,,,,,,,,,,,,,,,,,,,,,,,,,,,,,,,,,,,,,,,,,,,,,,,,,,,,,,,,,,,,,,,,,,,,
Subway (PDF),Vegetables,,,,,,,,,,,,,,,,,,,,,,,,,,,,,,Vegetables,,,,,,,,,,,,,,,,,,,,,,,,,,,,,,,,,,,,,,,,,,,,,,,,,,,,,,,,,,,,,,,,,,,,,,,,,,,,,,,,,,,,,,,,,,,,,,,,,,,,,,
Subway (PDF),Banana Peppers,,,,,,,,,,,,,,,,,,,,,,,,,,,,,,Banana Peppers,,,,,,,,,,,,,,,,,,●,,,,,,,,,,,,,,,,,,,,,,,,,,,,,,,,,,,,,,,,,,,,,,,,,,,,,,,,,,,,,,,,,,,,,,,,,,,,,,,,,,,,
Subway (PDF),Black Olives,,,,,,,,,,,,,,,,,,,,,,,,,,,,,,Black Olives,,,,,,,,,,,,,,,,,,,,,,,,,,,,,,,,,,,,,,,,,,,,,,,,,,,,,,,,,,,,,,,,,,,,,,,,,,,,,,,,,,,,,,,,,,,,,,,,,,,,,,
Subway (PDF),Cucumbers,,,,,,,,,,,,,,,,,,,,,,,,,,,,,,Cucumbers,,,,,,,,,,,,,,,,,,,,,,,,,,,,,,,,,,,,,,,,,,,,,,,,,,,,,,,,,,,,,,,,,,,,,,,,,,,,,,,,,,,,,,,,,,,,,,,,,,,,,,
Subway (PDF),Green Peppers,,,,,,,,,,,,,,,,,,,,,,,,,,,,,,Green Peppers,,,,,,,,,,,,,,,,,,,,,,,,,,,,,,,,,,,,,,,,,,,,,,,,,,,,,,,,,,,,,,,,,,,,,,,,,,,,,,,,,,,,,,,,,,,,,,,,,,,,,,
Subway (PDF),Jalapeno Pepper Slices,,,,,,,,,,,,,,,,,,,,,,,,,,,,,,Jalapeno Pepper Slices,,,,,,,,,,,,,,,,,,●,,,,,,,,,,,,,,,,,,,,,,,,,,,,,,,,,,,,,,,,,,,,,,,,,,,,,,,,,,,,,,,,,,,,,,,,,,,,,,,,,,,,
Subway (PDF),Lettuce,,,,,,,,,,,,,,,,,,,,,,,,,,,,,,Lettuce,,,,,,,,,,,,,,,,,,,,,,,,,,,,,,,,,,,,,,,,,,,,,,,,,,,,,,,,,,,,,,,,,,,,,,,,,,,,,,,,,,,,,,,,,,,,,,,,,,,,,,
Subway (PDF),Onions,,,,,,,,,,,,,,,,,,,,,,,,,,,,,,Onions,,,,,,,,,,,,,,,,,,,,,,,,,,,,,,,,,,,,,,,,,,,,,,,,,,,,,,,,,,,,,,,,,,,,,,,,,,,,,,,,,,,,,,,,,,,,,,,,,,,,,,
Subway (PDF),Pickles,,,,,,,,,,,,,,,,,,,,,,,,,,,,,,Pickles,,,,,,,,,,,,,,,,,,,,,,,,,,,,,,,,,,,,,,,,,,,,,,,,,,,,,,,,,,,,,,,,,,,,,,,,,,,,,,,,,,,,,,,,,,,,,,,,,,,,,,
Subway (PDF),Sliced Avocado,,,,,,,,,,,,,,,,,,,,,,,,,,,,,,Sliced Avocado,,,,,,,,,,,,,,,,,,,,,,,,,,,,,,,,,,,,,,,,,,,,,,,,,,,,,,,,,,,,,,,,,,,,,,,,,,,,,,,,,,,,,,,,,,,,,,,,,,,,,,
Subway (PDF),Smashed Avocado,,,,,,,,,,,,,,,,,,,,,,,,,,,,,,Smashed Avocado,,,,,,,,,,,,,,,,,,,,,,,,,,,,,,,,,,,,,,,,,,,,,,,,,,,,,,,,,,,,,,,,,,,,,,,,,,,,,,,,,,,,,,,,,,,,,,,,,,,,,,
Subway (PDF),Spinach,,,,,,,,,,,,,,,,,,,,,,,,,,,,,,Spinach,,,,,,,,,,,,,,,,,,,,,,,,,,,,,,,,,,,,,,,,,,,,,,,,,,,,,,,,,,,,,,,,,,,,,,,,,,,,,,,,,,,,,,,,,,,,,,,,,,,,,,
Subway (PDF),Suntan Peppers,,,,,,,,,,,,,,,,,,,,,,,,,,,,,,Suntan Peppers,,,,,,,,,,,,,,,,,,,,,,,,,,,,,,,,,,,,,,,,,,,,,,,,,,,,,,,,,,,,,,,,,,,,,,,,,,,,,,,,,,,,,,,,,,,,,,,,,,,,,,
Subway (PDF),Tomatoes,,,,,,,,,,,,,,,,,,,,,,,,,,,,,,Tomatoes,,,,,,,,,,,,,,,,,,,,,,,,,,,,,,,,,,,,,,,,,,,,,,,,,,,,,,,,,,,,,,,,,,,,,,,,,,,,,,,,,,,,,,,,,,,,,,,,,,,,,,
Subway (PDF),,,,,,,,,,,,,,,,,,,,,,,,,,,,,,,,,,,,,,,,,,,,,,,,,,,,,,,,,,,,,,,,,,,,,,,,,,,,,,,,,,,,,,,,,,,,,,,,,,,,,,,,,,,,,,,,,,,,,,,,,,,,,,,,,,,,,
Subway (PDF),Broccoli & Cheddar,,,,,,,,,,,,,,,,,,,,,,,,,,,,,,Broccoli & Cheddar,,,,,,,,,,,●,,,,,,●,,,,,,,,,,,,,,,,,,,,,,,,,,,,,,,,,,,,,,,,,,,,,,,,,,,,,,,,,,,,,,,,,,,,,,,,,,,,,,,,,,,,,
Subway (PDF),Chicken Noodle,,,,,,,,,,,,,,,,,,,,,,,,,,,,,,Chicken Noodle,,,,,,,,,●,,,,,,,,●,,,,,,,,,,,,,,,,,,,,,,,,,,,,,,,,,,,,,,,,,,,,,,,,,,,,,,,,,,,,,,,,,,,,,,,,,,,,,,,,,,,,,
Subway (PDF),Loaded Baked Potato,,,,,,,,,,,,,,,,,,,,,,,,,,,,,,Loaded Baked Potato,,,,,,,,,,,●,,,,,,,,,,,,,,,,,,,,,,,,,,,,,,,,,,,,,,,,,,,,,,,,,,,,,,,,,,,,,,,,,,,,,,,,,,,,,,,,,,,,,,,,,,,
Subway (PDF),"Pizza, Cheese",,,,,,,,,,,,,,,,,,,,,,,,,,,,,,"Pizza, Cheese",,,,,,,,,,,●,,,,*,,●,,,,,,,,,,,,,,,,,,,,,,,,,,,,,,,,,,,,,,,,,,,,,,,,,,,,,,,,,,,,,,,,,,,,,,,,,,,,,,,,,,,,,
Subway (PDF),Cookies & Sides,,,,,,,,,,,,,,,,,,,,,,,,,,,,,,Cookies & Sides,,,,,,,,,,,,,,,,,,,,,,,,,,,,,,,,,,,,,,,,,,,,,,,,,,,,,,,,,,,,,,,,,,,,,,,,,,,,,,,,,,,,,,,,,,,,,,,,,,,,,,
Subway (PDF),Applesauce,,,,,,,,,,,,,,,,,,,,,,,,,,,,,,Applesauce,,,,,,,,,,,,,,,,,,,,,,,,,,,,,,,,,,,,,,,,,,,,,,,,,,,,,,,,,,,,,,,,,,,,,,,,,,,,,,,,,,,,,,,,,,,,,,,,,,,,,,
Subway (PDF),"Cookie, Chocolate Chip",,,,,,,,,,,,,,,,,,,,,,,,,,,,,,"Cookie, Chocolate Chip",,,,,,,,,●,,●,**,,,●,**,●,,,,,,,,,,,,,,,,,,,,,,,,,,,,,,,,,,,,,,,,,,,,,,,,,,,,,,,,,,,,,,,,,,,,,,,,,,,,,,,,,,,,,
Subway (PDF),"Cookie, Double Chocolate",,,,,,,,,,,,,,,,,,,,,,,,,,,,,,"Cookie, Double Chocolate",,,,,,,,,●,,●,**,,,●,**,●,,,,,,,,,,,,,,,,,,,,,,,,,,,,,,,,,,,,,,,,,,,,,,,,,,,,,,,,,,,,,,,,,,,,,,,,,,,,,,,,,,,,,
Subway (PDF),"Cookie, Oatmeal Raisin",,,,,,,,,,,,,,,,,,,,,,,,,,,,,,"Cookie, Oatmeal Raisin",,,,,,,,,●,,●,**,,,,**,●,,,,,,,,,,,,,,,,,,,,,,,,,,,,,,,,,,,,,,,,,,,,,,,,,,,,,,,,,,,,,,,,,,,,,,,,,,,,,,,,,,,,,
Subway (PDF),"Cookie, Naturally Flavored Raspberry Cheesecake",,,,,,,,,,,,,,,,,,,,,,,,,,,,,,"Cookie, Naturally Flavored Raspberry Cheesecake",,,,,,,,,●,,●,**,,,●,**,●,,,,,,,,,,,,,,,,,,,,,,,,,,,,,,,,,,,,,,,,,,,,,,,,,,,,,,,,,,,,,,,,,,,,,,,,,,,,,,,,,,,,,
Subway (PDF),"Cookie, White Chip Macadamia Nut",,,,,,,,,,,,,,,,,,,,,,,,,,,,,,"Cookie, White Chip Macadamia Nut",,,,,,,,,●,,●,**,,,●,●,●,,,,,,,,,,,,,,,,,,,,,,,,,,,,,,,,,,,,,,,,,,,,,,,,,,,,,,,,,,,,,,,,,,,,,,,,,,,,,,,,,,,,,
Subway (PDF),"Footlong Cookie, Chocolate Chip",,,,,,,,,,,,,,,,,,,,,,,,,,,,,,"Footlong Cookie, Chocolate Chip",,,,,,,,,●,,●,,,,●,,●,,,,,,,,,,,,,,,,,,,,,,,,,,,,,,,,,,,,,,,,,,,,,,,,,,,,,,,,,,,,,,,,,,,,,,,,,,,,,,,,,,,,,
Subway (PDF),"Footlong Cookie, Double Chocolate Peppermint",,,,,,,,,,,,,,,,,,,,,,,,,,,,,,"Footlong Cookie, Double Chocolate Peppermint",,,,,,,,,●,,●,,,,●,x,●,,,,,,,,,,,,,,,,,,,,,,,,,,,,,,,,,,,,,,,,,,,,,,,,,,,,,,,,,,,,,,,,,,,,,,,,,,,,,,,,,,,,,
Subway (PDF),"Footlong Cookie, Oreo",,,,,,,,,,,,,,,,,,,,,,,,,,,,,,"Footlong Cookie, Oreo",,,,,,,,,●,,●,,,,●,x,●,,,,,,,,,,,,,,,,,,,,,,,,,,,,,,,,,,,,,,,,,,,,,,,,,,,,,,,,,,,,,,,,,,,,,,,,,,,,,,,,,,,,,
Subway (PDF),Footlong Churro,,,,,,,,,,,,,,,,,,,,,,,,,,,,,,Footlong Churro,,,,,,,,,●,,●,,,,●,,●,,,,,,,,,,,,,,,,,,,,,,,,,,,,,,,,,,,,,,,,,,,,,,,,,,,,,,,,,,,,,,,,,,,,,,,,,,,,,,,,,,,,,
Subway (PDF),Footlong Pretzel,,,,,,,,,,,,,,,,,,,,,,,,,,,,,,Footlong Pretzel,,,,,,,,,,,●,,,,*,,●,,,,,,,,,,,,,,,,,,,,,,,,,,,,,,,,,,,,,,,,,,,,,,,,,,,,,,,,,,,,,,,,,,,,,,,,,,,,,,,,,,,,,
Subway (PDF),●=contains x=may contain,,,,,,,,,,,,,,,,,,,,,,,,,,,,,,●=contains x=may contain,,,,,,,,,,,,,,,,,,,,,,,,,,,,,,,,,,,,,,,,,,,,,,,,,,,,,,,,,,,,,,,,,,,,,,,,,,,,,,,,,,,,,,,,,,,,,,,,,,,,,,
Subway (PDF),"¹ Wheat & Gluten categories are combined since all Subway® gluten-containing items contain wheat.
2 The Gluten-Free bread is manufactured in a Gluten-Free facility. However, other menu items and ingredients in our restaurants contain gluten and are prepared on shared
equipment, so we cannot guarantee that our menu items are 100% gluten-free.
*Only contains highly refined oil from this ingredient. FDA exempts labeling refined oils as allergens since they can be safely consumed by food-allergic
individuals.
**Due to the nature of how these cookies are displayed in the restaurant they may come in contact with other nut containing cookies.",,,,,,,,,,,,,,,,,,,,,,,,,,,,,,"¹ Wheat & Gluten categories are combined since all Subway® gluten-containing items contain wheat.
2 The Gluten-Free bread is manufactured in a Gluten-Free facility. However, other menu items and ingredients in our restaurants contain gluten and are prepared on shared
equipment, so we cannot guarantee that our menu items are 100% gluten-free.
*Only contains highly refined oil from this ingredient. FDA exempts labeling refined oils as allergens since they can be safely consumed by food-allergic
individuals.
**Due to the nature of how these cookies are displayed in the restaurant they may come in contact with other nut containing cookies.",,,,,,,,,,,,,,,,,,,,,,,,,,,,,,,,,,,,,,,,,,,,,,,,,,,,,,,,,,,,,,,,,,,,,,,,,,,,,,,,,,,,,,,,,,,,,,,,,,,,,,
Dunkin' (PDF),Vanilla Creme Cold Brew - Large,,,,,45,,2,,,,280,,,,,,,,,,,,,,,,,,,,,,,,,,,,,,,,,,,,,,,Vanilla Creme Cold Brew - Large,Large,5,3,0,15,55,0,54,52,0,339,92,0,,,,,,,,,,,,,,,,,,,,,,,,,,,,,,,,,,,,,,,,,,,,,,,,,,,,,,,,,,,,,,,,,,,,,
Dunkin' (PDF),"Vanilla Creme Cold Brew -
Medium",,,,,30,,2,,,,190,,,,,,,,,,,,,,,,,,,,,,,,,,,,,,,,,,,,,,,"Vanilla Creme Cold Brew -
Medium",Medium,3,2,0,10,38,0,38,36,0,240,59,0,,,,,,,,,,,,,,,,,,,,,,,,,,,,,,,,,,,,,,,,,,,,,,,,,,,,,,,,,,,,,,,,,,,,,
Dunkin' (PDF),Vanilla Creme Cold Brew - Small,,,,,25,,1,,,,150,,,,,,,,,,,,,,,,,,,,,,,,,,,,,,,,,,,,,,,Vanilla Creme Cold Brew - Small,Small,3,2,0,10,29,0,29,27,0,179,53,0,,,,,,,,,,,,,,,,,,,,,,,,,,,,,,,,,,,,,,,,,,,,,,,,,,,,,,,,,,,,,,,,,,,,,
Dunkin' (PDF),Ham & Cheese Croissant Stuffer,,,,,580,,14,,,,330,,,,,,,,,,,,,,,,,,,,,,,,,,,,,,,,,,,,,,,,1 Croissant,17,10,0,60,30,2,6,4,1,176,209,2,Ham & Cheese Croissant Stuffer,,,,,,,,,,,,,,,,,,,,,,,,,,,,,,,,,,,,,,,,,,,,,,,,,,,,,,,,,,,,,,,,,,,,
Dunkin' (PDF),Brownie Batter Doniut,,,,,320,,5,,,,330,,,,,,,,,,,,,,,,,,,,,,,,,,,,,,,,,,,,,,,,1 Donut,14,6,0,0,48,2,25,25,0,117,18,2,,Brownie Batter Doniut,,,,,,,,,,,,,,,,,,,,,,,,,,,,,,,,,,,,,,,,,,,,,,,,,,,,,,,,,,,,,,,,,,,
Dunkin' (PDF),"Chocolate Frosted Donut with
Valentine Sprinkles",,,,,290,,5,,,,270,,,,,,,,,,,,,,,,,,,,,,,,,,,,,,,,,,,,,,,,1 Donut,12,5,0,0,37,1,15,15,0,76,13,2,,"Chocolate Frosted Donut with
Valentine Sprinkles",,,,,,,,,,,,,,,,,,,,,,,,,,,,,,,,,,,,,,,,,,,,,,,,,,,,,,,,,,,,,,,,,,,
Dunkin' (PDF),Cupids Choice Donut,,,,,330,,4,,,,290,,,,,,,,,,,,,,,,,,,,,,,,,,,,,,,,,,,,,,,,1 Donut,11,5,0,0,43,1,20,20,0,66,33,2,,Cupids Choice Donut,,,,,,,,,,,,,,,,,,,,,,,,,,,,,,,,,,,,,,,,,,,,,,,,,,,,,,,,,,,,,,,,,,,
Dunkin' (PDF),Golden Chocolate Donut,,,,,340,,5,,,,350,,,,,,,,,,,,,,,,,,,,,,,,,,,,,,,,,,,,,,,,1 Donut,15,7,0,0,50,1,28,28,1,80,14,2,,Golden Chocolate Donut,,,,,,,,,,,,,,,,,,,,,,,,,,,,,,,,,,,,,,,,,,,,,,,,,,,,,,,,,,,,,,,,,,,
Dunkin' (PDF),"Strawberry Frosted Donut with
Valentine Sprinkles",,,,,280,,4,,,,270,,,,,,,,,,,,,,,,,,,,,,,,,,,,,,,,,,,,,,,,1 Donut,12,5,0,0,37,1,16,15,0,59,12,2,,"Strawberry Frosted Donut with
Valentine Sprinkles",,,,,,,,,,,,,,,,,,,,,,,,,,,,,,,,,,,,,,,,,,,,,,,,,,,,,,,,,,,,,,,,,,,
Dunkin' (PDF),"Vanilla Frosted Donut with
Valentine Sprinkles",,,,,280,,4,,,,270,,,,,,,,,,,,,,,,,,,,,,,,,,,,,,,,,,,,,,,,1 Donut,12,5,0,0,37,1,15,15,0,59,12,2,,"Vanilla Frosted Donut with
Valentine Sprinkles",,,,,,,,,,,,,,,,,,,,,,,,,,,,,,,,,,,,,,,,,,,,,,,,,,,,,,,,,,,,,,,,,,,
Dunkin' (PDF),#ALLCAPS Donut,,,,,290,,4,,,,270,,,,,,,,,,,,,,,,,,,,,,,,,,,,,,,,,,,,,,,,1 Donut,11,4.5,0,0,37,1,16,16,0,59,12,2,,,#ALLCAPS Donut,,,,,,,,,,,,,,,,,,,,,,,,,,,,,,,,,,,,,,,,,,,,,,,,,,,,,,,,,,,,,,,,,,
Dunkin' (PDF),Birdland Donut,,,,,290,,4,,,,270,,,,,,,,,,,,,,,,,,,,,,,,,,,,,,,,,,,,,,,,1 Donut,11,4.5,0,0,37,1,16,16,0,63,12,2,,,Birdland Donut,,,,,,,,,,,,,,,,,,,,,,,,,,,,,,,,,,,,,,,,,,,,,,,,,,,,,,,,,,,,,,,,,,
Dunkin' (PDF),Bulls Donut,,,,,290,,4,,,,270,,,,,,,,,,,,,,,,,,,,,,,,,,,,,,,,,,,,,,,,1 Donut,11,4.5,0,0,37,1,16,16,0,59,12,2,,,Bulls Donut,,,,,,,,,,,,,,,,,,,,,,,,,,,,,,,,,,,,,,,,,,,,,,,,,,,,,,,,,,,,,,,,,,
Dunkin' (PDF),Buttermilk Donut,,,,,390,,3,,,,330,,,,,,,,,,,,,,,,,,,,,,,,,,,,,,,,,,,,,,,,1 Donut,17,7,0,25,41,1,20,20,0,63,23,2,,,Buttermilk Donut,,,,,,,,,,,,,,,,,,,,,,,,,,,,,,,,,,,,,,,,,,,,,,,,,,,,,,,,,,,,,,,,,,
Dunkin' (PDF),"Chocolate Frosted with Chocolate
Sprinkles Donut",,,,,290,,5,,,,270,,,,,,,,,,,,,,,,,,,,,,,,,,,,,,,,,,,,,,,,1 Donut,12,5,0,0,36,1,15,14,0,85,13,2,,,"Chocolate Frosted with Chocolate
Sprinkles Donut",,,,,,,,,,,,,,,,,,,,,,,,,,,,,,,,,,,,,,,,,,,,,,,,,,,,,,,,,,,,,,,,,,
Dunkin' (PDF),Cleveland Guardians Donut,,,,,280,,4,,,,270,,,,,,,,,,,,,,,,,,,,,,,,,,,,,,,,,,,,,,,,1 Donut,12,5,0,0,37,1,15,15,0,59,12,2,,,Cleveland Guardians Donut,,,,,,,,,,,,,,,,,,,,,,,,,,,,,,,,,,,,,,,,,,,,,,,,,,,,,,,,,,,,,,,,,,
Dunkin' (PDF),Dodgers Donut,,,,,280,,4,,,,270,,,,,,,,,,,,,,,,,,,,,,,,,,,,,,,,,,,,,,,,1 Donut,12,5,0,0,37,1,15,15,0,58,12,2,,,Dodgers Donut,,,,,,,,,,,,,,,,,,,,,,,,,,,,,,,,,,,,,,,,,,,,,,,,,,,,,,,,,,,,,,,,,,
Dunkin' (PDF),Fenway Faithful Donut,,,,,280,,4,,,,270,,,,,,,,,,,,,,,,,,,,,,,,,,,,,,,,,,,,,,,,1 Donut,12,5,0,0,37,1,15,15,0,59,12,2,,,Fenway Faithful Donut,,,,,,,,,,,,,,,,,,,,,,,,,,,,,,,,,,,,,,,,,,,,,,,,,,,,,,,,,,,,,,,,,,
Dunkin' (PDF),Go Hornets Donut,,,,,280,,4,,,,270,,,,,,,,,,,,,,,,,,,,,,,,,,,,,,,,,,,,,,,,1 Donut,12,5,0,0,37,1,15,15,0,58,12,2,,,Go Hornets Donut,,,,,,,,,,,,,,,,,,,,,,,,,,,,,,,,,,,,,,,,,,,,,,,,,,,,,,,,,,,,,,,,,,
Dunkin' (PDF),Guava Donut,,,,,280,,4,,,,240,,,,,,,,,,,,,,,,,,,,,,,,,,,,,,,,,,,,,,,,1 Donut,10,4,0,0,32,1,12,11,1,72,12,2,,,Guava Donut,,,,,,,,,,,,,,,,,,,,,,,,,,,,,,,,,,,,,,,,,,,,,,,,,,,,,,,,,,,,,,,,,,
Dunkin' (PDF),Inter Miami Donut,,,,,280,,4,,,,270,,,,,,,,,,,,,,,,,,,,,,,,,,,,,,,,,,,,,,,,1 Donut,11,4.5,0,0,37,1,17,16,0,59,12,2,,,Inter Miami Donut,,,,,,,,,,,,,,,,,,,,,,,,,,,,,,,,,,,,,,,,,,,,,,,,,,,,,,,,,,,,,,,,,,
Dunkin' (PDF),Jaguars Hall of Fame Donut,,,,,280,,4,,,,270,,,,,,,,,,,,,,,,,,,,,,,,,,,,,,,,,,,,,,,,1 Donut,12,5,0,0,37,1,15,14,0,68,12,2,,,Jaguars Hall of Fame Donut,,,,,,,,,,,,,,,,,,,,,,,,,,,,,,,,,,,,,,,,,,,,,,,,,,,,,,,,,,,,,,,,,,
Dunkin' (PDF),Orioles Magic Donut,,,,,300,,4,,,,350,,,,,,,,,,,,,,,,,,,,,,,,,,,,,,,,,,,,,,,,1 Donut,15,6,0,0,47,1,27,27,1,69,12,2,,,Orioles Magic Donut,,,,,,,,,,,,,,,,,,,,,,,,,,,,,,,,,,,,,,,,,,,,,,,,,,,,,,,,,,,,,,,,,,
Dunkin' (PDF),Padres Donut,,,,,290,,4,,,,270,,,,,,,,,,,,,,,,,,,,,,,,,,,,,,,,,,,,,,,,1 Donut,12,5,0,0,36,1,15,14,0,75,13,2,,,Padres Donut,,,,,,,,,,,,,,,,,,,,,,,,,,,,,,,,,,,,,,,,,,,,,,,,,,,,,,,,,,,,,,,,,,
Dunkin' (PDF),Pittsburgh Crème Donut,,,,,310,,5,,,,350,,,,,,,,,,,,,,,,,,,,,,,,,,,,,,,,,,,,,,,,1 Donut,16,7,0,0,47,1,26,25,1,81,13,2,,,Pittsburgh Crème Donut,,,,,,,,,,,,,,,,,,,,,,,,,,,,,,,,,,,,,,,,,,,,,,,,,,,,,,,,,,,,,,,,,,
Dunkin' (PDF),Pittsburgh Penguins Donut,,,,,290,,4,,,,270,,,,,,,,,,,,,,,,,,,,,,,,,,,,,,,,,,,,,,,,1 Donut,12,5,0,0,36,1,15,14,0,75,13,2,,,Pittsburgh Penguins Donut,,,,,,,,,,,,,,,,,,,,,,,,,,,,,,,,,,,,,,,,,,,,,,,,,,,,,,,,,,,,,,,,,,
Dunkin' (PDF),Poe's Purple Donut,,,,,290,,4,,,,270,,,,,,,,,,,,,,,,,,,,,,,,,,,,,,,,,,,,,,,,1 Donut,11,4.5,0,0,37,1,16,16,0,63,12,2,,,Poe's Purple Donut,,,,,,,,,,,,,,,,,,,,,,,,,,,,,,,,,,,,,,,,,,,,,,,,,,,,,,,,,,,,,,,,,,
Dunkin' (PDF),Raven's Flock Donut,,,,,300,,5,,,,350,,,,,,,,,,,,,,,,,,,,,,,,,,,,,,,,,,,,,,,,1 Donut,16,7,0,0,47,1,26,25,1,75,12,2,,,Raven's Flock Donut,,,,,,,,,,,,,,,,,,,,,,,,,,,,,,,,,,,,,,,,,,,,,,,,,,,,,,,,,,,,,,,,,,
Dunkin' (PDF),Redland Donut,,,,,290,,4,,,,270,,,,,,,,,,,,,,,,,,,,,,,,,,,,,,,,,,,,,,,,1 Donut,11,4.5,0,0,37,1,16,16,0,59,12,2,,,Redland Donut,,,,,,,,,,,,,,,,,,,,,,,,,,,,,,,,,,,,,,,,,,,,,,,,,,,,,,,,,,,,,,,,,,
Dunkin' (PDF),Reds Donut,,,,,280,,4,,,,270,,,,,,,,,,,,,,,,,,,,,,,,,,,,,,,,,,,,,,,,1 Donut,12,5,0,0,37,1,15,15,0,64,12,2,,,Reds Donut,,,,,,,,,,,,,,,,,,,,,,,,,,,,,,,,,,,,,,,,,,,,,,,,,,,,,,,,,,,,,,,,,,
Dunkin' (PDF),TN Titans Donut,,,,,280,,4,,,,270,,,,,,,,,,,,,,,,,,,,,,,,,,,,,,,,,,,,,,,,1 Donut,12,5,0,0,37,1,15,15,0,58,12,2,,,TN Titans Donut,,,,,,,,,,,,,,,,,,,,,,,,,,,,,,,,,,,,,,,,,,,,,,,,,,,,,,,,,,,,,,,,,,
Dunkin' (PDF),The GOAT Donut,,,,,290,,4,,,,270,,,,,,,,,,,,,,,,,,,,,,,,,,,,,,,,,,,,,,,,1 Donut,11,4.5,0,0,37,1,16,16,0,59,12,2,,,The GOAT Donut,,,,,,,,,,,,,,,,,,,,,,,,,,,,,,,,,,,,,,,,,,,,,,,,,,,,,,,,,,,,,,,,,,
Dunkin' (PDF),"Berry Sangria Protein Daydream
Refresher - Large",,,,,150,,15,,,,430,,,,,,,,,,,,,,,,,,,,,,,,,,,,,,,,,,,,,,,,Large,10,6,0,45,71,0,66,53,3,499,465,0,,,,"Berry Sangria Protein Daydream
Refresher - Large",,,,,,,,,,,,,,,,,,,,,,,,,,,,,,,,,,,,,,,,,,,,,,,,,,,,,,,,,,,,,,,,,
Dunkin' (PDF),"Berry Sangria Protein Daydream
Refresher - Medium",,,,,110,,11,,,,310,,,,,,,,,,,,,,,,,,,,,,,,,,,,,,,,,,,,,,,,Medium,7,4,0,30,50,0,47,37,2,361,338,0,,,,"Berry Sangria Protein Daydream
Refresher - Medium",,,,,,,,,,,,,,,,,,,,,,,,,,,,,,,,,,,,,,,,,,,,,,,,,,,,,,,,,,,,,,,,,
Dunkin' (PDF),"Berry Sangria Protein Daydream
Refresher - Small",,,,,80,,8,,,,230,,,,,,,,,,,,,,,,,,,,,,,,,,,,,,,,,,,,,,,,Small,5,3.5,0,25,37,0,35,28,1,259,239,0,,,,"Berry Sangria Protein Daydream
Refresher - Small",,,,,,,,,,,,,,,,,,,,,,,,,,,,,,,,,,,,,,,,,,,,,,,,,,,,,,,,,,,,,,,,,
Dunkin' (PDF),"Brown Sugar Almond Protein Hot
Macchiato - Large",,,,,140,,13,,,,310,,,,,,,,,,,,,,,,,,,,,,,,,,,,,,,,,,,,,,,,Large,5,3,0,25,51,0,47,36,3,574,398,0,,,,"Brown Sugar Almond Protein Hot
Macchiato - Large",,,,,,,,,,,,,,,,,,,,,,,,,,,,,,,,,,,,,,,,,,,,,,,,,,,,,,,,,,,,,,,,,
Dunkin' (PDF),"Brown Sugar Almond Protein Hot
Macchiato - Medium",,,,,105,,10,,,,230,,,,,,,,,,,,,,,,,,,,,,,,,,,,,,,,,,,,,,,,Medium,4,2.5,0,20,38,0,35,27,2,439,298,0,,,,"Brown Sugar Almond Protein Hot
Macchiato - Medium",,,,,,,,,,,,,,,,,,,,,,,,,,,,,,,,,,,,,,,,,,,,,,,,,,,,,,,,,,,,,,,,,
Dunkin' (PDF),"Brown Sugar Almond Protein Hot
Macchiato - Small",,,,,70,,7,,,,160,,,,,,,,,,,,,,,,,,,,,,,,,,,,,,,,,,,,,,,,Small,2.5,1.5,0,15,26,0,23,18,1,311,199,0,,,,"Brown Sugar Almond Protein Hot
Macchiato - Small",,,,,,,,,,,,,,,,,,,,,,,,,,,,,,,,,,,,,,,,,,,,,,,,,,,,,,,,,,,,,,,,,
Dunkin' (PDF),"Brown Sugar Almond Protein Iced
Macchiato - Large",,,,,150,,13,,,,310,,,,,,,,,,,,,,,,,,,,,,,,,,,,,,,,,,,,,,,,Large,5,3,0,25,51,0,47,36,3,581,413,0,,,,"Brown Sugar Almond Protein Iced
Macchiato - Large",,,,,,,,,,,,,,,,,,,,,,,,,,,,,,,,,,,,,,,,,,,,,,,,,,,,,,,,,,,,,,,,,
Dunkin' (PDF),"Brown Sugar Almond Protein Iced
Macchiato - Medium",,,,,115,,10,,,,230,,,,,,,,,,,,,,,,,,,,,,,,,,,,,,,,,,,,,,,,Medium,4,2.5,0,20,38,0,35,27,2,442,309,0,,,,"Brown Sugar Almond Protein Iced
Macchiato - Medium",,,,,,,,,,,,,,,,,,,,,,,,,,,,,,,,,,,,,,,,,,,,,,,,,,,,,,,,,,,,,,,,,
Dunkin' (PDF),"Brown Sugar Almond Protein Iced
Macchiato - Small",,,,,80,,7,,,,160,,,,,,,,,,,,,,,,,,,,,,,,,,,,,,,,,,,,,,,,Small,2.5,1.5,0,15,26,0,23,18,1,313,207,0,,,,"Brown Sugar Almond Protein Iced
Macchiato - Small",,,,,,,,,,,,,,,,,,,,,,,,,,,,,,,,,,,,,,,,,,,,,,,,,,,,,,,,,,,,,,,,,
Dunkin' (PDF),"Butter Pecan Vanilla Iced Coffee
with Protein Milk - Large",,,,,310,,7,,,,270,,,,,,,,,,,,,,,,,,,,,,,,,,,,,,,,,,,,,,,,Large,1.5,1,0,10,55,0,52,43,1,494,248,0,,,,"Butter Pecan Vanilla Iced Coffee
with Protein Milk - Large",,,,,,,,,,,,,,,,,,,,,,,,,,,,,,,,,,,,,,,,,,,,,,,,,,,,,,,,,,,,,,,,,
Dunkin' (PDF),"Butter Pecan Vanilla Iced Coffee
with Protein Milk - Medium",,,,,230,,5,,,,200,,,,,,,,,,,,,,,,,,,,,,,,,,,,,,,,,,,,,,,,Medium,1,0.5,0,5,41,0,39,32,0,370,185,0,,,,"Butter Pecan Vanilla Iced Coffee
with Protein Milk - Medium",,,,,,,,,,,,,,,,,,,,,,,,,,,,,,,,,,,,,,,,,,,,,,,,,,,,,,,,,,,,,,,,,
Dunkin' (PDF),"Butter Pecan Vanilla Iced Coffee
with Protein Milk - Small",,,,,160,,3,,,,140,,,,,,,,,,,,,,,,,,,,,,,,,,,,,,,,,,,,,,,,Small,0.5,0,0,5,28,0,26,21,0,247,124,0,,,,"Butter Pecan Vanilla Iced Coffee
with Protein Milk - Small",,,,,,,,,,,,,,,,,,,,,,,,,,,,,,,,,,,,,,,,,,,,,,,,,,,,,,,,,,,,,,,,,
Dunkin' (PDF),"Caramel Almond Iced Coffee with
Protein Milk - Large",,,,,115,,6,,,,270,,,,,,,,,,,,,,,,,,,,,,,,,,,,,,,,,,,,,,,,Large,1.5,1,0,10,55,0,54,46,1,658,218,0,,,,"Caramel Almond Iced Coffee with
Protein Milk - Large",,,,,,,,,,,,,,,,,,,,,,,,,,,,,,,,,,,,,,,,,,,,,,,,,,,,,,,,,,,,,,,,,
Dunkin' (PDF),"Caramel Almond Iced Coffee with
Protein Milk - Medium",,,,,85,,5,,,,200,,,,,,,,,,,,,,,,,,,,,,,,,,,,,,,,,,,,,,,,Medium,1,0.5,0,10,41,0,40,35,0,493,162,0,,,,"Caramel Almond Iced Coffee with
Protein Milk - Medium",,,,,,,,,,,,,,,,,,,,,,,,,,,,,,,,,,,,,,,,,,,,,,,,,,,,,,,,,,,,,,,,,
Dunkin' (PDF),"Caramel Almond Iced Coffee with
Protein Milk - Small",,,,,60,,3,,,,140,,,,,,,,,,,,,,,,,,,,,,,,,,,,,,,,,,,,,,,,Small,0.5,0,0,5,28,0,27,23,0,329,109,0,,,,"Caramel Almond Iced Coffee with
Protein Milk - Small",,,,,,,,,,,,,,,,,,,,,,,,,,,,,,,,,,,,,,,,,,,,,,,,,,,,,,,,,,,,,,,,,
Dunkin' (PDF),"Caramel Chocolate Coconut
Protein Latte - Large",,,,,230,,20,,,,380,,,,,,,,,,,,,,,,,,,,,,,,,,,,,,,,,,,,,,,,Large,8,4.5,0,40,56,0,51,34,4,801,661,1,,,,"Caramel Chocolate Coconut
Protein Latte - Large",,,,,,,,,,,,,,,,,,,,,,,,,,,,,,,,,,,,,,,,,,,,,,,,,,,,,,,,,,,,,,,,,
Dunkin' (PDF),"Caramel Chocolate Coconut
Protein Latte - Medium",,,,,170,,15,,,,290,,,,,,,,,,,,,,,,,,,,,,,,,,,,,,,,,,,,,,,,Medium,6,3.5,0,30,42,0,38,26,3,596,495,1,,,,"Caramel Chocolate Coconut
Protein Latte - Medium",,,,,,,,,,,,,,,,,,,,,,,,,,,,,,,,,,,,,,,,,,,,,,,,,,,,,,,,,,,,,,,,,
Dunkin' (PDF),"Caramel Chocolate Coconut
Protein Latte - Small",,,,,115,,10,,,,190,,,,,,,,,,,,,,,,,,,,,,,,,,,,,,,,,,,,,,,,Small,4,2.5,0,20,28,0,26,17,2,401,330,1,,,,"Caramel Chocolate Coconut
Protein Latte - Small",,,,,,,,,,,,,,,,,,,,,,,,,,,,,,,,,,,,,,,,,,,,,,,,,,,,,,,,,,,,,,,,,
Dunkin' (PDF),Hot Buff Chai - Large,,,,,220,,20,,,,390,,,,,,,,,,,,,,,,,,,,,,,,,,,,,,,,,,,,,,,,Large,8,4.5,0,40,58,2,53,36,4,681,599,1,,,,Hot Buff Chai - Large,,,,,,,,,,,,,,,,,,,,,,,,,,,,,,,,,,,,,,,,,,,,,,,,,,,,,,,,,,,,,,,,,
Dunkin' (PDF),Hot Buff Chai - Medium,,,,,170,,15,,,,290,,,,,,,,,,,,,,,,,,,,,,,,,,,,,,,,,,,,,,,,Medium,6,3.5,0,30,44,2,40,27,3,511,449,1,,,,Hot Buff Chai - Medium,,,,,,,,,,,,,,,,,,,,,,,,,,,,,,,,,,,,,,,,,,,,,,,,,,,,,,,,,,,,,,,,,
Dunkin' (PDF),Hot Buff Chai - Small,,,,,110,,10,,,,200,,,,,,,,,,,,,,,,,,,,,,,,,,,,,,,,,,,,,,,,Small,4,2.5,0,20,29,1,27,18,2,341,299,0,,,,Hot Buff Chai - Small,,,,,,,,,,,,,,,,,,,,,,,,,,,,,,,,,,,,,,,,,,,,,,,,,,,,,,,,,,,,,,,,,
Dunkin' (PDF),Iced Buff Chai - Large,,,,,240,,20,,,,390,,,,,,,,,,,,,,,,,,,,,,,,,,,,,,,,,,,,,,,,Large,8,4.5,0,40,58,2,53,36,4,687,614,1,,,,Iced Buff Chai - Large,,,,,,,,,,,,,,,,,,,,,,,,,,,,,,,,,,,,,,,,,,,,,,,,,,,,,,,,,,,,,,,,,
Dunkin' (PDF),Iced Buff Chai - Medium,,,,,180,,15,,,,290,,,,,,,,,,,,,,,,,,,,,,,,,,,,,,,,,,,,,,,,Medium,6,3.5,0,30,44,2,40,27,3,515,460,1,,,,Iced Buff Chai - Medium,,,,,,,,,,,,,,,,,,,,,,,,,,,,,,,,,,,,,,,,,,,,,,,,,,,,,,,,,,,,,,,,,
Dunkin' (PDF),Iced Buff Chai - Small,,,,,120,,10,,,,200,,,,,,,,,,,,,,,,,,,,,,,,,,,,,,,,,,,,,,,,Small,4,2.5,0,20,29,1,27,18,2,343,307,0,,,,Iced Buff Chai - Small,,,,,,,,,,,,,,,,,,,,,,,,,,,,,,,,,,,,,,,,,,,,,,,,,,,,,,,,,,,,,,,,,
Dunkin' (PDF),"Mango Protein Daydream
Refresher - Large",,,,,170,,15,,,,440,,,,,,,,,,,,,,,,,,,,,,,,,,,,,,,,,,,,,,,,Large,10,6,0,45,73,0,68,55,3,499,466,0,,,,"Mango Protein Daydream
Refresher - Large",,,,,,,,,,,,,,,,,,,,,,,,,,,,,,,,,,,,,,,,,,,,,,,,,,,,,,,,,,,,,,,,,
Dunkin' (PDF),"Mango Protein Daydream
Refresher - Medium",,,,,120,,11,,,,320,,,,,,,,,,,,,,,,,,,,,,,,,,,,,,,,,,,,,,,,Medium,7,4,0,30,52,0,49,39,2,361,339,0,,,,"Mango Protein Daydream
Refresher - Medium",,,,,,,,,,,,,,,,,,,,,,,,,,,,,,,,,,,,,,,,,,,,,,,,,,,,,,,,,,,,,,,,,
Dunkin' (PDF),"Mango Protein Daydream
Refresher - Small",,,,,85,,8,,,,240,,,,,,,,,,,,,,,,,,,,,,,,,,,,,,,,,,,,,,,,Small,5,3.5,0,25,38,0,36,29,1,259,240,0,,,,"Mango Protein Daydream
Refresher - Small",,,,,,,,,,,,,,,,,,,,,,,,,,,,,,,,,,,,,,,,,,,,,,,,,,,,,,,,,,,,,,,,,
Dunkin' (PDF),"Strawberry Protein Daydream
Refresher - Large",,,,,160,,15,,,,440,,,,,,,,,,,,,,,,,,,,,,,,,,,,,,,,,,,,,,,,Large,10,6,0,45,69,0,66,52,3,499,465,0,,,,"Strawberry Protein Daydream
Refresher - Large",,,,,,,,,,,,,,,,,,,,,,,,,,,,,,,,,,,,,,,,,,,,,,,,,,,,,,,,,,,,,,,,,
Dunkin' (PDF),"Strawberry Protein Daydream
Refresher - Medium",,,,,115,,11,,,,310,,,,,,,,,,,,,,,,,,,,,,,,,,,,,,,,,,,,,,,,Medium,7,4,0,30,49,0,47,37,2,361,338,0,,,,"Strawberry Protein Daydream
Refresher - Medium",,,,,,,,,,,,,,,,,,,,,,,,,,,,,,,,,,,,,,,,,,,,,,,,,,,,,,,,,,,,,,,,,
Dunkin' (PDF),"Strawberry Protein Daydream
Refresher - Small",,,,,85,,8,,,,230,,,,,,,,,,,,,,,,,,,,,,,,,,,,,,,,,,,,,,,,Small,5,3.5,0,25,36,0,35,28,1,259,239,0,,,,"Strawberry Protein Daydream
Refresher - Small",,,,,,,,,,,,,,,,,,,,,,,,,,,,,,,,,,,,,,,,,,,,,,,,,,,,,,,,,,,,,,,,,
Dunkin' (PDF),"Vanilla Blueberry Iced Coffee with
Protein Milk - Large",,,,,55,,4,,,,50,,,,,,,,,,,,,,,,,,,,,,,,,,,,,,,,,,,,,,,,Large,1.5,1,0,5,9,0,3,0,1,328,115,0,,,,"Vanilla Blueberry Iced Coffee with
Protein Milk - Large",,,,,,,,,,,,,,,,,,,,,,,,,,,,,,,,,,,,,,,,,,,,,,,,,,,,,,,,,,,,,,,,,
Dunkin' (PDF),"Vanilla Blueberry Iced Coffee with
Protein Milk - Medium",,,,,40,,3,,,,40,,,,,,,,,,,,,,,,,,,,,,,,,,,,,,,,,,,,,,,,Medium,1,0.5,0,5,7,0,2,0,0,246,85,0,,,,"Vanilla Blueberry Iced Coffee with
Protein Milk - Medium",,,,,,,,,,,,,,,,,,,,,,,,,,,,,,,,,,,,,,,,,,,,,,,,,,,,,,,,,,,,,,,,,
Dunkin' (PDF),"Vanilla Blueberry Iced Coffee with
Protein Milk - Small",,,,,30,,2,,,,25,,,,,,,,,,,,,,,,,,,,,,,,,,,,,,,,,,,,,,,,Small,0.5,0,0,5,4,0,1,0,0,164,58,0,,,,"Vanilla Blueberry Iced Coffee with
Protein Milk - Small",,,,,,,,,,,,,,,,,,,,,,,,,,,,,,,,,,,,,,,,,,,,,,,,,,,,,,,,,,,,,,,,,
Dunkin' (PDF),"Berry Moonlight Daydream
Refresher - Large",,,,,150,,4,,,,410,,,,,,,,,,,,,,,,,,,,,,,,,,,,,,,,,,,,,,,,Large,8,3.5,0,15,81,3,60,56,4,486,414,0,,,,,"Berry Moonlight Daydream
Refresher - Large",,,,,,,,,,,,,,,,,,,,,,,,,,,,,,,,,,,,,,,,,,,,,,,,,,,,,,,,,,,,,,,,
Dunkin' (PDF),"Berry Moonlight Daydream
Refresher - Medium",,,,,110,,3,,,,290,,,,,,,,,,,,,,,,,,,,,,,,,,,,,,,,,,,,,,,,Medium,5,2,0,10,58,2,42,40,3,351,300,0,,,,,"Berry Moonlight Daydream
Refresher - Medium",,,,,,,,,,,,,,,,,,,,,,,,,,,,,,,,,,,,,,,,,,,,,,,,,,,,,,,,,,,,,,,,
Dunkin' (PDF),"Berry Moonlight Daydream
Refresher - Small",,,,,80,,2,,,,220,,,,,,,,,,,,,,,,,,,,,,,,,,,,,,,,,,,,,,,,Small,4.5,2,0,10,43,1,32,30,2,253,214,0,,,,,"Berry Moonlight Daydream
Refresher - Small",,,,,,,,,,,,,,,,,,,,,,,,,,,,,,,,,,,,,,,,,,,,,,,,,,,,,,,,,,,,,,,,
Dunkin' (PDF),"Chocolate Covered Strawberry
Daydream Refresher - Large",,,,,190,,3,,,,400,,,,,,,,,,,,,,,,,,,,,,,,,,,,,,,,,,,,,,,,Large,8,3.5,0,15,78,3,60,58,4,514,370,1,,,,,"Chocolate Covered Strawberry
Daydream Refresher - Large",,,,,,,,,,,,,,,,,,,,,,,,,,,,,,,,,,,,,,,,,,,,,,,,,,,,,,,,,,,,,,,,
Dunkin' (PDF),"Chocolate Covered Strawberry
Daydream Refresher - Medium",,,,,130,,2,,,,280,,,,,,,,,,,,,,,,,,,,,,,,,,,,,,,,,,,,,,,,Medium,5,2.5,0,10,56,2,42,41,3,368,274,1,,,,,"Chocolate Covered Strawberry
Daydream Refresher - Medium",,,,,,,,,,,,,,,,,,,,,,,,,,,,,,,,,,,,,,,,,,,,,,,,,,,,,,,,,,,,,,,,
Dunkin' (PDF),"Chocolate Covered Strawberry
Daydream Refresher - Small",,,,,100,,1,,,,210,,,,,,,,,,,,,,,,,,,,,,,,,,,,,,,,,,,,,,,,Small,4.5,2,0,10,41,2,32,31,2,269,187,1,,,,,"Chocolate Covered Strawberry
Daydream Refresher - Small",,,,,,,,,,,,,,,,,,,,,,,,,,,,,,,,,,,,,,,,,,,,,,,,,,,,,,,,,,,,,,,,
Dunkin' (PDF),"Heart Eyes Daydream Refresher -
Large",,,,,160,,4,,,,410,,,,,,,,,,,,,,,,,,,,,,,,,,,,,,,,,,,,,,,,Large,8,3.5,0,15,80,3,60,56,4,486,414,0,,,,,"Heart Eyes Daydream Refresher -
Large",,,,,,,,,,,,,,,,,,,,,,,,,,,,,,,,,,,,,,,,,,,,,,,,,,,,,,,,,,,,,,,,
Dunkin' (PDF),"Heart Eyes Daydream Refresher -
Medium",,,,,115,,2,,,,290,,,,,,,,,,,,,,,,,,,,,,,,,,,,,,,,,,,,,,,,Medium,5,2,0,10,57,2,42,40,3,351,300,0,,,,,"Heart Eyes Daydream Refresher -
Medium",,,,,,,,,,,,,,,,,,,,,,,,,,,,,,,,,,,,,,,,,,,,,,,,,,,,,,,,,,,,,,,,
Dunkin' (PDF),"Heart Eyes Daydream Refresher -
Small",,,,,80,,2,,,,220,,,,,,,,,,,,,,,,,,,,,,,,,,,,,,,,,,,,,,,,Small,4.5,2,0,10,42,1,32,30,2,253,214,0,,,,,"Heart Eyes Daydream Refresher -
Small",,,,,,,,,,,,,,,,,,,,,,,,,,,,,,,,,,,,,,,,,,,,,,,,,,,,,,,,,,,,,,,,
Dunkin' (PDF),"Mango Pineapple Daydream
Refresher - Large",,,,,160,,4,,,,410,,,,,,,,,,,,,,,,,,,,,,,,,,,,,,,,,,,,,,,,Large,8,3.5,0,15,81,3,62,59,4,490,410,0,,,,,"Mango Pineapple Daydream
Refresher - Large",,,,,,,,,,,,,,,,,,,,,,,,,,,,,,,,,,,,,,,,,,,,,,,,,,,,,,,,,,,,,,,,
Dunkin' (PDF),"Mango Pineapple Daydream
Refresher - Medium",,,,,115,,2,,,,290,,,,,,,,,,,,,,,,,,,,,,,,,,,,,,,,,,,,,,,,Medium,5,2,0,10,58,2,44,42,3,350,300,0,,,,,"Mango Pineapple Daydream
Refresher - Medium",,,,,,,,,,,,,,,,,,,,,,,,,,,,,,,,,,,,,,,,,,,,,,,,,,,,,,,,,,,,,,,,
Dunkin' (PDF),"Mango Pineapple Daydream
Refresher - Small",,,,,85,,2,,,,220,,,,,,,,,,,,,,,,,,,,,,,,,,,,,,,,,,,,,,,,Small,4.5,2,0,10,42,1,33,31,2,250,210,0,,,,,"Mango Pineapple Daydream
Refresher - Small",,,,,,,,,,,,,,,,,,,,,,,,,,,,,,,,,,,,,,,,,,,,,,,,,,,,,,,,,,,,,,,,
Dunkin' (PDF),"Sangria Daydream Refresher -
Large",,,,,150,,4,,,,400,,,,,,,,,,,,,,,,,,,,,,,,,,,,,,,,,,,,,,,,Large,8,3.5,0,15,79,3,60,56,4,486,414,0,,,,,"Sangria Daydream Refresher -
Large",,,,,,,,,,,,,,,,,,,,,,,,,,,,,,,,,,,,,,,,,,,,,,,,,,,,,,,,,,,,,,,,
Dunkin' (PDF),"Sangria Daydream Refresher -
Medium",,,,,110,,3,,,,280,,,,,,,,,,,,,,,,,,,,,,,,,,,,,,,,,,,,,,,,Medium,5,2,0,10,57,2,42,40,3,351,300,0,,,,,"Sangria Daydream Refresher -
Medium",,,,,,,,,,,,,,,,,,,,,,,,,,,,,,,,,,,,,,,,,,,,,,,,,,,,,,,,,,,,,,,,
Dunkin' (PDF),"Sangria Daydream Refresher -
Small",,,,,80,,2,,,,210,,,,,,,,,,,,,,,,,,,,,,,,,,,,,,,,,,,,,,,,Small,4.5,2,0,10,41,1,32,30,2,253,214,0,,,,,"Sangria Daydream Refresher -
Small",,,,,,,,,,,,,,,,,,,,,,,,,,,,,,,,,,,,,,,,,,,,,,,,,,,,,,,,,,,,,,,,
Dunkin' (PDF),"Strawberry Daydream Refresher -
Large",,,,,160,,4,,,,400,,,,,,,,,,,,,,,,,,,,,,,,,,,,,,,,,,,,,,,,Large,8,3.5,0,15,77,3,59,55,4,490,410,0,,,,,"Strawberry Daydream Refresher -
Large",,,,,,,,,,,,,,,,,,,,,,,,,,,,,,,,,,,,,,,,,,,,,,,,,,,,,,,,,,,,,,,,
Dunkin' (PDF),"Strawberry Daydream Refresher -
Medium",,,,,115,,2,,,,280,,,,,,,,,,,,,,,,,,,,,,,,,,,,,,,,,,,,,,,,Medium,5,2,0,10,55,2,41,39,3,350,300,0,,,,,"Strawberry Daydream Refresher -
Medium",,,,,,,,,,,,,,,,,,,,,,,,,,,,,,,,,,,,,,,,,,,,,,,,,,,,,,,,,,,,,,,,
Dunkin' (PDF),"Strawberry Daydream Refresher -
Small",,,,,80,,2,,,,210,,,,,,,,,,,,,,,,,,,,,,,,,,,,,,,,,,,,,,,,Small,4.5,2,0,10,40,1,31,29,2,250,210,0,,,,,"Strawberry Daydream Refresher -
Small",,,,,,,,,,,,,,,,,,,,,,,,,,,,,,,,,,,,,,,,,,,,,,,,,,,,,,,,,,,,,,,,
Dunkin' (PDF),"Berry Sangria Lemonade
Refresher - Large",,,,,20,,0,,,,310,,,,,,,,,,,,,,,,,,,,,,,,,,,,,,,,,,,,,,,,Large,0,0,0,0,78,0,74,74,0,20,26,0,,,,,,"Berry Sangria Lemonade
Refresher - Large",,,,,,,,,,,,,,,,,,,,,,,,,,,,,,,,,,,,,,,,,,,,,,,,,,,,,,,,,,,,,,,
Dunkin' (PDF),"Berry Sangria Lemonade
Refresher - Medium",,,,,15,,0,,,,240,,,,,,,,,,,,,,,,,,,,,,,,,,,,,,,,,,,,,,,,Medium,0,0,0,0,58,0,55,55,0,15,19,0,,,,,,"Berry Sangria Lemonade
Refresher - Medium",,,,,,,,,,,,,,,,,,,,,,,,,,,,,,,,,,,,,,,,,,,,,,,,,,,,,,,,,,,,,,,
Dunkin' (PDF),"Berry Sangria Lemonade
Refresher - Small",,,,,10,,0,,,,160,,,,,,,,,,,,,,,,,,,,,,,,,,,,,,,,,,,,,,,,Small,0,0,0,0,39,0,37,37,0,10,13,0,,,,,,"Berry Sangria Lemonade
Refresher - Small",,,,,,,,,,,,,,,,,,,,,,,,,,,,,,,,,,,,,,,,,,,,,,,,,,,,,,,,,,,,,,,
Dunkin' (PDF),"Blueberry Breeze Dunkin'
Lemonade Refresher - Large",,,,,30,,0,,,,330,,,,,,,,,,,,,,,,,,,,,,,,,,,,,,,,,,,,,,,,Large,0,0,0,0,80,0,74,74,0,20,30,0,,,,,,"Blueberry Breeze Dunkin'
Lemonade Refresher - Large",,,,,,,,,,,,,,,,,,,,,,,,,,,,,,,,,,,,,,,,,,,,,,,,,,,,,,,,,,,,,,,
Dunkin' (PDF),"Blueberry Breeze Dunkin'
Lemonade Refresher - Medium",,,,,20,,0,,,,250,,,,,,,,,,,,,,,,,,,,,,,,,,,,,,,,,,,,,,,,Medium,0,0,0,0,60,0,56,55,0,20,20,0,,,,,,"Blueberry Breeze Dunkin'
Lemonade Refresher - Medium",,,,,,,,,,,,,,,,,,,,,,,,,,,,,,,,,,,,,,,,,,,,,,,,,,,,,,,,,,,,,,,
Dunkin' (PDF),"Blueberry Breeze Dunkin'
Lemonade Refresher - Small",,,,,15,,0,,,,160,,,,,,,,,,,,,,,,,,,,,,,,,,,,,,,,,,,,,,,,Small,0,0,0,0,40,0,37,37,0,10,10,0,,,,,,"Blueberry Breeze Dunkin'
Lemonade Refresher - Small",,,,,,,,,,,,,,,,,,,,,,,,,,,,,,,,,,,,,,,,,,,,,,,,,,,,,,,,,,,,,,,
Dunkin' (PDF),"Golden Hour Dunkin' Lemonade
Refresher - Large",,,,,25,,0,,,,320,,,,,,,,,,,,,,,,,,,,,,,,,,,,,,,,,,,,,,,,Large,0,0,0,0,78,0,75,75,0,20,30,0,,,,,,"Golden Hour Dunkin' Lemonade
Refresher - Large",,,,,,,,,,,,,,,,,,,,,,,,,,,,,,,,,,,,,,,,,,,,,,,,,,,,,,,,,,,,,,,
Dunkin' (PDF),"Golden Hour Dunkin' Lemonade
Refresher - Medium",,,,,20,,0,,,,240,,,,,,,,,,,,,,,,,,,,,,,,,,,,,,,,,,,,,,,,Medium,0,0,0,0,59,0,56,56,0,10,20,0,,,,,,"Golden Hour Dunkin' Lemonade
Refresher - Medium",,,,,,,,,,,,,,,,,,,,,,,,,,,,,,,,,,,,,,,,,,,,,,,,,,,,,,,,,,,,,,,
Dunkin' (PDF),"Golden Hour Dunkin' Lemonade
Refresher - Small",,,,,15,,0,,,,160,,,,,,,,,,,,,,,,,,,,,,,,,,,,,,,,,,,,,,,,Small,0,0,0,0,39,0,37,37,0,10,10,0,,,,,,"Golden Hour Dunkin' Lemonade
Refresher - Small",,,,,,,,,,,,,,,,,,,,,,,,,,,,,,,,,,,,,,,,,,,,,,,,,,,,,,,,,,,,,,,
Dunkin' (PDF),"Almond Protein Matcha Hot Latte
- Large",,,,,180,,21,,,,340,,,,,,,,,,,,,,,,,,,,,,,,,,,,,,,,,,,,,,,,Large,8,4.5,0,40,45,2,42,25,4,602,578,0,,,,,,,"Almond Protein Matcha Hot Latte
- Large",,,,,,,,,,,,,,,,,,,,,,,,,,,,,,,,,,,,,,,,,,,,,,,,,,,,,,,,,,,,,,
Dunkin' (PDF),"Almond Protein Matcha Hot Latte
- Medium",,,,,135,,15,,,,260,,,,,,,,,,,,,,,,,,,,,,,,,,,,,,,,,,,,,,,,Medium,6,3.5,0,30,34,1,31,19,3,452,433,0,,,,,,,"Almond Protein Matcha Hot Latte
- Medium",,,,,,,,,,,,,,,,,,,,,,,,,,,,,,,,,,,,,,,,,,,,,,,,,,,,,,,,,,,,,,
Dunkin' (PDF),"Almond Protein Matcha Hot Latte
- Small",,,,,90,,10,,,,170,,,,,,,,,,,,,,,,,,,,,,,,,,,,,,,,,,,,,,,,Small,4,2.5,0,20,23,1,21,12,2,301,289,0,,,,,,,"Almond Protein Matcha Hot Latte
- Small",,,,,,,,,,,,,,,,,,,,,,,,,,,,,,,,,,,,,,,,,,,,,,,,,,,,,,,,,,,,,,
Dunkin' (PDF),"Almond Protein Matcha Iced Latte
- Large",,,,,190,,21,,,,340,,,,,,,,,,,,,,,,,,,,,,,,,,,,,,,,,,,,,,,,Large,8,4.5,0,40,45,2,42,25,4,606,587,0,,,,,,,"Almond Protein Matcha Iced Latte
- Large",,,,,,,,,,,,,,,,,,,,,,,,,,,,,,,,,,,,,,,,,,,,,,,,,,,,,,,,,,,,,,
Dunkin' (PDF),"Almond Protein Matcha Iced Latte
- Medium",,,,,140,,15,,,,260,,,,,,,,,,,,,,,,,,,,,,,,,,,,,,,,,,,,,,,,Medium,6,3.5,0,30,34,1,31,19,3,454,440,0,,,,,,,"Almond Protein Matcha Iced Latte
- Medium",,,,,,,,,,,,,,,,,,,,,,,,,,,,,,,,,,,,,,,,,,,,,,,,,,,,,,,,,,,,,,
Dunkin' (PDF),"Almond Protein Matcha Iced Latte
- Small",,,,,95,,10,,,,170,,,,,,,,,,,,,,,,,,,,,,,,,,,,,,,,,,,,,,,,Small,4,2.5,0,20,23,1,21,12,2,303,294,0,,,,,,,"Almond Protein Matcha Iced Latte
- Small",,,,,,,,,,,,,,,,,,,,,,,,,,,,,,,,,,,,,,,,,,,,,,,,,,,,,,,,,,,,,,
Dunkin' (PDF),"Berry Sangria Protein Refresher -
Large",,,,,190,,20,,,,400,,,,,,,,,,,,,,,,,,,,,,,,,,,,,,,,,,,,,,,,Large,8,4.5,0,40,63,0,58,41,4,608,594,0,,,,,,,"Berry Sangria Protein Refresher -
Large",,,,,,,,,,,,,,,,,,,,,,,,,,,,,,,,,,,,,,,,,,,,,,,,,,,,,,,,,,,,,,
Dunkin' (PDF),"Berry Sangria Protein Refresher -
Medium",,,,,140,,15,,,,290,,,,,,,,,,,,,,,,,,,,,,,,,,,,,,,,,,,,,,,,Medium,6,3.5,0,30,44,0,40,28,3,455,444,0,,,,,,,"Berry Sangria Protein Refresher -
Medium",,,,,,,,,,,,,,,,,,,,,,,,,,,,,,,,,,,,,,,,,,,,,,,,,,,,,,,,,,,,,,
Dunkin' (PDF),"Berry Sangria Protein Refresher -
Small",,,,,95,,10,,,,190,,,,,,,,,,,,,,,,,,,,,,,,,,,,,,,,,,,,,,,,Small,4,2.5,0,20,29,0,27,18,2,304,297,0,,,,,,,"Berry Sangria Protein Refresher -
Small",,,,,,,,,,,,,,,,,,,,,,,,,,,,,,,,,,,,,,,,,,,,,,,,,,,,,,,,,,,,,,
Dunkin' (PDF),"Caramel Chocolate Protein Hot
Latte - Large",,,,,210,,20,,,,370,,,,,,,,,,,,,,,,,,,,,,,,,,,,,,,,,,,,,,,,Large,8,4.5,0,40,55,0,51,34,4,796,645,1,,,,,,,"Caramel Chocolate Protein Hot
Latte - Large",,,,,,,,,,,,,,,,,,,,,,,,,,,,,,,,,,,,,,,,,,,,,,,,,,,,,,,,,,,,,,
Dunkin' (PDF),"Caramel Chocolate Protein Hot
Latte - Medium",,,,,160,,15,,,,280,,,,,,,,,,,,,,,,,,,,,,,,,,,,,,,,,,,,,,,,Medium,6,3.5,0,30,42,0,38,26,3,593,484,1,,,,,,,"Caramel Chocolate Protein Hot
Latte - Medium",,,,,,,,,,,,,,,,,,,,,,,,,,,,,,,,,,,,,,,,,,,,,,,,,,,,,,,,,,,,,,
Dunkin' (PDF),"Caramel Chocolate Protein Hot
Latte - Small",,,,,105,,10,,,,190,,,,,,,,,,,,,,,,,,,,,,,,,,,,,,,,,,,,,,,,Small,4,2.5,0,20,28,0,26,17,2,398,323,1,,,,,,,"Caramel Chocolate Protein Hot
Latte - Small",,,,,,,,,,,,,,,,,,,,,,,,,,,,,,,,,,,,,,,,,,,,,,,,,,,,,,,,,,,,,,
Dunkin' (PDF),"Caramel Chocolate Protein Iced
Latte - Large",,,,,220,,20,,,,370,,,,,,,,,,,,,,,,,,,,,,,,,,,,,,,,,,,,,,,,Large,8,4.5,0,40,55,0,51,34,4,799,655,1,,,,,,,"Caramel Chocolate Protein Iced
Latte - Large",,,,,,,,,,,,,,,,,,,,,,,,,,,,,,,,,,,,,,,,,,,,,,,,,,,,,,,,,,,,,,
Dunkin' (PDF),"Caramel Chocolate Protein Iced
Latte - Medium",,,,,170,,15,,,,280,,,,,,,,,,,,,,,,,,,,,,,,,,,,,,,,,,,,,,,,Medium,6,3.5,0,30,42,0,38,26,3,595,490,1,,,,,,,"Caramel Chocolate Protein Iced
Latte - Medium",,,,,,,,,,,,,,,,,,,,,,,,,,,,,,,,,,,,,,,,,,,,,,,,,,,,,,,,,,,,,,
Dunkin' (PDF),"Caramel Chocolate Protein Iced
Latte - Small",,,,,110,,10,,,,190,,,,,,,,,,,,,,,,,,,,,,,,,,,,,,,,,,,,,,,,Small,4,2.5,0,20,28,0,26,17,2,400,327,1,,,,,,,"Caramel Chocolate Protein Iced
Latte - Small",,,,,,,,,,,,,,,,,,,,,,,,,,,,,,,,,,,,,,,,,,,,,,,,,,,,,,,,,,,,,,
Dunkin' (PDF),Mango Protein Refresher - Large,,,,,200,,19,,,,390,,,,,,,,,,,,,,,,,,,,,,,,,,,,,,,,,,,,,,,,Large,8,4.5,0,40,60,0,56,39,4,608,595,0,,,,,,,Mango Protein Refresher - Large,,,,,,,,,,,,,,,,,,,,,,,,,,,,,,,,,,,,,,,,,,,,,,,,,,,,,,,,,,,,,,
Dunkin' (PDF),"Mango Protein Refresher -
Medium",,,,,150,,15,,,,300,,,,,,,,,,,,,,,,,,,,,,,,,,,,,,,,,,,,,,,,Medium,6,3.5,0,30,45,0,42,29,3,455,445,0,,,,,,,"Mango Protein Refresher -
Medium",,,,,,,,,,,,,,,,,,,,,,,,,,,,,,,,,,,,,,,,,,,,,,,,,,,,,,,,,,,,,,
Dunkin' (PDF),Mango Protein Refresher - Small,,,,,100,,10,,,,200,,,,,,,,,,,,,,,,,,,,,,,,,,,,,,,,,,,,,,,,Small,4,2.5,0,20,30,0,28,19,2,304,298,0,,,,,,,Mango Protein Refresher - Small,,,,,,,,,,,,,,,,,,,,,,,,,,,,,,,,,,,,,,,,,,,,,,,,,,,,,,,,,,,,,,
Dunkin' (PDF),Protein Hot Latte - Large,,,,,190,,20,,,,230,,,,,,,,,,,,,,,,,,,,,,,,,,,,,,,,,,,,,,,,Large,8,4.5,0,40,19,0,17,0,4,694,579,0,,,,,,,Protein Hot Latte - Large,,,,,,,,,,,,,,,,,,,,,,,,,,,,,,,,,,,,,,,,,,,,,,,,,,,,,,,,,,,,,,
Dunkin' (PDF),Protein Hot Latte - Medium,,,,,140,,15,,,,170,,,,,,,,,,,,,,,,,,,,,,,,,,,,,,,,,,,,,,,,Medium,6,3.5,0,30,14,0,13,0,3,516,434,0,,,,,,,Protein Hot Latte - Medium,,,,,,,,,,,,,,,,,,,,,,,,,,,,,,,,,,,,,,,,,,,,,,,,,,,,,,,,,,,,,,
Dunkin' (PDF),Protein Hot Latte - Small,,,,,95,,10,,,,110,,,,,,,,,,,,,,,,,,,,,,,,,,,,,,,,,,,,,,,,Small,4,2.5,0,20,10,0,8,0,2,347,290,0,,,,,,,Protein Hot Latte - Small,,,,,,,,,,,,,,,,,,,,,,,,,,,,,,,,,,,,,,,,,,,,,,,,,,,,,,,,,,,,,,
Dunkin' (PDF),"Protein Hot Latte with Sugar Free
Vanilla - Large",,,,,200,,20,,,,230,,,,,,,,,,,,,,,,,,,,,,,,,,,,,,,,,,,,,,,,Large,8,4.5,0,40,25,0,17,0,4,699,579,0,,,,,,,"Protein Hot Latte with Sugar Free
Vanilla - Large",,,,,,,,,,,,,,,,,,,,,,,,,,,,,,,,,,,,,,,,,,,,,,,,,,,,,,,,,,,,,,
Dunkin' (PDF),"Protein Hot Latte with Sugar Free
Vanilla - Medium",,,,,150,,15,,,,170,,,,,,,,,,,,,,,,,,,,,,,,,,,,,,,,,,,,,,,,Medium,6,3.5,0,30,18,0,13,0,3,520,434,0,,,,,,,"Protein Hot Latte with Sugar Free
Vanilla - Medium",,,,,,,,,,,,,,,,,,,,,,,,,,,,,,,,,,,,,,,,,,,,,,,,,,,,,,,,,,,,,,
Dunkin' (PDF),"Protein Hot Latte with Sugar Free
Vanilla - Small",,,,,100,,10,,,,120,,,,,,,,,,,,,,,,,,,,,,,,,,,,,,,,,,,,,,,,Small,4,2.5,0,20,12,0,8,0,2,349,290,0,,,,,,,"Protein Hot Latte with Sugar Free
Vanilla - Small",,,,,,,,,,,,,,,,,,,,,,,,,,,,,,,,,,,,,,,,,,,,,,,,,,,,,,,,,,,,,,
Dunkin' (PDF),Protein Iced Latte - Large,,,,,210,,20,,,,230,,,,,,,,,,,,,,,,,,,,,,,,,,,,,,,,,,,,,,,,Large,8,4.5,0,40,19,0,17,0,4,699,595,0,,,,,,,Protein Iced Latte - Large,,,,,,,,,,,,,,,,,,,,,,,,,,,,,,,,,,,,,,,,,,,,,,,,,,,,,,,,,,,,,,
Dunkin' (PDF),Protein Iced Latte - Medium,,,,,150,,15,,,,170,,,,,,,,,,,,,,,,,,,,,,,,,,,,,,,,,,,,,,,,Medium,6,3.5,0,30,14,0,13,0,3,520,445,0,,,,,,,Protein Iced Latte - Medium,,,,,,,,,,,,,,,,,,,,,,,,,,,,,,,,,,,,,,,,,,,,,,,,,,,,,,,,,,,,,,
Dunkin' (PDF),Protein Iced Latte - Small,,,,,105,,10,,,,110,,,,,,,,,,,,,,,,,,,,,,,,,,,,,,,,,,,,,,,,Small,4,2.5,0,20,10,0,8,0,2,350,298,0,,,,,,,Protein Iced Latte - Small,,,,,,,,,,,,,,,,,,,,,,,,,,,,,,,,,,,,,,,,,,,,,,,,,,,,,,,,,,,,,,
Dunkin' (PDF),"Protein Iced Latte with Sugar Free
Vanilla - Large",,,,,210,,20,,,,230,,,,,,,,,,,,,,,,,,,,,,,,,,,,,,,,,,,,,,,,Large,8,4.5,0,40,25,0,17,0,4,702,589,0,,,,,,,"Protein Iced Latte with Sugar Free
Vanilla - Large",,,,,,,,,,,,,,,,,,,,,,,,,,,,,,,,,,,,,,,,,,,,,,,,,,,,,,,,,,,,,,
Dunkin' (PDF),"Protein Iced Latte with Sugar Free
Vanilla - Medium",,,,,150,,15,,,,170,,,,,,,,,,,,,,,,,,,,,,,,,,,,,,,,,,,,,,,,Medium,6,3.5,0,30,18,0,13,0,3,522,441,0,,,,,,,"Protein Iced Latte with Sugar Free
Vanilla - Medium",,,,,,,,,,,,,,,,,,,,,,,,,,,,,,,,,,,,,,,,,,,,,,,,,,,,,,,,,,,,,,
Dunkin' (PDF),"Protein Iced Latte with Sugar Free
Vanilla - Small",,,,,105,,10,,,,120,,,,,,,,,,,,,,,,,,,,,,,,,,,,,,,,,,,,,,,,Small,4,2.5,0,20,12,0,8,0,2,351,295,0,,,,,,,"Protein Iced Latte with Sugar Free
Vanilla - Small",,,,,,,,,,,,,,,,,,,,,,,,,,,,,,,,,,,,,,,,,,,,,,,,,,,,,,,,,,,,,,
Dunkin' (PDF),Protein Matcha Hot Latte - Large,,,,,180,,21,,,,330,,,,,,,,,,,,,,,,,,,,,,,,,,,,,,,,,,,,,,,,Large,8,4.5,0,40,45,2,42,25,4,602,578,0,,,,,,,Protein Matcha Hot Latte - Large,,,,,,,,,,,,,,,,,,,,,,,,,,,,,,,,,,,,,,,,,,,,,,,,,,,,,,,,,,,,,,
Dunkin' (PDF),"Protein Matcha Hot Latte -
Medium",,,,,135,,15,,,,250,,,,,,,,,,,,,,,,,,,,,,,,,,,,,,,,,,,,,,,,Medium,6,3.5,0,30,33,1,31,19,3,452,433,0,,,,,,,"Protein Matcha Hot Latte -
Medium",,,,,,,,,,,,,,,,,,,,,,,,,,,,,,,,,,,,,,,,,,,,,,,,,,,,,,,,,,,,,,
Dunkin' (PDF),Protein Matcha Hot Latte - Small,,,,,90,,10,,,,170,,,,,,,,,,,,,,,,,,,,,,,,,,,,,,,,,,,,,,,,Small,4,2.5,0,20,22,1,21,12,2,301,289,0,,,,,,,Protein Matcha Hot Latte - Small,,,,,,,,,,,,,,,,,,,,,,,,,,,,,,,,,,,,,,,,,,,,,,,,,,,,,,,,,,,,,,
Dunkin' (PDF),Protein Matcha Iced Latte - Large,,,,,190,,21,,,,330,,,,,,,,,,,,,,,,,,,,,,,,,,,,,,,,,,,,,,,,Large,8,4.5,0,40,45,2,42,25,4,607,593,0,,,,,,,Protein Matcha Iced Latte - Large,,,,,,,,,,,,,,,,,,,,,,,,,,,,,,,,,,,,,,,,,,,,,,,,,,,,,,,,,,,,,,
Dunkin' (PDF),"Protein Matcha Iced Latte -
Medium",,,,,150,,15,,,,250,,,,,,,,,,,,,,,,,,,,,,,,,,,,,,,,,,,,,,,,Medium,6,3.5,0,30,33,1,31,19,3,455,444,0,,,,,,,"Protein Matcha Iced Latte -
Medium",,,,,,,,,,,,,,,,,,,,,,,,,,,,,,,,,,,,,,,,,,,,,,,,,,,,,,,,,,,,,,
Dunkin' (PDF),Protein Matcha Iced Latte - Small,,,,,95,,10,,,,170,,,,,,,,,,,,,,,,,,,,,,,,,,,,,,,,,,,,,,,,Small,4,2.5,0,20,22,1,21,12,2,304,297,0,,,,,,,Protein Matcha Iced Latte - Small,,,,,,,,,,,,,,,,,,,,,,,,,,,,,,,,,,,,,,,,,,,,,,,,,,,,,,,,,,,,,,
Dunkin' (PDF),"Strawberry Protein Refresher -
Large",,,,,200,,19,,,,390,,,,,,,,,,,,,,,,,,,,,,,,,,,,,,,,,,,,,,,,Large,8,4.5,0,40,57,0,53,37,4,608,594,0,,,,,,,"Strawberry Protein Refresher -
Large",,,,,,,,,,,,,,,,,,,,,,,,,,,,,,,,,,,,,,,,,,,,,,,,,,,,,,,,,,,,,,
Dunkin' (PDF),"Strawberry Protein Refresher -
Medium",,,,,150,,15,,,,290,,,,,,,,,,,,,,,,,,,,,,,,,,,,,,,,,,,,,,,,Medium,6,3.5,0,30,42,0,40,27,3,455,444,0,,,,,,,"Strawberry Protein Refresher -
Medium",,,,,,,,,,,,,,,,,,,,,,,,,,,,,,,,,,,,,,,,,,,,,,,,,,,,,,,,,,,,,,
Dunkin' (PDF),"Strawberry Protein Refresher -
Small",,,,,100,,10,,,,190,,,,,,,,,,,,,,,,,,,,,,,,,,,,,,,,,,,,,,,,Small,4,2.5,0,20,28,0,27,18,2,304,297,0,,,,,,,"Strawberry Protein Refresher -
Small",,,,,,,,,,,,,,,,,,,,,,,,,,,,,,,,,,,,,,,,,,,,,,,,,,,,,,,,,,,,,,
Dunkin' (PDF),"Berry Sangria Black Tea Refresher
- Large",,,,,20,,0,,,,170,,,,,,,,,,,,,,,,,,,,,,,,,,,,,,,,,,,,,,,,Large,0,0,0,0,41,0,37,37,0,137,16,0,,,,,,,,"Berry Sangria Black Tea Refresher
- Large",,,,,,,,,,,,,,,,,,,,,,,,,,,,,,,,,,,,,,,,,,,,,,,,,,,,,,,,,,,,,
Dunkin' (PDF),"Berry Sangria Black Tea Refresher
- Medium",,,,,15,,0,,,,120,,,,,,,,,,,,,,,,,,,,,,,,,,,,,,,,,,,,,,,,Medium,0,0,0,0,31,0,28,28,0,102,11,0,,,,,,,,"Berry Sangria Black Tea Refresher
- Medium",,,,,,,,,,,,,,,,,,,,,,,,,,,,,,,,,,,,,,,,,,,,,,,,,,,,,,,,,,,,,
Dunkin' (PDF),"Berry Sangria Black Tea Refresher
- Small",,,,,10,,0,,,,80,,,,,,,,,,,,,,,,,,,,,,,,,,,,,,,,,,,,,,,,Small,0,0,0,0,21,0,19,18,0,68,8,0,,,,,,,,"Berry Sangria Black Tea Refresher
- Small",,,,,,,,,,,,,,,,,,,,,,,,,,,,,,,,,,,,,,,,,,,,,,,,,,,,,,,,,,,,,
Dunkin' (PDF),Berry Sangria Refresher - Large,,,,,15,,1,,,,160,,,,,,,,,,,,,,,,,,,,,,,,,,,,,,,,,,,,,,,,Large,0,0,0,0,40,0,37,37,0,34,16,0,,,,,,,,Berry Sangria Refresher - Large,,,,,,,,,,,,,,,,,,,,,,,,,,,,,,,,,,,,,,,,,,,,,,,,,,,,,,,,,,,,,
Dunkin' (PDF),Berry Sangria Refresher - Medium,,,,,10,,1,,,,120,,,,,,,,,,,,,,,,,,,,,,,,,,,,,,,,,,,,,,,,Medium,0,0,0,0,30,0,28,28,0,25,11,0,,,,,,,,Berry Sangria Refresher - Medium,,,,,,,,,,,,,,,,,,,,,,,,,,,,,,,,,,,,,,,,,,,,,,,,,,,,,,,,,,,,,
Dunkin' (PDF),Berry Sangria Refresher - Small,,,,,5,,0,,,,80,,,,,,,,,,,,,,,,,,,,,,,,,,,,,,,,,,,,,,,,Small,0,0,0,0,20,0,18,18,0,17,8,0,,,,,,,,Berry Sangria Refresher - Small,,,,,,,,,,,,,,,,,,,,,,,,,,,,,,,,,,,,,,,,,,,,,,,,,,,,,,,,,,,,,
Dunkin' (PDF),Blush Spritz Refresher - Large,,,,,15,,0,,,,160,,,,,,,,,,,,,,,,,,,,,,,,,,,,,,,,,,,,,,,,Large,0,0,0,0,39,0,37,37,0,5,16,0,,,,,,,,Blush Spritz Refresher - Large,,,,,,,,,,,,,,,,,,,,,,,,,,,,,,,,,,,,,,,,,,,,,,,,,,,,,,,,,,,,,
Dunkin' (PDF),Blush Spritz Refresher - Medium,,,,,10,,0,,,,120,,,,,,,,,,,,,,,,,,,,,,,,,,,,,,,,,,,,,,,,Medium,0,0,0,0,29,0,27,27,0,4,11,0,,,,,,,,Blush Spritz Refresher - Medium,,,,,,,,,,,,,,,,,,,,,,,,,,,,,,,,,,,,,,,,,,,,,,,,,,,,,,,,,,,,,
Dunkin' (PDF),Blush Spritz Refresher - Small,,,,,10,,0,,,,80,,,,,,,,,,,,,,,,,,,,,,,,,,,,,,,,,,,,,,,,Small,0,0,0,0,19,0,18,18,0,3,8,0,,,,,,,,Blush Spritz Refresher - Small,,,,,,,,,,,,,,,,,,,,,,,,,,,,,,,,,,,,,,,,,,,,,,,,,,,,,,,,,,,,,
Dunkin' (PDF),Wicked Pink Refresher - Large,,,,,15,,0,,,,170,,,,,,,,,,,,,,,,,,,,,,,,,,,,,,,,,,,,,,,,Large,0,0,0,0,39,0,37,37,0,5,16,0,,,,,,,,Wicked Pink Refresher - Large,,,,,,,,,,,,,,,,,,,,,,,,,,,,,,,,,,,,,,,,,,,,,,,,,,,,,,,,,,,,,
Dunkin' (PDF),Wicked Pink Refresher - Medium,,,,,10,,0,,,,130,,,,,,,,,,,,,,,,,,,,,,,,,,,,,,,,,,,,,,,,Medium,0,0,0,0,29,0,27,27,0,4,11,0,,,,,,,,Wicked Pink Refresher - Medium,,,,,,,,,,,,,,,,,,,,,,,,,,,,,,,,,,,,,,,,,,,,,,,,,,,,,,,,,,,,,
Dunkin' (PDF),Wicked Pink Refresher - Small,,,,,10,,0,,,,90,,,,,,,,,,,,,,,,,,,,,,,,,,,,,,,,,,,,,,,,Small,0,0,0,0,20,0,18,18,0,3,8,0,,,,,,,,Wicked Pink Refresher - Small,,,,,,,,,,,,,,,,,,,,,,,,,,,,,,,,,,,,,,,,,,,,,,,,,,,,,,,,,,,,,
Dunkin' (PDF),"Mango Pineapple Sparkling
Dunkin' Refresher - Large",,,,,20,,0,,,,170,,,,,,,,,,,,,,,,,,,,,,,,,,,,,,,,,,,,,,,,Large,0,0,0,0,42,0,39,39,0,5,17,0,,,,,,,,,"Mango Pineapple Sparkling
Dunkin' Refresher - Large",,,,,,,,,,,,,,,,,,,,,,,,,,,,,,,,,,,,,,,,,,,,,,,,,,,,,,,,,,,,
Dunkin' (PDF),"Mango Pineapple Sparkling
Dunkin' Refresher - Medium",,,,,15,,0,,,,130,,,,,,,,,,,,,,,,,,,,,,,,,,,,,,,,,,,,,,,,Medium,0,0,0,0,32,0,29,29,0,4,12,0,,,,,,,,,"Mango Pineapple Sparkling
Dunkin' Refresher - Medium",,,,,,,,,,,,,,,,,,,,,,,,,,,,,,,,,,,,,,,,,,,,,,,,,,,,,,,,,,,,
Dunkin' (PDF),"Mango Pineapple Sparkling
Dunkin' Refresher - Small",,,,,10,,0,,,,90,,,,,,,,,,,,,,,,,,,,,,,,,,,,,,,,,,,,,,,,Small,0,0,0,0,21,0,19,19,0,3,9,0,,,,,,,,,"Mango Pineapple Sparkling
Dunkin' Refresher - Small",,,,,,,,,,,,,,,,,,,,,,,,,,,,,,,,,,,,,,,,,,,,,,,,,,,,,,,,,,,,
Dunkin' (PDF),"Strawberry Dragonfruit Sparkling
Dunkin' Refresher - Large",,,,,15,,0,,,,170,,,,,,,,,,,,,,,,,,,,,,,,,,,,,,,,,,,,,,,,Large,0,0,0,0,39,0,37,37,0,5,16,0,,,,,,,,,"Strawberry Dragonfruit Sparkling
Dunkin' Refresher - Large",,,,,,,,,,,,,,,,,,,,,,,,,,,,,,,,,,,,,,,,,,,,,,,,,,,,,,,,,,,,
Dunkin' (PDF),"Strawberry Dragonfruit Sparkling
Dunkin' Refresher - Medium",,,,,10,,0,,,,130,,,,,,,,,,,,,,,,,,,,,,,,,,,,,,,,,,,,,,,,Medium,0,0,0,0,29,0,27,27,0,4,11,0,,,,,,,,,"Strawberry Dragonfruit Sparkling
Dunkin' Refresher - Medium",,,,,,,,,,,,,,,,,,,,,,,,,,,,,,,,,,,,,,,,,,,,,,,,,,,,,,,,,,,,
Dunkin' (PDF),"Strawberry Dragonfruit Sparkling
Dunkin' Refresher - Small",,,,,10,,0,,,,80,,,,,,,,,,,,,,,,,,,,,,,,,,,,,,,,,,,,,,,,Small,0,0,0,0,19,0,18,18,0,3,8,0,,,,,,,,,"Strawberry Dragonfruit Sparkling
Dunkin' Refresher - Small",,,,,,,,,,,,,,,,,,,,,,,,,,,,,,,,,,,,,,,,,,,,,,,,,,,,,,,,,,,,
Dunkin' (PDF),"Frozen Coffee with Almondmilk -
Large",,,,,190,,2,,,,500,,,,,,,,,,,,,,,,,,,,,,,,,,,,,,,,,,,,,,,,Large,2,0,0,0,118,0,112,111,2,327,374,1,,,,,,,,,,"Frozen Coffee with Almondmilk -
Large",,,,,,,,,,,,,,,,,,,,,,,,,,,,,,,,,,,,,,,,,,,,,,,,,,,,,,,,,,,
Dunkin' (PDF),"Frozen Coffee with Almondmilk -
Medium",,,,,140,,2,,,,370,,,,,,,,,,,,,,,,,,,,,,,,,,,,,,,,,,,,,,,,Medium,1.5,0,0,0,88,0,84,84,1,245,280,0,,,,,,,,,,"Frozen Coffee with Almondmilk -
Medium",,,,,,,,,,,,,,,,,,,,,,,,,,,,,,,,,,,,,,,,,,,,,,,,,,,,,,,,,,,
Dunkin' (PDF),"Frozen Coffee with Almondmilk -
Small",,,,,95,,1,,,,250,,,,,,,,,,,,,,,,,,,,,,,,,,,,,,,,,,,,,,,,Small,1,0,0,0,59,0,56,56,1,164,187,0,,,,,,,,,,"Frozen Coffee with Almondmilk -
Small",,,,,,,,,,,,,,,,,,,,,,,,,,,,,,,,,,,,,,,,,,,,,,,,,,,,,,,,,,,
Dunkin' (PDF),"Triple Mocha Frozen Coffee -
Large",,,,,260,,9,,,,1100,,,,,,,,,,,,,,,,,,,,,,,,,,,,,,,,,,,,,,,,Large,40,23,1.5,125,178,3,165,159,2,899,231,2,,,,,,,,,,"Triple Mocha Frozen Coffee -
Large",,,,,,,,,,,,,,,,,,,,,,,,,,,,,,,,,,,,,,,,,,,,,,,,,,,,,,,,,,,
Dunkin' (PDF),"Triple Mocha Frozen Coffee -
Medium",,,,,200,,7,,,,840,,,,,,,,,,,,,,,,,,,,,,,,,,,,,,,,,,,,,,,,Medium,31,18,1,95,137,2,126,122,2,696,178,2,,,,,,,,,,"Triple Mocha Frozen Coffee -
Medium",,,,,,,,,,,,,,,,,,,,,,,,,,,,,,,,,,,,,,,,,,,,,,,,,,,,,,,,,,,
Dunkin' (PDF),"Triple Mocha Frozen Coffee -
Small",,,,,135,,5,,,,600,,,,,,,,,,,,,,,,,,,,,,,,,,,,,,,,,,,,,,,,Small,22,13,0.5,70,96,2,88,85,1,497,126,1,,,,,,,,,,"Triple Mocha Frozen Coffee -
Small",,,,,,,,,,,,,,,,,,,,,,,,,,,,,,,,,,,,,,,,,,,,,,,,,,,,,,,,,,,
Dunkin' (PDF),"Frozen Matcha Latte with
Almondmilk - Large",,,,,130,,3,,,,470,,,,,,,,,,,,,,,,,,,,,,,,,,,,,,,,,,,,,,,,Large,2,0,0,0,111,2,109,109,6,141,362,1,,,,,,,,,,,"Frozen Matcha Latte with
Almondmilk - Large",,,,,,,,,,,,,,,,,,,,,,,,,,,,,,,,,,,,,,,,,,,,,,,,,,,,,,,,,,
Dunkin' (PDF),"Frozen Matcha Latte with
Almondmilk - Medium",,,,,100,,2,,,,350,,,,,,,,,,,,,,,,,,,,,,,,,,,,,,,,,,,,,,,,Medium,1.5,0,0,15,84,2,82,81,4,106,272,0,,,,,,,,,,,"Frozen Matcha Latte with
Almondmilk - Medium",,,,,,,,,,,,,,,,,,,,,,,,,,,,,,,,,,,,,,,,,,,,,,,,,,,,,,,,,,
Dunkin' (PDF),"Frozen Matcha Latte with
Almondmilk - Small",,,,,65,,1,,,,240,,,,,,,,,,,,,,,,,,,,,,,,,,,,,,,,,,,,,,,,Small,1,0,0,0,56,1,54,54,3,71,181,0,,,,,,,,,,,"Frozen Matcha Latte with
Almondmilk - Small",,,,,,,,,,,,,,,,,,,,,,,,,,,,,,,,,,,,,,,,,,,,,,,,,,,,,,,,,,
Dunkin' (PDF),Loaded Hash Browns,,,,,1240,,9,,,,320,,,,,,,,,,,,,,,,,,,,,,,,,,,,,,,,,,,,,,,,1 Bowl,22,6,0,20,24,2,4,1,0,429,86,1,,,,,,,,,,,,Loaded Hash Browns,,,,,,,,,,,,,,,,,,,,,,,,,,,,,,,,,,,,,,,,,,,,,,,,,,,,,,,,,
Dunkin' (PDF),"Caramel Chocolate Hot Chocolate
- Extra Large",,,,,510,,4,,,,680,,,,,,,,,,,,,,,,,,,,,,,,,,,,,,,,,,,,,,,,Extra Large,15,14,0,0,134,3,114,111,0,462,157,2,,,,,,,,,,,,,"Caramel Chocolate Hot Chocolate
- Extra Large",,,,,,,,,,,,,,,,,,,,,,,,,,,,,,,,,,,,,,,,,,,,,,,,,,,,,,,,
Dunkin' (PDF),"Caramel Chocolate Hot Chocolate
- Large",,,,,460,,4,,,,600,,,,,,,,,,,,,,,,,,,,,,,,,,,,,,,,,,,,,,,,Large,14,13,0,0,118,3,99,97,0,410,135,2,,,,,,,,,,,,,"Caramel Chocolate Hot Chocolate
- Large",,,,,,,,,,,,,,,,,,,,,,,,,,,,,,,,,,,,,,,,,,,,,,,,,,,,,,,,
Dunkin' (PDF),"Caramel Chocolate Hot Chocolate
- Medium",,,,,330,,3,,,,440,,,,,,,,,,,,,,,,,,,,,,,,,,,,,,,,,,,,,,,,Medium,10,9,0,0,86,2,72,71,0,296,98,1,,,,,,,,,,,,,"Caramel Chocolate Hot Chocolate
- Medium",,,,,,,,,,,,,,,,,,,,,,,,,,,,,,,,,,,,,,,,,,,,,,,,,,,,,,,,
Dunkin' (PDF),"Caramel Chocolate Hot Chocolate
- Small",,,,,220,,2,,,,300,,,,,,,,,,,,,,,,,,,,,,,,,,,,,,,,,,,,,,,,Small,7,6,0,0,58,2,49,48,0,200,66,1,,,,,,,,,,,,,"Caramel Chocolate Hot Chocolate
- Small",,,,,,,,,,,,,,,,,,,,,,,,,,,,,,,,,,,,,,,,,,,,,,,,,,,,,,,,
Dunkin' (PDF),Hot Dunkalatte - Large,,,,,330,,15,,,,410,,,,,,,,,,,,,,,,,,,,,,,,,,,,,,,,,,,,,,,,Large,13,7,0,40,60,0,58,36,0,1059,527,0,,,,,,,,,,,,,,Hot Dunkalatte - Large,,,,,,,,,,,,,,,,,,,,,,,,,,,,,,,,,,,,,,,,,,,,,,,,,,,,,,,
Dunkin' (PDF),Hot Dunkalatte - Medium,,,,,250,,11,,,,310,,,,,,,,,,,,,,,,,,,,,,,,,,,,,,,,,,,,,,,,Medium,10,5,0,30,45,0,43,27,0,789,395,0,,,,,,,,,,,,,,Hot Dunkalatte - Medium,,,,,,,,,,,,,,,,,,,,,,,,,,,,,,,,,,,,,,,,,,,,,,,,,,,,,,,
Dunkin' (PDF),Hot Dunkalatte - Small,,,,,170,,8,,,,210,,,,,,,,,,,,,,,,,,,,,,,,,,,,,,,,,,,,,,,,Small,6,3.5,0,20,30,0,29,18,0,529,264,0,,,,,,,,,,,,,,Hot Dunkalatte - Small,,,,,,,,,,,,,,,,,,,,,,,,,,,,,,,,,,,,,,,,,,,,,,,,,,,,,,,
Dunkin' (PDF),"Iced Cappuccino with Almondmilk
- Large",,,,,180,,1,,,,90,,,,,,,,,,,,,,,,,,,,,,,,,,,,,,,,,,,,,,,,Large,2.5,0,0,0,15,1,13,13,3,265,475,1,,,,,,,,,,,,,,,"Iced Cappuccino with Almondmilk
- Large",,,,,,,,,,,,,,,,,,,,,,,,,,,,,,,,,,,,,,,,,,,,,,,,,,,,,,
Dunkin' (PDF),"Iced Cappuccino with Almondmilk
- Medium",,,,,130,,1,,,,60,,,,,,,,,,,,,,,,,,,,,,,,,,,,,,,,,,,,,,,,Medium,2,0,0,0,11,0,10,10,2,194,355,1,,,,,,,,,,,,,,,"Iced Cappuccino with Almondmilk
- Medium",,,,,,,,,,,,,,,,,,,,,,,,,,,,,,,,,,,,,,,,,,,,,,,,,,,,,,
Dunkin' (PDF),"Iced Cappuccino with Almondmilk
- Small",,,,,90,,1,,,,45,,,,,,,,,,,,,,,,,,,,,,,,,,,,,,,,,,,,,,,,Small,1,0,0,0,8,0,6,6,1,133,238,0,,,,,,,,,,,,,,,"Iced Cappuccino with Almondmilk
- Small",,,,,,,,,,,,,,,,,,,,,,,,,,,,,,,,,,,,,,,,,,,,,,,,,,,,,,
Dunkin' (PDF),"Blueberry Cobbler Iced Coffee -
Large",,,,,320,,5,,,,340,,,,,,,,,,,,,,,,,,,,,,,,,,,,,,,,,,,,,,,,Large,12,6,0,35,53,0,50,42,1,482,204,0,,,,,,,,,,,,,,,,"Blueberry Cobbler Iced Coffee -
Large",,,,,,,,,,,,,,,,,,,,,,,,,,,,,,,,,,,,,,,,,,,,,,,,,,,,,
Dunkin' (PDF),"Blueberry Cobbler Iced Coffee -
Medium",,,,,240,,4,,,,260,,,,,,,,,,,,,,,,,,,,,,,,,,,,,,,,,,,,,,,,Medium,9,4.5,0,30,39,0,37,31,0,361,152,0,,,,,,,,,,,,,,,,"Blueberry Cobbler Iced Coffee -
Medium",,,,,,,,,,,,,,,,,,,,,,,,,,,,,,,,,,,,,,,,,,,,,,,,,,,,,
Dunkin' (PDF),"Blueberry Cobbler Iced Coffee -
Small",,,,,160,,3,,,,170,,,,,,,,,,,,,,,,,,,,,,,,,,,,,,,,,,,,,,,,Small,6,3,0,20,26,0,25,21,0,241,102,0,,,,,,,,,,,,,,,,"Blueberry Cobbler Iced Coffee -
Small",,,,,,,,,,,,,,,,,,,,,,,,,,,,,,,,,,,,,,,,,,,,,,,,,,,,,
Dunkin' (PDF),"Caramel Chocolate Iced Coffee
with Chocolate Cold Foam - Large",,,,,140,,3,,,,390,,,,,,,,,,,,,,,,,,,,,,,,,,,,,,,,,,,,,,,,Large,17,9,0.5,50,57,1,54,52,1,462,157,2,,,,,,,,,,,,,,,,"Caramel Chocolate Iced Coffee
with Chocolate Cold Foam - Large",,,,,,,,,,,,,,,,,,,,,,,,,,,,,,,,,,,,,,,,,,,,,,,,,,,,,
Dunkin' (PDF),"Caramel Chocolate Iced Coffee
with Chocolate Cold Foam -
Medium",,,,,95,,2,,,,270,,,,,,,,,,,,,,,,,,,,,,,,,,,,,,,,,,,,,,,,Medium,12,7,0,35,40,0,38,37,1,329,114,1,,,,,,,,,,,,,,,,"Caramel Chocolate Iced Coffee
with Chocolate Cold Foam -
Medium",,,,,,,,,,,,,,,,,,,,,,,,,,,,,,,,,,,,,,,,,,,,,,,,,,,,,
Dunkin' (PDF),"Caramel Chocolate Iced Coffee
with Chocolate Cold Foam - Small",,,,,75,,2,,,,210,,,,,,,,,,,,,,,,,,,,,,,,,,,,,,,,,,,,,,,,Small,9,5,0,25,31,0,29,28,0,244,81,1,,,,,,,,,,,,,,,,"Caramel Chocolate Iced Coffee
with Chocolate Cold Foam - Small",,,,,,,,,,,,,,,,,,,,,,,,,,,,,,,,,,,,,,,,,,,,,,,,,,,,,
Dunkin' (PDF),"Chocolate Hazelnut Truffle Iced
Coffee - Large",,,,,95,,4,,,,340,,,,,,,,,,,,,,,,,,,,,,,,,,,,,,,,,,,,,,,,Large,12,7,0,35,53,2,47,46,1,653,84,2,,,,,,,,,,,,,,,,"Chocolate Hazelnut Truffle Iced
Coffee - Large",,,,,,,,,,,,,,,,,,,,,,,,,,,,,,,,,,,,,,,,,,,,,,,,,,,,,
Dunkin' (PDF),"Chocolate Hazelnut Truffle Iced
Coffee - Medium",,,,,70,,3,,,,250,,,,,,,,,,,,,,,,,,,,,,,,,,,,,,,,,,,,,,,,Medium,9,5,0,25,40,2,35,34,0,490,62,1,,,,,,,,,,,,,,,,"Chocolate Hazelnut Truffle Iced
Coffee - Medium",,,,,,,,,,,,,,,,,,,,,,,,,,,,,,,,,,,,,,,,,,,,,,,,,,,,,
Dunkin' (PDF),"Chocolate Hazelnut Truffle Iced
Coffee - Small",,,,,45,,2,,,,170,,,,,,,,,,,,,,,,,,,,,,,,,,,,,,,,,,,,,,,,Small,6,3.5,0,20,26,1,24,23,0,327,42,1,,,,,,,,,,,,,,,,"Chocolate Hazelnut Truffle Iced
Coffee - Small",,,,,,,,,,,,,,,,,,,,,,,,,,,,,,,,,,,,,,,,,,,,,,,,,,,,,
Dunkin' (PDF),"Hazelnut Sugar Free Vanilla Iced
Coffee - Large",,,,,30,,1,,,,20,,,,,,,,,,,,,,,,,,,,,,,,,,,,,,,,,,,,,,,,Large,0,0,0,0,8,0,0,0,0,254,20,0,,,,,,,,,,,,,,,,"Hazelnut Sugar Free Vanilla Iced
Coffee - Large",,,,,,,,,,,,,,,,,,,,,,,,,,,,,,,,,,,,,,,,,,,,,,,,,,,,,
Dunkin' (PDF),"Hazelnut Sugar Free Vanilla Iced
Coffee - Medium",,,,,20,,0,,,,15,,,,,,,,,,,,,,,,,,,,,,,,,,,,,,,,,,,,,,,,Medium,0,0,0,0,6,0,0,0,0,190,14,0,,,,,,,,,,,,,,,,"Hazelnut Sugar Free Vanilla Iced
Coffee - Medium",,,,,,,,,,,,,,,,,,,,,,,,,,,,,,,,,,,,,,,,,,,,,,,,,,,,,
Dunkin' (PDF),"Hazelnut Sugar Free Vanilla Iced
Coffee - Small",,,,,15,,0,,,,10,,,,,,,,,,,,,,,,,,,,,,,,,,,,,,,,,,,,,,,,Small,0,0,0,0,4,0,0,0,0,127,10,0,,,,,,,,,,,,,,,,"Hazelnut Sugar Free Vanilla Iced
Coffee - Small",,,,,,,,,,,,,,,,,,,,,,,,,,,,,,,,,,,,,,,,,,,,,,,,,,,,,
Dunkin' (PDF),"Mocha Hazelnut Iced Coffee with
Chocolate Cold Foam - Large",,,,,150,,5,,,,460,,,,,,,,,,,,,,,,,,,,,,,,,,,,,,,,,,,,,,,,Large,17,10,0.5,50,74,3,65,63,1,711,102,3,,,,,,,,,,,,,,,,"Mocha Hazelnut Iced Coffee with
Chocolate Cold Foam - Large",,,,,,,,,,,,,,,,,,,,,,,,,,,,,,,,,,,,,,,,,,,,,,,,,,,,,
Dunkin' (PDF),"Mocha Hazelnut Iced Coffee with
Chocolate Cold Foam - Medium",,,,,100,,3,,,,330,,,,,,,,,,,,,,,,,,,,,,,,,,,,,,,,,,,,,,,,Medium,12,7,0,35,52,2,46,45,1,515,73,2,,,,,,,,,,,,,,,,"Mocha Hazelnut Iced Coffee with
Chocolate Cold Foam - Medium",,,,,,,,,,,,,,,,,,,,,,,,,,,,,,,,,,,,,,,,,,,,,,,,,,,,,
Dunkin' (PDF),"Mocha Hazelnut Iced Coffee with
Chocolate Cold Foam - Small",,,,,80,,2,,,,240,,,,,,,,,,,,,,,,,,,,,,,,,,,,,,,,,,,,,,,,Small,9,5,0,25,39,1,35,34,0,368,53,1,,,,,,,,,,,,,,,,"Mocha Hazelnut Iced Coffee with
Chocolate Cold Foam - Small",,,,,,,,,,,,,,,,,,,,,,,,,,,,,,,,,,,,,,,,,,,,,,,,,,,,,
Dunkin' (PDF),"Sugar Free Vanilla Iced Coffee -
Large",,,,,30,,1,,,,10,,,,,,,,,,,,,,,,,,,,,,,,,,,,,,,,,,,,,,,,Large,0,0,0,0,5,0,0,0,0,254,20,0,,,,,,,,,,,,,,,,"Sugar Free Vanilla Iced Coffee -
Large",,,,,,,,,,,,,,,,,,,,,,,,,,,,,,,,,,,,,,,,,,,,,,,,,,,,,
Dunkin' (PDF),"Sugar Free Vanilla Iced Coffee -
Medium",,,,,20,,0,,,,5,,,,,,,,,,,,,,,,,,,,,,,,,,,,,,,,,,,,,,,,Medium,0,0,0,0,4,0,0,0,0,190,14,0,,,,,,,,,,,,,,,,"Sugar Free Vanilla Iced Coffee -
Medium",,,,,,,,,,,,,,,,,,,,,,,,,,,,,,,,,,,,,,,,,,,,,,,,,,,,,
Dunkin' (PDF),"Sugar Free Vanilla Iced Coffee -
Small",,,,,15,,0,,,,5,,,,,,,,,,,,,,,,,,,,,,,,,,,,,,,,,,,,,,,,Small,0,0,0,0,3,0,0,0,0,127,10,0,,,,,,,,,,,,,,,,"Sugar Free Vanilla Iced Coffee -
Small",,,,,,,,,,,,,,,,,,,,,,,,,,,,,,,,,,,,,,,,,,,,,,,,,,,,,
Dunkin' (PDF),Toffee Nut Iced Coffee - Large,,,,,130,,5,,,,350,,,,,,,,,,,,,,,,,,,,,,,,,,,,,,,,,,,,,,,,Large,12,6,0,40,54,0,53,46,1,649,177,0,,,,,,,,,,,,,,,,Toffee Nut Iced Coffee - Large,,,,,,,,,,,,,,,,,,,,,,,,,,,,,,,,,,,,,,,,,,,,,,,,,,,,,
Dunkin' (PDF),Toffee Nut Iced Coffee - Medium,,,,,95,,4,,,,260,,,,,,,,,,,,,,,,,,,,,,,,,,,,,,,,,,,,,,,,Medium,9,4.5,0,30,40,0,40,35,0,487,132,0,,,,,,,,,,,,,,,,Toffee Nut Iced Coffee - Medium,,,,,,,,,,,,,,,,,,,,,,,,,,,,,,,,,,,,,,,,,,,,,,,,,,,,,
Dunkin' (PDF),Toffee Nut Iced Coffee - Small,,,,,65,,3,,,,170,,,,,,,,,,,,,,,,,,,,,,,,,,,,,,,,,,,,,,,,Small,6,3,0,20,27,0,26,23,0,325,89,0,,,,,,,,,,,,,,,,Toffee Nut Iced Coffee - Small,,,,,,,,,,,,,,,,,,,,,,,,,,,,,,,,,,,,,,,,,,,,,,,,,,,,,
Dunkin' (PDF),"Brown Sugar Shakin' Espresso -
Large",,,,,135,,2,,,,230,,,,,,,,,,,,,,,,,,,,,,,,,,,,,,,,,,,,,,,,Large,2.5,0,0,0,51,2,37,36,3,501,304,1,,,,,,,,,,,,,,,,,"Brown Sugar Shakin' Espresso -
Large",,,,,,,,,,,,,,,,,,,,,,,,,,,,,,,,,,,,,,,,,,,,,,,,,,,,
Dunkin' (PDF),"Brown Sugar Shakin' Espresso -
Medium",,,,,105,,1,,,,180,,,,,,,,,,,,,,,,,,,,,,,,,,,,,,,,,,,,,,,,Medium,2,0,0,0,40,2,28,27,2,407,248,1,,,,,,,,,,,,,,,,,"Brown Sugar Shakin' Espresso -
Medium",,,,,,,,,,,,,,,,,,,,,,,,,,,,,,,,,,,,,,,,,,,,,,,,,,,,
Dunkin' (PDF),"Brown Sugar Shakin' Espresso -
Small",,,,,70,,1,,,,120,,,,,,,,,,,,,,,,,,,,,,,,,,,,,,,,,,,,,,,,Small,1.5,0,0,0,26,1,18,18,1,273,153,1,,,,,,,,,,,,,,,,,"Brown Sugar Shakin' Espresso -
Small",,,,,,,,,,,,,,,,,,,,,,,,,,,,,,,,,,,,,,,,,,,,,,,,,,,,
Dunkin' (PDF),"Caramel Chocolate Shakin'
Espresso - Large",,,,,140,,2,,,,240,,,,,,,,,,,,,,,,,,,,,,,,,,,,,,,,,,,,,,,,Large,2.5,0,0,0,54,2,38,37,3,537,334,1,,,,,,,,,,,,,,,,,"Caramel Chocolate Shakin'
Espresso - Large",,,,,,,,,,,,,,,,,,,,,,,,,,,,,,,,,,,,,,,,,,,,,,,,,,,,
Dunkin' (PDF),"Caramel Chocolate Shakin'
Espresso - Medium",,,,,105,,1,,,,180,,,,,,,,,,,,,,,,,,,,,,,,,,,,,,,,,,,,,,,,Medium,2,0,0,0,40,2,29,28,2,409,250,1,,,,,,,,,,,,,,,,,"Caramel Chocolate Shakin'
Espresso - Medium",,,,,,,,,,,,,,,,,,,,,,,,,,,,,,,,,,,,,,,,,,,,,,,,,,,,
Dunkin' (PDF),"Caramel Chocolate Shakin'
Espresso - Small",,,,,75,,1,,,,120,,,,,,,,,,,,,,,,,,,,,,,,,,,,,,,,,,,,,,,,Small,1.5,0,0,0,27,1,19,19,1,291,168,1,,,,,,,,,,,,,,,,,"Caramel Chocolate Shakin'
Espresso - Small",,,,,,,,,,,,,,,,,,,,,,,,,,,,,,,,,,,,,,,,,,,,,,,,,,,,
Dunkin' (PDF),Cocoa Cloud Latte - Large,,,,,260,,13,,,,500,,,,,,,,,,,,,,,,,,,,,,,,,,,,,,,,,,,,,,,,Large,17,10,0,50,74,1,70,52,5,802,517,2,,,,,,,,,,,,,,,,,Cocoa Cloud Latte - Large,,,,,,,,,,,,,,,,,,,,,,,,,,,,,,,,,,,,,,,,,,,,,,,,,,,,
Dunkin' (PDF),Cocoa Cloud Latte - Medium,,,,,190,,9,,,,360,,,,,,,,,,,,,,,,,,,,,,,,,,,,,,,,,,,,,,,,Medium,12,7,0,35,53,0,50,37,4,579,384,1,,,,,,,,,,,,,,,,,Cocoa Cloud Latte - Medium,,,,,,,,,,,,,,,,,,,,,,,,,,,,,,,,,,,,,,,,,,,,,,,,,,,,
Dunkin' (PDF),Cocoa Cloud Latte - Small,,,,,140,,6,,,,260,,,,,,,,,,,,,,,,,,,,,,,,,,,,,,,,,,,,,,,,Small,9,5,0,30,39,0,37,28,2,413,261,1,,,,,,,,,,,,,,,,,Cocoa Cloud Latte - Small,,,,,,,,,,,,,,,,,,,,,,,,,,,,,,,,,,,,,,,,,,,,,,,,,,,,
Dunkin' (PDF),Shakin' Espresso - Large,,,,,110,,6,,,,120,,,,,,,,,,,,,,,,,,,,,,,,,,,,,,,,,,,,,,,,Large,6,3.5,0,20,11,0,9,0,2,385,225,0,,,,,,,,,,,,,,,,,Shakin' Espresso - Large,,,,,,,,,,,,,,,,,,,,,,,,,,,,,,,,,,,,,,,,,,,,,,,,,,,,
Dunkin' (PDF),Shakin' Espresso - Medium,,,,,85,,4,,,,90,,,,,,,,,,,,,,,,,,,,,,,,,,,,,,,,,,,,,,,,Medium,4.5,2.5,0,15,8,0,7,0,2,295,168,0,,,,,,,,,,,,,,,,,Shakin' Espresso - Medium,,,,,,,,,,,,,,,,,,,,,,,,,,,,,,,,,,,,,,,,,,,,,,,,,,,,
Dunkin' (PDF),Shakin' Espresso - Small,,,,,60,,3,,,,60,,,,,,,,,,,,,,,,,,,,,,,,,,,,,,,,,,,,,,,,Small,3,2,0,10,6,0,4,0,1,215,113,0,,,,,,,,,,,,,,,,,Shakin' Espresso - Small,,,,,,,,,,,,,,,,,,,,,,,,,,,,,,,,,,,,,,,,,,,,,,,,,,,,
Dunkin' (PDF),"Almond Vanilla No Sugar Added
Iced Latte - Large",,,,,190,,12,,,,140,,,,,,,,,,,,,,,,,,,,,,,,,,,,,,,,,,,,,,,,Large,0,0,0,5,26,0,18,0,4,675,465,0,,,,,,,,,,,,,,,,,,"Almond Vanilla No Sugar Added
Iced Latte - Large",,,,,,,,,,,,,,,,,,,,,,,,,,,,,,,,,,,,,,,,,,,,,,,,,,,
Dunkin' (PDF),"Almond Vanilla No Sugar Added
Iced Latte - Medium",,,,,140,,9,,,,110,,,,,,,,,,,,,,,,,,,,,,,,,,,,,,,,,,,,,,,,Medium,0,0,0,5,19,0,14,0,3,501,348,0,,,,,,,,,,,,,,,,,,"Almond Vanilla No Sugar Added
Iced Latte - Medium",,,,,,,,,,,,,,,,,,,,,,,,,,,,,,,,,,,,,,,,,,,,,,,,,,,
Dunkin' (PDF),"Almond Vanilla No Sugar Added
Iced Latte - Small",,,,,95,,6,,,,70,,,,,,,,,,,,,,,,,,,,,,,,,,,,,,,,,,,,,,,,Small,0,0,0,5,13,0,9,0,2,337,233,0,,,,,,,,,,,,,,,,,,"Almond Vanilla No Sugar Added
Iced Latte - Small",,,,,,,,,,,,,,,,,,,,,,,,,,,,,,,,,,,,,,,,,,,,,,,,,,,
Dunkin' (PDF),"Brown Sugar Hazelnut Oat Iced
Latte - Large",,,,,200,,3,,,,330,,,,,,,,,,,,,,,,,,,,,,,,,,,,,,,,,,,,,,,,Large,5,1,0,0,70,4,43,41,6,717,528,1,,,,,,,,,,,,,,,,,,"Brown Sugar Hazelnut Oat Iced
Latte - Large",,,,,,,,,,,,,,,,,,,,,,,,,,,,,,,,,,,,,,,,,,,,,,,,,,,
Dunkin' (PDF),"Brown Sugar Hazelnut Oat Iced
Latte - Medium",,,,,150,,2,,,,250,,,,,,,,,,,,,,,,,,,,,,,,,,,,,,,,,,,,,,,,Medium,4,0.5,0,0,53,3,32,31,4,533,396,1,,,,,,,,,,,,,,,,,,"Brown Sugar Hazelnut Oat Iced
Latte - Medium",,,,,,,,,,,,,,,,,,,,,,,,,,,,,,,,,,,,,,,,,,,,,,,,,,,
Dunkin' (PDF),"Brown Sugar Hazelnut Oat Iced
Latte - Small",,,,,100,,1,,,,160,,,,,,,,,,,,,,,,,,,,,,,,,,,,,,,,,,,,,,,,Small,2.5,0,0,0,35,2,21,21,3,358,264,0,,,,,,,,,,,,,,,,,,"Brown Sugar Hazelnut Oat Iced
Latte - Small",,,,,,,,,,,,,,,,,,,,,,,,,,,,,,,,,,,,,,,,,,,,,,,,,,,
Dunkin' (PDF),Iced Dunkalatte - Large,,,,,350,,15,,,,410,,,,,,,,,,,,,,,,,,,,,,,,,,,,,,,,,,,,,,,,Large,13,7,0,40,60,0,58,36,0,1064,543,0,,,,,,,,,,,,,,,,,,Iced Dunkalatte - Large,,,,,,,,,,,,,,,,,,,,,,,,,,,,,,,,,,,,,,,,,,,,,,,,,,,
Dunkin' (PDF),Iced Dunkalatte - Medium,,,,,260,,11,,,,310,,,,,,,,,,,,,,,,,,,,,,,,,,,,,,,,,,,,,,,,Medium,10,5,0,30,45,0,43,27,0,793,406,0,,,,,,,,,,,,,,,,,,Iced Dunkalatte - Medium,,,,,,,,,,,,,,,,,,,,,,,,,,,,,,,,,,,,,,,,,,,,,,,,,,,
Dunkin' (PDF),Iced Dunkalatte - Small,,,,,170,,8,,,,210,,,,,,,,,,,,,,,,,,,,,,,,,,,,,,,,,,,,,,,,Small,6,3.5,0,20,30,0,29,18,0,532,272,0,,,,,,,,,,,,,,,,,,Iced Dunkalatte - Small,,,,,,,,,,,,,,,,,,,,,,,,,,,,,,,,,,,,,,,,,,,,,,,,,,,
Dunkin' (PDF),"Iced Vanilla Chai Latte with Sweet
Cold Foam - Large",,,,,250,,14,,,,520,,,,,,,,,,,,,,,,,,,,,,,,,,,,,,,,,,,,,,,,Large,16,10,0.5,50,77,2,70,51,5,638,498,1,,,,,,,,,,,,,,,,,,"Iced Vanilla Chai Latte with Sweet
Cold Foam - Large",,,,,,,,,,,,,,,,,,,,,,,,,,,,,,,,,,,,,,,,,,,,,,,,,,,
Dunkin' (PDF),"Iced Vanilla Chai Latte with Sweet
Cold Foam - Medium",,,,,180,,10,,,,380,,,,,,,,,,,,,,,,,,,,,,,,,,,,,,,,,,,,,,,,Medium,12,7,0,35,56,2,51,37,4,464,362,0,,,,,,,,,,,,,,,,,,"Iced Vanilla Chai Latte with Sweet
Cold Foam - Medium",,,,,,,,,,,,,,,,,,,,,,,,,,,,,,,,,,,,,,,,,,,,,,,,,,,
Dunkin' (PDF),"Iced Vanilla Chai Latte with Sweet
Cold Foam - Small",,,,,130,,7,,,,280,,,,,,,,,,,,,,,,,,,,,,,,,,,,,,,,,,,,,,,,Small,9,5,0,25,41,1,38,28,2,323,250,0,,,,,,,,,,,,,,,,,,"Iced Vanilla Chai Latte with Sweet
Cold Foam - Small",,,,,,,,,,,,,,,,,,,,,,,,,,,,,,,,,,,,,,,,,,,,,,,,,,,
Dunkin' (PDF),"Iced Vanilla Matcha with Sweet
Cold Foam - Large",,,,,200,,14,,,,460,,,,,,,,,,,,,,,,,,,,,,,,,,,,,,,,,,,,,,,,Large,16,9,0,50,63,2,59,40,9,547,466,0,,,,,,,,,,,,,,,,,,"Iced Vanilla Matcha with Sweet
Cold Foam - Large",,,,,,,,,,,,,,,,,,,,,,,,,,,,,,,,,,,,,,,,,,,,,,,,,,,
Dunkin' (PDF),"Iced Vanilla Matcha with Sweet
Cold Foam - Medium",,,,,150,,11,,,,340,,,,,,,,,,,,,,,,,,,,,,,,,,,,,,,,,,,,,,,,Medium,12,7,0,35,46,2,43,29,6,406,346,0,,,,,,,,,,,,,,,,,,"Iced Vanilla Matcha with Sweet
Cold Foam - Medium",,,,,,,,,,,,,,,,,,,,,,,,,,,,,,,,,,,,,,,,,,,,,,,,,,,
Dunkin' (PDF),"Iced Vanilla Matcha with Sweet
Cold Foam - Small",,,,,110,,7,,,,250,,,,,,,,,,,,,,,,,,,,,,,,,,,,,,,,,,,,,,,,Small,9,5,0,25,35,1,32,22,4,284,240,0,,,,,,,,,,,,,,,,,,"Iced Vanilla Matcha with Sweet
Cold Foam - Small",,,,,,,,,,,,,,,,,,,,,,,,,,,,,,,,,,,,,,,,,,,,,,,,,,,
Dunkin' (PDF),Sweet On You Cloud Latte - Large,,,,,280,,16,,,,580,,,,,,,,,,,,,,,,,,,,,,,,,,,,,,,,,,,,,,,,Large,17,10,0,60,89,0,87,62,5,1019,598,0,,,,,,,,,,,,,,,,,,Sweet On You Cloud Latte - Large,,,,,,,,,,,,,,,,,,,,,,,,,,,,,,,,,,,,,,,,,,,,,,,,,,,
Dunkin' (PDF),"Sweet On You Cloud Latte -
Medium",,,,,200,,12,,,,420,,,,,,,,,,,,,,,,,,,,,,,,,,,,,,,,,,,,,,,,Medium,12,7,0,40,64,0,63,44,4,746,438,0,,,,,,,,,,,,,,,,,,"Sweet On You Cloud Latte -
Medium",,,,,,,,,,,,,,,,,,,,,,,,,,,,,,,,,,,,,,,,,,,,,,,,,,,
Dunkin' (PDF),Sweet On You Cloud Latte - Small,,,,,140,,8,,,,310,,,,,,,,,,,,,,,,,,,,,,,,,,,,,,,,,,,,,,,,Small,9,5,0,30,47,0,45,33,2,519,306,0,,,,,,,,,,,,,,,,,,Sweet On You Cloud Latte - Small,,,,,,,,,,,,,,,,,,,,,,,,,,,,,,,,,,,,,,,,,,,,,,,,,,,
Dunkin' (PDF),The Perfect Matcha - Large,,,,,200,,15,,,,460,,,,,,,,,,,,,,,,,,,,,,,,,,,,,,,,,,,,,,,,Large,17,10,0,55,62,1,61,41,5,581,493,0,,,,,,,,,,,,,,,,,,The Perfect Matcha - Large,,,,,,,,,,,,,,,,,,,,,,,,,,,,,,,,,,,,,,,,,,,,,,,,,,,
Dunkin' (PDF),The Perfect Matcha - Medium,,,,,140,,11,,,,330,,,,,,,,,,,,,,,,,,,,,,,,,,,,,,,,,,,,,,,,Medium,12,7,0,35,44,1,43,28,4,422,360,0,,,,,,,,,,,,,,,,,,The Perfect Matcha - Medium,,,,,,,,,,,,,,,,,,,,,,,,,,,,,,,,,,,,,,,,,,,,,,,,,,,
Dunkin' (PDF),The Perfect Matcha - Small,,,,,100,,7,,,,240,,,,,,,,,,,,,,,,,,,,,,,,,,,,,,,,,,,,,,,,Small,9,5,0,30,33,1,32,22,2,300,253,0,,,,,,,,,,,,,,,,,,The Perfect Matcha - Small,,,,,,,,,,,,,,,,,,,,,,,,,,,,,,,,,,,,,,,,,,,,,,,,,,,
Dunkin' (PDF),"Toasted Almond Iced Dunkalatte -
Large",,,,,350,,15,,,,420,,,,,,,,,,,,,,,,,,,,,,,,,,,,,,,,,,,,,,,,Large,13,7,0,40,61,0,58,36,0,1064,543,0,,,,,,,,,,,,,,,,,,"Toasted Almond Iced Dunkalatte -
Large",,,,,,,,,,,,,,,,,,,,,,,,,,,,,,,,,,,,,,,,,,,,,,,,,,,
Dunkin' (PDF),"Toasted Almond Iced Dunkalatte -
Medium",,,,,260,,11,,,,310,,,,,,,,,,,,,,,,,,,,,,,,,,,,,,,,,,,,,,,,Medium,10,5,0,30,46,0,43,27,0,793,406,0,,,,,,,,,,,,,,,,,,"Toasted Almond Iced Dunkalatte -
Medium",,,,,,,,,,,,,,,,,,,,,,,,,,,,,,,,,,,,,,,,,,,,,,,,,,,
Dunkin' (PDF),"Toasted Almond Iced Dunkalatte -
Small",,,,,170,,8,,,,210,,,,,,,,,,,,,,,,,,,,,,,,,,,,,,,,,,,,,,,,Small,6,3.5,0,20,30,0,29,18,0,532,272,0,,,,,,,,,,,,,,,,,,"Toasted Almond Iced Dunkalatte -
Small",,,,,,,,,,,,,,,,,,,,,,,,,,,,,,,,,,,,,,,,,,,,,,,,,,,
Dunkin' (PDF),"Toxic Ex-presso Cloud Latte -
Large",,,,,270,,14,,,,570,,,,,,,,,,,,,,,,,,,,,,,,,,,,,,,,,,,,,,,,Large,18,11,0,50,91,3,81,63,5,1051,462,3,,,,,,,,,,,,,,,,,,"Toxic Ex-presso Cloud Latte -
Large",,,,,,,,,,,,,,,,,,,,,,,,,,,,,,,,,,,,,,,,,,,,,,,,,,,
Dunkin' (PDF),"Toxic Ex-presso Cloud Latte -
Medium",,,,,190,,10,,,,410,,,,,,,,,,,,,,,,,,,,,,,,,,,,,,,,,,,,,,,,Medium,13,7,0,35,65,2,58,45,4,766,343,2,,,,,,,,,,,,,,,,,,"Toxic Ex-presso Cloud Latte -
Medium",,,,,,,,,,,,,,,,,,,,,,,,,,,,,,,,,,,,,,,,,,,,,,,,,,,
Dunkin' (PDF),"Toxic Ex-presso Cloud Latte -
Small",,,,,140,,7,,,,300,,,,,,,,,,,,,,,,,,,,,,,,,,,,,,,,,,,,,,,,Small,9,6,0,30,47,1,43,34,2,538,233,1,,,,,,,,,,,,,,,,,,"Toxic Ex-presso Cloud Latte -
Small",,,,,,,,,,,,,,,,,,,,,,,,,,,,,,,,,,,,,,,,,,,,,,,,,,,
Dunkin' (PDF),Iced Tea Lemonade - Large,,,,,25,,0,,,,160,,,,,,,,,,,,,,,,,,,,,,,,,,,,,,,,,,,,,,,,Large,0,0,0,0,38,0,37,37,0,105,20,0,,,,,,,,,,,,,,,,,,,Iced Tea Lemonade - Large,,,,,,,,,,,,,,,,,,,,,,,,,,,,,,,,,,,,,,,,,,,,,,,,,,
Dunkin' (PDF),Iced Tea Lemonade - Medium,,,,,20,,0,,,,120,,,,,,,,,,,,,,,,,,,,,,,,,,,,,,,,,,,,,,,,Medium,0,0,0,0,30,0,29,29,0,79,14,0,,,,,,,,,,,,,,,,,,,Iced Tea Lemonade - Medium,,,,,,,,,,,,,,,,,,,,,,,,,,,,,,,,,,,,,,,,,,,,,,,,,,
Dunkin' (PDF),Iced Tea Lemonade - Small,,,,,15,,0,,,,80,,,,,,,,,,,,,,,,,,,,,,,,,,,,,,,,,,,,,,,,Small,0,0,0,0,19,0,18,18,0,53,10,0,,,,,,,,,,,,,,,,,,,Iced Tea Lemonade - Small,,,,,,,,,,,,,,,,,,,,,,,,,,,,,,,,,,,,,,,,,,,,,,,,,,
Dunkin' (PDF),Wicked Green Matcha - Large,,,,,180,,14,,,,490,,,,,,,,,,,,,,,,,,,,,,,,,,,,,,,,,,,,,,,,Large,12,7,0,35,81,2,78,61,9,524,439,0,,,,,,,,,,,,,,,,,,,,Wicked Green Matcha - Large,,,,,,,,,,,,,,,,,,,,,,,,,,,,,,,,,,,,,,,,,,,,,,,,,
Dunkin' (PDF),Wicked Green Matcha - Medium,,,,,130,,10,,,,370,,,,,,,,,,,,,,,,,,,,,,,,,,,,,,,,,,,,,,,,Medium,9,5,0,25,61,1,59,45,6,393,329,0,,,,,,,,,,,,,,,,,,,,Wicked Green Matcha - Medium,,,,,,,,,,,,,,,,,,,,,,,,,,,,,,,,,,,,,,,,,,,,,,,,,
Dunkin' (PDF),Wicked Green Matcha - Small,,,,,90,,7,,,,240,,,,,,,,,,,,,,,,,,,,,,,,,,,,,,,,,,,,,,,,Small,6,3.5,0,20,41,1,39,30,4,262,220,0,,,,,,,,,,,,,,,,,,,,Wicked Green Matcha - Small,,,,,,,,,,,,,,,,,,,,,,,,,,,,,,,,,,,,,,,,,,,,,,,,,
Dunkin' (PDF),Butternut Munchkins,,,,,70,,1,,,,90,,,,,,,,,,,,,,,,,,,,,,,,,,,,,,,,,,,,,,,,1 Donut Hole,4,2,0,5,12,0,7,7,0,16,4,0,,,,,,,,,,,,,,,,,,,,,Butternut Munchkins,,,,,,,,,,,,,,,,,,,,,,,,,,,,,,,,,,,,,,,,,,,,,,,,
Dunkin' (PDF),Valentine Sprinkle Munchkin,,,,,80,,1,,,,90,,,,,,,,,,,,,,,,,,,,,,,,,,,,,,,,,,,,,,,,1 Donut Hole,3.5,2,0,0,14,0,7,7,0,31,7,0,,,,,,,,,,,,,,,,,,,,,Valentine Sprinkle Munchkin,,,,,,,,,,,,,,,,,,,,,,,,,,,,,,,,,,,,,,,,,,,,,,,,
Dunkin' (PDF),"Wicked (Pink & Green) Enrobed
Old-Fashion Munchkins",,,,,65,,1,,,,110,,,,,,,,,,,,,,,,,,,,,,,,,,,,,,,,,,,,,,,,1 Donut Hole,5,3,0,5,15,0,9,8,0,8,4,0,,,,,,,,,,,,,,,,,,,,,"Wicked (Pink & Green) Enrobed
Old-Fashion Munchkins",,,,,,,,,,,,,,,,,,,,,,,,,,,,,,,,,,,,,,,,,,,,,,,,
Dunkin' (PDF),Bacon & Cheddar Omelet Bites,,,,,520,,17,,,,280,,,,,,,,,,,,,,,,,,,,,,,,,,,,,,,,,,,,,,,,2 Omelet Bites,19,10,0.5,185,7,0,2,0,5,156,238,1,,,,,,,,,,,,,,,,,,,,,,Bacon & Cheddar Omelet Bites,,,,,,,,,,,,,,,,,,,,,,,,,,,,,,,,,,,,,,,,,,,,,,,
Dunkin' (PDF),Pumpkin K-Cup® Pod,,,,,,,,,,,,,,,,,,,,,,,,,,,,,,,,,,,,,,,,,,,,,,,,,,,,,,,,,,,,,,,,,,,,,,,,,,,,,,,,,,,,,,Pumpkin K-Cup® Pod,,,,,,,,,,,,,,,,,,,,,,,,,,,,,,,,,,,,,,,,,,,,,,
Dunkin' (PDF),Braided Apple Pie,,,,,350,,5,,,,400,,,,,,,,,,,,,,,,,,,,,,,,,,,,,,,,,,,,,,,,1 Pie,18,7,0,0,53,2,20,18,4,74,11,2,,,,,,,,,,,,,,,,,,,,,,,,Braided Apple Pie,,,,,,,,,,,,,,,,,,,,,,,,,,,,,,,,,,,,,,,,,,,,,
Dunkin' (PDF),"Blue Raspberry Rockstar® Energy
Punch",,,,,120,,0,,,,430,,,,,,,,,,,,,,,,,,,,,,,,,,,,,,,,,,,,,,,,Large,0,0,0,0,100,0,98,98,0,5,12,0,,,,,,,,,,,,,,,,,,,,,,,,,"Blue Raspberry Rockstar® Energy
Punch",,,,,,,,,,,,,,,,,,,,,,,,,,,,,,,,,,,,,,,,,,,,
Dunkin' (PDF),"Strawberry Rockstar® Energy
Punch",,,,,120,,0,,,,440,,,,,,,,,,,,,,,,,,,,,,,,,,,,,,,,,,,,,,,,Large,0,0,0,0,103,1,98,94,0,120,19,0,,,,,,,,,,,,,,,,,,,,,,,,,"Strawberry Rockstar® Energy
Punch",,,,,,,,,,,,,,,,,,,,,,,,,,,,,,,,,,,,,,,,,,,,
Dunkin' (PDF),Bacon Jam Grilled Cheese,,,,,1710,,30,,,,650,,,,,,,,,,,,,,,,,,,,,,,,,,,,,,,,,,,,,,,,1 Sandwich,30,14,0,90,65,3,12,11,0,320,424,4,,,,,,,,,,,,,,,,,,,,,,,,,,Bacon Jam Grilled Cheese,,,,,,,,,,,,,,,,,,,,,,,,,,,,,,,,,,,,,,,,,,,
Dunkin' (PDF),"Bacon, Egg and Cheese on a Bagel
with Chipotle Aioli",,,,,"1,540",,24,,,,680,,,,,,,,,,,,,,,,,,,,,,,,,,,,,,,,,,,,,,,,1 Sandwich,34,9,0,200,69,4,10,6,1,320,140,5,,,,,,,,,,,,,,,,,,,,,,,,,,"Bacon, Egg and Cheese on a Bagel
with Chipotle Aioli",,,,,,,,,,,,,,,,,,,,,,,,,,,,,,,,,,,,,,,,,,,
Dunkin' (PDF),"Kosher Maple Sugar Bacon
Breakast Sandwich",,,,,950,,20,,,,610,,,,,,,,,,,,,,,,,,,,,,,,,,,,,,,,,,,,,,,,1 Sandwich,39,17,0,230,43,2,10,9,14,212,221,4,,,,,,,,,,,,,,,,,,,,,,,,,,"Kosher Maple Sugar Bacon
Breakast Sandwich",,,,,,,,,,,,,,,,,,,,,,,,,,,,,,,,,,,,,,,,,,,
Dunkin' (PDF),"Kosher Maple Sugar Bacon Wake-
Up Wrap",,,,,580,,12,,,,280,,,,,,,,,,,,,,,,,,,,,,,,,,,,,,,,,,,,,,,,1 Wrap,17,7,0,105,19,1,4,3,0.5,90,210,1.8,,,,,,,,,,,,,,,,,,,,,,,,,,"Kosher Maple Sugar Bacon Wake-
Up Wrap",,,,,,,,,,,,,,,,,,,,,,,,,,,,,,,,,,,,,,,,,,,
Dunkin' (PDF),"Kosher Sweet Black Pepper Bacon
Breakfast Sandwich",,,,,950,,21,,,,610,,,,,,,,,,,,,,,,,,,,,,,,,,,,,,,,,,,,,,,,1 Sandwich,39,17,0,230,45,2,11,10,14,223,222,4,,,,,,,,,,,,,,,,,,,,,,,,,,"Kosher Sweet Black Pepper Bacon
Breakfast Sandwich",,,,,,,,,,,,,,,,,,,,,,,,,,,,,,,,,,,,,,,,,,,
Dunkin' (PDF),"Kosher Sweet Black Pepper Bacon
Wake-Up Wrap",,,,,580,,12,,,,280,,,,,,,,,,,,,,,,,,,,,,,,,,,,,,,,,,,,,,,,1 Wrap,17,7,0,105,19,1,3,3,1,97,208,2,,,,,,,,,,,,,,,,,,,,,,,,,,"Kosher Sweet Black Pepper Bacon
Wake-Up Wrap",,,,,,,,,,,,,,,,,,,,,,,,,,,,,,,,,,,,,,,,,,,
Dunkin' (PDF),"Maple Sugar Bacon Breakast
Sandwich",,,,,770,,21,,,,560,,,,,,,,,,,,,,,,,,,,,,,,,,,,,,,,,,,,,,,,1 Sandwich,36,18,0,245,38,1,9,8,13.9,250,200,3.1,,,,,,,,,,,,,,,,,,,,,,,,,,"Maple Sugar Bacon Breakast
Sandwich",,,,,,,,,,,,,,,,,,,,,,,,,,,,,,,,,,,,,,,,,,,
Dunkin' (PDF),"Maple Sugar Bacon Wake-Up
Wrap",,,,,490,,12,,,,260,,,,,,,,,,,,,,,,,,,,,,,,,,,,,,,,,,,,,,,,1 Wrap,16,7,0,110,17,0,3,3,0.6,110,200,1.4,,,,,,,,,,,,,,,,,,,,,,,,,,"Maple Sugar Bacon Wake-Up
Wrap",,,,,,,,,,,,,,,,,,,,,,,,,,,,,,,,,,,,,,,,,,,
Dunkin' (PDF),"Sweet Black Pepper Bacon
Breakfast Sandwich",,,,,770,,21,,,,560,,,,,,,,,,,,,,,,,,,,,,,,,,,,,,,,,,,,,,,,1 Sandwich,36,18,0,245,38,1,9,8,14,256,210,3,,,,,,,,,,,,,,,,,,,,,,,,,,"Sweet Black Pepper Bacon
Breakfast Sandwich",,,,,,,,,,,,,,,,,,,,,,,,,,,,,,,,,,,,,,,,,,,
Dunkin' (PDF),"Sweet Black Pepper Bacon Wake-
Up Wrap",,,,,590,,10,,,,230,,,,,,,,,,,,,,,,,,,,,,,,,,,,,,,,,,,,,,,,1 Wrap,13,5,0,105,17,0,3,3,0.6,120,140,1.4,,,,,,,,,,,,,,,,,,,,,,,,,,"Sweet Black Pepper Bacon Wake-
Up Wrap",,,,,,,,,,,,,,,,,,,,,,,,,,,,,,,,,,,,,,,,,,,
Dunkin' (PDF),"Ultimate Bacon Jam Breakfast
Sandwich",,,,,1100,,25,,,,640,,,,,,,,,,,,,,,,,,,,,,,,,,,,,,,,,,,,,,,,1 Sandwich,40,19,0,260,45,1,15,14,14,323,209,3,,,,,,,,,,,,,,,,,,,,,,,,,,"Ultimate Bacon Jam Breakfast
Sandwich",,,,,,,,,,,,,,,,,,,,,,,,,,,,,,,,,,,,,,,,,,,
Dunkin' (PDF),Maple Sugar Snackin' Bacon,,,,,500,,10,,,,190,,,,,,,,,,,,,,,,,,,,,,,,,,,,,,,,,,,,,,,,8 Pieces,12,4.5,0,35,10,0,9,9,0,160,20,0.5,,,,,,,,,,,,,,,,,,,,,,,,,,,Maple Sugar Snackin' Bacon,,,,,,,,,,,,,,,,,,,,,,,,,,,,,,,,,,,,,,,,,,
Dunkin' (PDF),"Sweet Black Pepper Bacon
Snackin' Bacon",,,,,500,,10,,,,190,,,,,,,,,,,,,,,,,,,,,,,,,,,,,,,,,,,,,,,,8 Pieces,12,4.5,0,35,10,0,9,9,0,171,17,1,,,,,,,,,,,,,,,,,,,,,,,,,,,"Sweet Black Pepper Bacon
Snackin' Bacon",,,,,,,,,,,,,,,,,,,,,,,,,,,,,,,,,,,,,,,,,,
Dunkin' (PDF),Stuffed Bagel Minis - Everything,,,,,400,,8,,,,260,,,,,,,,,,,,,,,,,,,,,,,,,,,,,,,,,,,,,,,,2 Bagel Minis,12,7,0,30,34,3,5,2,0,120,60,2,,,,,,,,,,,,,,,,,,,,,,,,,,,,Stuffed Bagel Minis - Everything,,,,,,,,,,,,,,,,,,,,,,,,,,,,,,,,,,,,,,,,,
Dunkin' (PDF),Stuffed Bagel Minis - Plain,,,,,400,,7,,,,240,,,,,,,,,,,,,,,,,,,,,,,,,,,,,,,,,,,,,,,,2 Bagel Minis,10,6,0,30,32,2,5,2,0,120,45,2,,,,,,,,,,,,,,,,,,,,,,,,,,,,Stuffed Bagel Minis - Plain,,,,,,,,,,,,,,,,,,,,,,,,,,,,,,,,,,,,,,,,,
Dunkin' (PDF),Avocado Spread,,,,,200,,1,,,,80,,,,,,,,,,,,,,,,,,,,,,,,,,,,,,,,,,,,,,,,1 Unit,7,1,0,0,4,3,0,0,0,232,6,0,,,,,,,,,,,,,,,,,,,,,,,,,,,,,Avocado Spread,,,,,,,,,,,,,,,,,,,,,,,,,,,,,,,,,,,,,,,,
Dunkin' (PDF),Avocado Toast,,,,,530,,6,,,,240,,,,,,,,,,,,,,,,,,,,,,,,,,,,,,,,,,,,,,,,1 Piece,11,1.5,0,0,34,6,1,0,0,371,47,2,,,,,,,,,,,,,,,,,,,,,,,,,,,,,Avocado Toast,,,,,,,,,,,,,,,,,,,,,,,,,,,,,,,,,,,,,,,,
Dunkin' (PDF),Bacon Topped Avocado Toast,,,,,740,,10,,,,290,,,,,,,,,,,,,,,,,,,,,,,,,,,,,,,,,,,,,,,,1 Piece,14,3.5,0,15,32,5,2,1,0,378,26,2,,,,,,,,,,,,,,,,,,,,,,,,,,,,,Bacon Topped Avocado Toast,,,,,,,,,,,,,,,,,,,,,,,,,,,,,,,,,,,,,,,,
Dunkin' (PDF),Cinnamon Raisin Bagel,,,,,510,,11,,,,320,,,,,,,,,,,,,,,,,,,,,,,,,,,,,,,,,,,,,,,,1 Bagel,1,0,0,0,67,4,13,6,0,160,38,3,,,,,,,,,,,,,,,,,,,,,,,,,,,,,,Cinnamon Raisin Bagel,,,,,,,,,,,,,,,,,,,,,,,,,,,,,,,,,,,,,,,
Dunkin' (PDF),Everything Bagel,,,,,630,,12,,,,340,,,,,,,,,,,,,,,,,,,,,,,,,,,,,,,,,,,,,,,,1 Bagel,3,0.5,0,0,67,5,8,4,0,182,57,4,,,,,,,,,,,,,,,,,,,,,,,,,,,,,,Everything Bagel,,,,,,,,,,,,,,,,,,,,,,,,,,,,,,,,,,,,,,,
Dunkin' (PDF),Multigrain Bagel,,,,,550,,15,,,,380,,,,,,,,,,,,,,,,,,,,,,,,,,,,,,,,,,,,,,,,1 Bagel,8,1,0,0,63,8,8,7,0,297,52,5,,,,,,,,,,,,,,,,,,,,,,,,,,,,,,Multigrain Bagel,,,,,,,,,,,,,,,,,,,,,,,,,,,,,,,,,,,,,,,
Dunkin' (PDF),Plain Bagel,,,,,620,,11,,,,300,,,,,,,,,,,,,,,,,,,,,,,,,,,,,,,,,,,,,,,,1 Bagel,1,0,0,0,64,4,7,4,0,126,20,4,,,,,,,,,,,,,,,,,,,,,,,,,,,,,,Plain Bagel,,,,,,,,,,,,,,,,,,,,,,,,,,,,,,,,,,,,,,,
Dunkin' (PDF),Sesame Seed Bagel,,,,,630,,12,,,,350,,,,,,,,,,,,,,,,,,,,,,,,,,,,,,,,,,,,,,,,1 Bagel,5,1,0,0,64,5,7,4,0,152,24,4,,,,,,,,,,,,,,,,,,,,,,,,,,,,,,Sesame Seed Bagel,,,,,,,,,,,,,,,,,,,,,,,,,,,,,,,,,,,,,,,
Dunkin' (PDF),White Cheddar Bagel Twist,,,,,760,,16,,,,390,,,,,,,,,,,,,,,,,,,,,,,,,,,,,,,,,,,,,,,,1 Bagel Twist,8,4.5,0,20,64,4,7,4,0,142,171,4,,,,,,,,,,,,,,,,,,,,,,,,,,,,,,White Cheddar Bagel Twist,,,,,,,,,,,,,,,,,,,,,,,,,,,,,,,,,,,,,,,
Dunkin' (PDF),"Caramel Cold Brew with Dunkin'
Cold Foam - Large",,,,,115,,4,,,,350,,,,,,,,,,,,,,,,,,,,,,,,,,,,,,,,,,,,,,,"Caramel Cold Brew with Dunkin'
Cold Foam - Large",Large,4,2.5,0,15,70,0,67,61,0,613,158,0,,,,,,,,,,,,,,,,,,,,,,,,,,,,,,,,,,,,,,,,,,,,,,,,,,,,,,,,,,,,,,,,,,,,,
Dunkin' (PDF),"Caramel Cold Brew with Dunkin'
Cold Foam - Medium",,,,,85,,3,,,,250,,,,,,,,,,,,,,,,,,,,,,,,,,,,,,,,,,,,,,,"Caramel Cold Brew with Dunkin'
Cold Foam - Medium",Medium,3,1.5,0,10,51,0,49,45,0,455,115,0,,,,,,,,,,,,,,,,,,,,,,,,,,,,,,,,,,,,,,,,,,,,,,,,,,,,,,,,,,,,,,,,,,,,,
Dunkin' (PDF),"Caramel Cold Brew with Dunkin'
Cold Foam - Small",,,,,65,,2,,,,200,,,,,,,,,,,,,,,,,,,,,,,,,,,,,,,,,,,,,,,"Caramel Cold Brew with Dunkin'
Cold Foam - Small",Small,2.5,1.5,0,10,38,0,37,33,0,317,86,0,,,,,,,,,,,,,,,,,,,,,,,,,,,,,,,,,,,,,,,,,,,,,,,,,,,,,,,,,,,,,,,,,,,,,
Dunkin' (PDF),Cold Brew Coffee - Large,,,,,20,,1,,,,5,,,,,,,,,,,,,,,,,,,,,,,,,,,,,,,,,,,,,,,Cold Brew Coffee - Large,Large,0,0,0,0,0,0,0,0,0,275,21,0,,,,,,,,,,,,,,,,,,,,,,,,,,,,,,,,,,,,,,,,,,,,,,,,,,,,,,,,,,,,,,,,,,,,,
Dunkin' (PDF),Cold Brew Coffee - Medium,,,,,15,,0,,,,5,,,,,,,,,,,,,,,,,,,,,,,,,,,,,,,,,,,,,,,Cold Brew Coffee - Medium,Medium,0,0,0,0,0,0,0,0,0,206,15,0,,,,,,,,,,,,,,,,,,,,,,,,,,,,,,,,,,,,,,,,,,,,,,,,,,,,,,,,,,,,,,,,,,,,,
Dunkin' (PDF),Cold Brew Coffee - Small,,,,,10,,0,,,,5,,,,,,,,,,,,,,,,,,,,,,,,,,,,,,,,,,,,,,,Cold Brew Coffee - Small,Small,0,0,0,0,0,0,0,0,0,137,11,0,,,,,,,,,,,,,,,,,,,,,,,,,,,,,,,,,,,,,,,,,,,,,,,,,,,,,,,,,,,,,,,,,,,,,
Dunkin' (PDF),"Cold Brew Coffee with Cream -
Large",,,,,65,,2,,,,120,,,,,,,,,,,,,,,,,,,,,,,,,,,,,,,,,,,,,,,"Cold Brew Coffee with Cream -
Large",Large,12,6,0,35,2,0,2,0,1,330,75,0,,,,,,,,,,,,,,,,,,,,,,,,,,,,,,,,,,,,,,,,,,,,,,,,,,,,,,,,,,,,,,,,,,,,,
Dunkin' (PDF),"Cold Brew Coffee with Cream -
Medium",,,,,45,,2,,,,90,,,,,,,,,,,,,,,,,,,,,,,,,,,,,,,,,,,,,,,"Cold Brew Coffee with Cream -
Medium",Medium,9,4.5,0,25,1,0,1,0,0,247,55,0,,,,,,,,,,,,,,,,,,,,,,,,,,,,,,,,,,,,,,,,,,,,,,,,,,,,,,,,,,,,,,,,,,,,,
Dunkin' (PDF),"Cold Brew Coffee with Cream -
Small",,,,,30,,1,,,,60,,,,,,,,,,,,,,,,,,,,,,,,,,,,,,,,,,,,,,,"Cold Brew Coffee with Cream -
Small",Small,6,3,0,20,1,0,1,0,0,165,37,0,,,,,,,,,,,,,,,,,,,,,,,,,,,,,,,,,,,,,,,,,,,,,,,,,,,,,,,,,,,,,,,,,,,,,
Dunkin' (PDF),"Cold Brew Coffee with Cream and
Sugar - Large",,,,,65,,2,,,,260,,,,,,,,,,,,,,,,,,,,,,,,,,,,,,,,,,,,,,,"Cold Brew Coffee with Cream and
Sugar - Large",Large,12,6,0,35,37,0,36,35,1,330,75,0,,,,,,,,,,,,,,,,,,,,,,,,,,,,,,,,,,,,,,,,,,,,,,,,,,,,,,,,,,,,,,,,,,,,,
Dunkin' (PDF),"Cold Brew Coffee with Cream and
Sugar - Medium",,,,,45,,2,,,,190,,,,,,,,,,,,,,,,,,,,,,,,,,,,,,,,,,,,,,,"Cold Brew Coffee with Cream and
Sugar - Medium",Medium,9,4.5,0,25,27,0,27,26,0,247,55,0,,,,,,,,,,,,,,,,,,,,,,,,,,,,,,,,,,,,,,,,,,,,,,,,,,,,,,,,,,,,,,,,,,,,,
Dunkin' (PDF),"Cold Brew Coffee with Cream and
Sugar - Small",,,,,30,,1,,,,130,,,,,,,,,,,,,,,,,,,,,,,,,,,,,,,,,,,,,,,"Cold Brew Coffee with Cream and
Sugar - Small",Small,6,3,0,20,18,0,18,17,0,165,38,0,,,,,,,,,,,,,,,,,,,,,,,,,,,,,,,,,,,,,,,,,,,,,,,,,,,,,,,,,,,,,,,,,,,,,
Dunkin' (PDF),"Cold Brew Coffee with Oatmilk -
Large",,,,,65,,1,,,,50,,,,,,,,,,,,,,,,,,,,,,,,,,,,,,,,,,,,,,,"Cold Brew Coffee with Oatmilk -
Large",Large,1.5,0,0,0,8,1,2,1,2,397,145,0,,,,,,,,,,,,,,,,,,,,,,,,,,,,,,,,,,,,,,,,,,,,,,,,,,,,,,,,,,,,,,,,,,,,,
Dunkin' (PDF),"Cold Brew Coffee with Oatmilk -
Medium",,,,,45,,1,,,,30,,,,,,,,,,,,,,,,,,,,,,,,,,,,,,,,,,,,,,,"Cold Brew Coffee with Oatmilk -
Medium",Medium,1,0,0,0,5,1,1,1,1,289,98,0,,,,,,,,,,,,,,,,,,,,,,,,,,,,,,,,,,,,,,,,,,,,,,,,,,,,,,,,,,,,,,,,,,,,,
Dunkin' (PDF),"Cold Brew Coffee with Oatmilk -
Small",,,,,25,,1,,,,15,,,,,,,,,,,,,,,,,,,,,,,,,,,,,,,,,,,,,,,"Cold Brew Coffee with Oatmilk -
Small",Small,0,0,0,0,3,0,1,0,1,181,52,0,,,,,,,,,,,,,,,,,,,,,,,,,,,,,,,,,,,,,,,,,,,,,,,,,,,,,,,,,,,,,,,,,,,,,
Dunkin' (PDF),"Cold Brew with Dunkin' Cold
Foam and Cream - Large",,,,,85,,4,,,,240,,,,,,,,,,,,,,,,,,,,,,,,,,,,,,,,,,,,,,,"Cold Brew with Dunkin' Cold
Foam and Cream - Large",Large,16,9,0,50,20,0,19,16,1,356,134,0,,,,,,,,,,,,,,,,,,,,,,,,,,,,,,,,,,,,,,,,,,,,,,,,,,,,,,,,,,,,,,,,,,,,,
Dunkin' (PDF),"Cold Brew with Dunkin' Cold
Foam and Cream - Medium",,,,,60,,3,,,,170,,,,,,,,,,,,,,,,,,,,,,,,,,,,,,,,,,,,,,,"Cold Brew with Dunkin' Cold
Foam and Cream - Medium",Medium,12,7,0,40,14,0,14,11,1,263,97,0,,,,,,,,,,,,,,,,,,,,,,,,,,,,,,,,,,,,,,,,,,,,,,,,,,,,,,,,,,,,,,,,,,,,,
Dunkin' (PDF),"Cold Brew with Dunkin' Cold
Foam and Cream - Small",,,,,50,,2,,,,140,,,,,,,,,,,,,,,,,,,,,,,,,,,,,,,,,,,,,,,"Cold Brew with Dunkin' Cold
Foam and Cream - Small",Small,9,5,0,30,13,0,13,11,0,196,80,0,,,,,,,,,,,,,,,,,,,,,,,,,,,,,,,,,,,,,,,,,,,,,,,,,,,,,,,,,,,,,,,,,,,,,
Dunkin' (PDF),"Cold Brew with Dunkin' Cold
Foam, Black - Large",,,,,45,,2,,,,130,,,,,,,,,,,,,,,,,,,,,,,,,,,,,,,,,,,,,,,"Cold Brew with Dunkin' Cold
Foam, Black - Large",Large,5,3,0,15,18,0,18,16,0,301,80,0,,,,,,,,,,,,,,,,,,,,,,,,,,,,,,,,,,,,,,,,,,,,,,,,,,,,,,,,,,,,,,,,,,,,,
Dunkin' (PDF),"Cold Brew with Dunkin' Cold
Foam, Black - Medium",,,,,30,,2,,,,90,,,,,,,,,,,,,,,,,,,,,,,,,,,,,,,,,,,,,,,"Cold Brew with Dunkin' Cold
Foam, Black - Medium",Medium,3.5,2,0,10,13,0,12,11,0,221,56,0,,,,,,,,,,,,,,,,,,,,,,,,,,,,,,,,,,,,,,,,,,,,,,,,,,,,,,,,,,,,,,,,,,,,,
Dunkin' (PDF),"Cold Brew with Dunkin' Cold
Foam, Black - Small",,,,,25,,2,,,,90,,,,,,,,,,,,,,,,,,,,,,,,,,,,,,,,,,,,,,,"Cold Brew with Dunkin' Cold
Foam, Black - Small",Small,3.5,2,0,10,13,0,12,11,0,169,53,0,,,,,,,,,,,,,,,,,,,,,,,,,,,,,,,,,,,,,,,,,,,,,,,,,,,,,,,,,,,,,,,,,,,,,
Dunkin' (PDF),Nitro Cold Brew Coffee - Small,,,,,5,,0,,,,5,,,,,,,,,,,,,,,,,,,,,,,,,,,,,,,,,,,,,,,Nitro Cold Brew Coffee - Small,Small,0,0,0,0,0,0,0,0,0,148,6,0,,,,,,,,,,,,,,,,,,,,,,,,,,,,,,,,,,,,,,,,,,,,,,,,,,,,,,,,,,,,,,,,,,,,,
Dunkin' (PDF),"Nitro Cold Brew with Dunkin'
Cold Foam - Small",,,,,25,,2,,,,90,,,,,,,,,,,,,,,,,,,,,,,,,,,,,,,,,,,,,,,"Nitro Cold Brew with Dunkin'
Cold Foam - Small",Small,3.5,2,0,10,13,0,12,11,0,246,51,0,,,,,,,,,,,,,,,,,,,,,,,,,,,,,,,,,,,,,,,,,,,,,,,,,,,,,,,,,,,,,,,,,,,,,
Dunkin' (PDF),The Caramel Cold Foam - Large,,,,,115,,4,,,,340,,,,,,,,,,,,,,,,,,,,,,,,,,,,,,,,,,,,,,,The Caramel Cold Foam - Large,Large,4,2.5,0,15,70,0,68,61,0,613,159,0,,,,,,,,,,,,,,,,,,,,,,,,,,,,,,,,,,,,,,,,,,,,,,,,,,,,,,,,,,,,,,,,,,,,,
Dunkin' (PDF),The Caramel Cold Foam - Medium,,,,,85,,3,,,,250,,,,,,,,,,,,,,,,,,,,,,,,,,,,,,,,,,,,,,,The Caramel Cold Foam - Medium,Medium,3,1.5,0,10,52,0,50,45,0,455,116,0,,,,,,,,,,,,,,,,,,,,,,,,,,,,,,,,,,,,,,,,,,,,,,,,,,,,,,,,,,,,,,,,,,,,,
Dunkin' (PDF),The Caramel Cold Foam - Small,,,,,65,,2,,,,190,,,,,,,,,,,,,,,,,,,,,,,,,,,,,,,,,,,,,,,The Caramel Cold Foam - Small,Small,2.5,1.5,0,10,39,0,37,34,0,317,87,0,,,,,,,,,,,,,,,,,,,,,,,,,,,,,,,,,,,,,,,,,,,,,,,,,,,,,,,,,,,,,,,,,,,,,
Dunkin' (PDF),Vanilla Cream Cold Brew - Large,,,,,65,,2,,,,130,,,,,,,,,,,,,,,,,,,,,,,,,,,,,,,,,,,,,,,Vanilla Cream Cold Brew - Large,Large,12,6,0,35,2,0,2,0,1,348,75,0,,,,,,,,,,,,,,,,,,,,,,,,,,,,,,,,,,,,,,,,,,,,,,,,,,,,,,,,,,,,,,,,,,,,,
Dunkin' (PDF),"Vanilla Cream Cold Brew -
Medium",,,,,45,,2,,,,100,,,,,,,,,,,,,,,,,,,,,,,,,,,,,,,,,,,,,,,"Vanilla Cream Cold Brew -
Medium",Medium,9,4.5,0,25,2,0,1,0,0,260,56,0,,,,,,,,,,,,,,,,,,,,,,,,,,,,,,,,,,,,,,,,,,,,,,,,,,,,,,,,,,,,,,,,,,,,,
Dunkin' (PDF),Vanilla Cream Cold Brew - Small,,,,,30,,1,,,,60,,,,,,,,,,,,,,,,,,,,,,,,,,,,,,,,,,,,,,,Vanilla Cream Cold Brew - Small,Small,6,3,0,20,1,0,1,0,0,174,38,0,,,,,,,,,,,,,,,,,,,,,,,,,,,,,,,,,,,,,,,,,,,,,,,,,,,,,,,,,,,,,,,,,,,,,
Dunkin' (PDF),Butter Packet,,,,,30,,0,,,,35,,,,,,,,,,,,,,,,,,,,,,,,,,,,,,,,,,,,,,,,1 Packet,4,2.5,0,10,0,0,0,0,0,1,1,0,,,,,,,,,,,,,,,,,,,,,,,,,,,,,,,Butter Packet,,,,,,,,,,,,,,,,,,,,,,,,,,,,,,,,,,,,,,
Dunkin' (PDF),Butter Spread with Canola Oil,,,,,85,,0,,,,100,,,,,,,,,,,,,,,,,,,,,,,,,,,,,,,,,,,,,,,,1 Portion,11,4,0,15,0,0,0,0,0,3,3,0,,,,,,,,,,,,,,,,,,,,,,,,,,,,,,,Butter Spread with Canola Oil,,,,,,,,,,,,,,,,,,,,,,,,,,,,,,,,,,,,,,
Dunkin' (PDF),Blue Raspberry Coolatta® - Large,,,,,60,,0,,,,460,,,,,,,,,,,,,,,,,,,,,,,,,,,,,,,,,,,,,,,,Large,0,0,0,0,112,0,110,110,0,9,24,0,,,,,,,,,,,,,,,,,,,,,,,,,,,,,,,,Blue Raspberry Coolatta® - Large,,,,,,,,,,,,,,,,,,,,,,,,,,,,,,,,,,,,,
Dunkin' (PDF),"Blue Raspberry Coolatta® -
Medium",,,,,45,,0,,,,350,,,,,,,,,,,,,,,,,,,,,,,,,,,,,,,,,,,,,,,,Medium,0,0,0,0,84,0,83,83,0,7,18,0,,,,,,,,,,,,,,,,,,,,,,,,,,,,,,,,"Blue Raspberry Coolatta® -
Medium",,,,,,,,,,,,,,,,,,,,,,,,,,,,,,,,,,,,,
Dunkin' (PDF),Blue Raspberry Coolatta® - Small,,,,,30,,0,,,,230,,,,,,,,,,,,,,,,,,,,,,,,,,,,,,,,,,,,,,,,Small,0,0,0,0,56,0,55,55,0,4,10,0,,,,,,,,,,,,,,,,,,,,,,,,,,,,,,,,Blue Raspberry Coolatta® - Small,,,,,,,,,,,,,,,,,,,,,,,,,,,,,,,,,,,,,
Dunkin' (PDF),Strawberry Coolatta® - Large,,,,,25,,0,,,,470,,,,,,,,,,,,,,,,,,,,,,,,,,,,,,,,,,,,,,,,Large,0,0,0,0,115,1,110,106,0,124,32,0,,,,,,,,,,,,,,,,,,,,,,,,,,,,,,,,Strawberry Coolatta® - Large,,,,,,,,,,,,,,,,,,,,,,,,,,,,,,,,,,,,,
Dunkin' (PDF),Strawberry Coolatta® - Medium,,,,,15,,0,,,,350,,,,,,,,,,,,,,,,,,,,,,,,,,,,,,,,,,,,,,,,Medium,0,0,0,0,86,1,83,80,0,93,24,0,,,,,,,,,,,,,,,,,,,,,,,,,,,,,,,,Strawberry Coolatta® - Medium,,,,,,,,,,,,,,,,,,,,,,,,,,,,,,,,,,,,,
Dunkin' (PDF),Strawberry Coolatta® - Small,,,,,10,,0,,,,240,,,,,,,,,,,,,,,,,,,,,,,,,,,,,,,,,,,,,,,,Small,0,0,0,0,57,1,55,53,0,62,16,0,,,,,,,,,,,,,,,,,,,,,,,,,,,,,,,,Strawberry Coolatta® - Small,,,,,,,,,,,,,,,,,,,,,,,,,,,,,,,,,,,,,
Dunkin' (PDF),Vanilla Bean Coolatta® - Large,,,,,320,,10,,,,790,,,,,,,,,,,,,,,,,,,,,,,,,,,,,,,,,,,,,,,,Large,6,3.5,0,20,172,0,167,150,2,456,379,0,,,,,,,,,,,,,,,,,,,,,,,,,,,,,,,,Vanilla Bean Coolatta® - Large,,,,,,,,,,,,,,,,,,,,,,,,,,,,,,,,,,,,,
Dunkin' (PDF),Vanilla Bean Coolatta® - Medium,,,,,240,,7,,,,590,,,,,,,,,,,,,,,,,,,,,,,,,,,,,,,,,,,,,,,,Medium,4.5,2.5,0,15,129,0,125,113,2,342,284,0,,,,,,,,,,,,,,,,,,,,,,,,,,,,,,,,Vanilla Bean Coolatta® - Medium,,,,,,,,,,,,,,,,,,,,,,,,,,,,,,,,,,,,,
Dunkin' (PDF),Vanilla Bean Coolatta® - Small,,,,,160,,5,,,,390,,,,,,,,,,,,,,,,,,,,,,,,,,,,,,,,,,,,,,,,Small,3,1.5,0,10,86,0,83,75,1,228,190,0,,,,,,,,,,,,,,,,,,,,,,,,,,,,,,,,Vanilla Bean Coolatta® - Small,,,,,,,,,,,,,,,,,,,,,,,,,,,,,,,,,,,,,
Dunkin' (PDF),Classic Plain Cream Cheese Spread,,,,,200,,2,,,,120,,,,,,,,,,,,,,,,,,,,,,,,,,,,,,,,,,,,,,,,1 Unit,12,8,0,40,3,0,3,0,0,0,36,0,,,,,,,,,,,,,,,,,,,,,,,,,,,,,,,,,Classic Plain Cream Cheese Spread,,,,,,,,,,,,,,,,,,,,,,,,,,,,,,,,,,,,
Dunkin' (PDF),"Garden Veggie Cream Cheese
Spread",,,,,200,,2,,,,100,,,,,,,,,,,,,,,,,,,,,,,,,,,,,,,,,,,,,,,,1 Unit,10,6,0,35,2,0,1,0,0,0,33,0,,,,,,,,,,,,,,,,,,,,,,,,,,,,,,,,,"Garden Veggie Cream Cheese
Spread",,,,,,,,,,,,,,,,,,,,,,,,,,,,,,,,,,,,
Dunkin' (PDF),Strawberry Cream Cheese Spread,,,,,100,,2,,,,130,,,,,,,,,,,,,,,,,,,,,,,,,,,,,,,,,,,,,,,,1 Unit,10,6,0,30,9,0,8,7,0,0,32,0,,,,,,,,,,,,,,,,,,,,,,,,,,,,,,,,,Strawberry Cream Cheese Spread,,,,,,,,,,,,,,,,,,,,,,,,,,,,,,,,,,,,
Dunkin' (PDF),Apple 'n Spice Donut,,,,,300,,4,,,,230,,,,,,,,,,,,,,,,,,,,,,,,,,,,,,,,,,,,,,,,1 Donut,10,4,0,0,31,1,10,10,1,67,14,2,,Apple 'n Spice Donut,,,,,,,,,,,,,,,,,,,,,,,,,,,,,,,,,,,,,,,,,,,,,,,,,,,,,,,,,,,,,,,,,,,
Dunkin' (PDF),Apple Crumb Donut,,,,,310,,5,,,,290,,,,,,,,,,,,,,,,,,,,,,,,,,,,,,,,,,,,,,,,1 Donut,11,4.5,0,0,44,1,21,21,1,73,12,2,,Apple Crumb Donut,,,,,,,,,,,,,,,,,,,,,,,,,,,,,,,,,,,,,,,,,,,,,,,,,,,,,,,,,,,,,,,,,,,
Dunkin' (PDF),Apple Fritter,,,,,410,,6,,,,470,,,,,,,,,,,,,,,,,,,,,,,,,,,,,,,,,,,,,,,,1 Fritter,28,12,0,0,47,2,17,15,0,96,25,1,,Apple Fritter,,,,,,,,,,,,,,,,,,,,,,,,,,,,,,,,,,,,,,,,,,,,,,,,,,,,,,,,,,,,,,,,,,,
Dunkin' (PDF),Apple Stick,,,,,440,,4,,,,470,,,,,,,,,,,,,,,,,,,,,,,,,,,,,,,,,,,,,,,,1 Stick,30,15,0,30,50,1,24,23,0,78,30,2,,Apple Stick,,,,,,,,,,,,,,,,,,,,,,,,,,,,,,,,,,,,,,,,,,,,,,,,,,,,,,,,,,,,,,,,,,,
Dunkin' (PDF),Bavarian Kreme Donut,,,,,310,,4,,,,240,,,,,,,,,,,,,,,,,,,,,,,,,,,,,,,,,,,,,,,,1 Donut,11,4,0,0,31,1,11,11,1,59,12,2,,Bavarian Kreme Donut,,,,,,,,,,,,,,,,,,,,,,,,,,,,,,,,,,,,,,,,,,,,,,,,,,,,,,,,,,,,,,,,,,,
Dunkin' (PDF),Bismark,,,,,470,,6,,,,480,,,,,,,,,,,,,,,,,,,,,,,,,,,,,,,,,,,,,,,,1 Bismark,22,9,0,0,63,1,34,34,2,87,19,3,,Bismark,,,,,,,,,,,,,,,,,,,,,,,,,,,,,,,,,,,,,,,,,,,,,,,,,,,,,,,,,,,,,,,,,,,
Dunkin' (PDF),Boston Kreme Donut,,,,,320,,5,,,,270,,,,,,,,,,,,,,,,,,,,,,,,,,,,,,,,,,,,,,,,1 Donut,11,4.5,0,0,39,1,18,17,1,81,33,2,,Boston Kreme Donut,,,,,,,,,,,,,,,,,,,,,,,,,,,,,,,,,,,,,,,,,,,,,,,,,,,,,,,,,,,,,,,,,,,
Dunkin' (PDF),Butternut Donut,,,,,320,,4,,,,430,,,,,,,,,,,,,,,,,,,,,,,,,,,,,,,,,,,,,,,,1 Donut,21,10,0,20,57,1,34,33,0,79,25,2,,Butternut Donut,,,,,,,,,,,,,,,,,,,,,,,,,,,,,,,,,,,,,,,,,,,,,,,,,,,,,,,,,,,,,,,,,,,
Dunkin' (PDF),Chocolate Butternut Donut,,,,,420,,4,,,,450,,,,,,,,,,,,,,,,,,,,,,,,,,,,,,,,,,,,,,,,1 Donut,24,11,0,0,57,1,35,34,0,70,26,1,,Chocolate Butternut Donut,,,,,,,,,,,,,,,,,,,,,,,,,,,,,,,,,,,,,,,,,,,,,,,,,,,,,,,,,,,,,,,,,,,
Dunkin' (PDF),Chocolate Crème Donut,,,,,300,,5,,,,290,,,,,,,,,,,,,,,,,,,,,,,,,,,,,,,,,,,,,,,,1 Donut,14,6,0,0,36,1,14,14,1,101,14,2,,Chocolate Crème Donut,,,,,,,,,,,,,,,,,,,,,,,,,,,,,,,,,,,,,,,,,,,,,,,,,,,,,,,,,,,,,,,,,,,
Dunkin' (PDF),Chocolate Dipped French Cruller,,,,,150,,3,,,,280,,,,,,,,,,,,,,,,,,,,,,,,,,,,,,,,,,,,,,,,1 Donut,15,7,0,50,33,0,20,20,0,37,13,0,,Chocolate Dipped French Cruller,,,,,,,,,,,,,,,,,,,,,,,,,,,,,,,,,,,,,,,,,,,,,,,,,,,,,,,,,,,,,,,,,,,
Dunkin' (PDF),Chocolate Frosted Cake Donut,,,,,340,,4,,,,360,,,,,,,,,,,,,,,,,,,,,,,,,,,,,,,,,,,,,,,,1 Donut,20,9,0,20,41,1,21,20,0,85,25,2,,Chocolate Frosted Cake Donut,,,,,,,,,,,,,,,,,,,,,,,,,,,,,,,,,,,,,,,,,,,,,,,,,,,,,,,,,,,,,,,,,,,
Dunkin' (PDF),Chocolate Frosted Donut,,,,,290,,4,,,,260,,,,,,,,,,,,,,,,,,,,,,,,,,,,,,,,,,,,,,,,1 Donut,11,4.5,0,0,34,1,13,13,0,75,13,2,,Chocolate Frosted Donut,,,,,,,,,,,,,,,,,,,,,,,,,,,,,,,,,,,,,,,,,,,,,,,,,,,,,,,,,,,,,,,,,,,
Dunkin' (PDF),"Chocolate Frosted with Sprinkles
Donut",,,,,290,,4,,,,270,,,,,,,,,,,,,,,,,,,,,,,,,,,,,,,,,,,,,,,,1 Donut,12,5,0,0,36,1,15,14,0,75,13,2,,"Chocolate Frosted with Sprinkles
Donut",,,,,,,,,,,,,,,,,,,,,,,,,,,,,,,,,,,,,,,,,,,,,,,,,,,,,,,,,,,,,,,,,,,
Dunkin' (PDF),Chocolate Headlight Donut,,,,,310,,5,,,,310,,,,,,,,,,,,,,,,,,,,,,,,,,,,,,,,,,,,,,,,1 Donut,14,6,0,0,41,1,19,18,0,105,15,2,,Chocolate Headlight Donut,,,,,,,,,,,,,,,,,,,,,,,,,,,,,,,,,,,,,,,,,,,,,,,,,,,,,,,,,,,,,,,,,,,
Dunkin' (PDF),Chocolate Long John,,,,,400,,6,,,,320,,,,,,,,,,,,,,,,,,,,,,,,,,,,,,,,,,,,,,,,1 Long John,15,6,0,0,41,1,16,16,2,101,17,3,,Chocolate Long John,,,,,,,,,,,,,,,,,,,,,,,,,,,,,,,,,,,,,,,,,,,,,,,,,,,,,,,,,,,,,,,,,,,
Dunkin' (PDF),Cinnamon Donut,,,,,320,,4,,,,330,,,,,,,,,,,,,,,,,,,,,,,,,,,,,,,,,,,,,,,,1 Donut,20,9,0,20,34,1,13,13,0,66,27,2,,Cinnamon Donut,,,,,,,,,,,,,,,,,,,,,,,,,,,,,,,,,,,,,,,,,,,,,,,,,,,,,,,,,,,,,,,,,,,
Dunkin' (PDF),Cinnamon Stick,,,,,380,,4,,,,430,,,,,,,,,,,,,,,,,,,,,,,,,,,,,,,,,,,,,,,,1 Stick,30,15,0,30,39,1,16,15,0,63,29,2,,Cinnamon Stick,,,,,,,,,,,,,,,,,,,,,,,,,,,,,,,,,,,,,,,,,,,,,,,,,,,,,,,,,,,,,,,,,,,
Dunkin' (PDF),Coconut Donut,,,,,320,,4,,,,410,,,,,,,,,,,,,,,,,,,,,,,,,,,,,,,,,,,,,,,,1 Donut,21,11,0,20,50,1,28,27,0,89,25,2,,Coconut Donut,,,,,,,,,,,,,,,,,,,,,,,,,,,,,,,,,,,,,,,,,,,,,,,,,,,,,,,,,,,,,,,,,,,
Dunkin' (PDF),Coffee Roll,,,,,440,,7,,,,390,,,,,,,,,,,,,,,,,,,,,,,,,,,,,,,,,,,,,,,,1 Coffee Roll,19,8,0,0,48,2,17,16,0,92,27,3,,Coffee Roll,,,,,,,,,,,,,,,,,,,,,,,,,,,,,,,,,,,,,,,,,,,,,,,,,,,,,,,,,,,,,,,,,,,
Dunkin' (PDF),Double Chocolate Donut,,,,,430,,4,,,,380,,,,,,,,,,,,,,,,,,,,,,,,,,,,,,,,,,,,,,,,1 Donut,23,11,0,0,41,1,22,21,0,75,26,1,,Double Chocolate Donut,,,,,,,,,,,,,,,,,,,,,,,,,,,,,,,,,,,,,,,,,,,,,,,,,,,,,,,,,,,,,,,,,,,
Dunkin' (PDF),French Cruller,,,,,135,,3,,,,230,,,,,,,,,,,,,,,,,,,,,,,,,,,,,,,,,,,,,,,,1 Donut,14,7,0,50,21,0,10,10,0,17,12,0,,French Cruller,,,,,,,,,,,,,,,,,,,,,,,,,,,,,,,,,,,,,,,,,,,,,,,,,,,,,,,,,,,,,,,,,,,
Dunkin' (PDF),Frosted Vanilla Crème Donut,,,,,310,,5,,,,330,,,,,,,,,,,,,,,,,,,,,,,,,,,,,,,,,,,,,,,,1 Donut,16,6,0,0,44,1,24,24,1,81,13,2,,Frosted Vanilla Crème Donut,,,,,,,,,,,,,,,,,,,,,,,,,,,,,,,,,,,,,,,,,,,,,,,,,,,,,,,,,,,,,,,,,,,
Dunkin' (PDF),Glazed Blueberry Donut,,,,,380,,4,,,,350,,,,,,,,,,,,,,,,,,,,,,,,,,,,,,,,,,,,,,,,1 Donut,18,7,0,30,44,1,21,21,0,68,20,1,,Glazed Blueberry Donut,,,,,,,,,,,,,,,,,,,,,,,,,,,,,,,,,,,,,,,,,,,,,,,,,,,,,,,,,,,,,,,,,,,
Dunkin' (PDF),Glazed Chocolate Donut,,,,,420,,4,,,,370,,,,,,,,,,,,,,,,,,,,,,,,,,,,,,,,,,,,,,,,1 Donut,23,10,0,0,41,1,21,20,0,57,25,1,,Glazed Chocolate Donut,,,,,,,,,,,,,,,,,,,,,,,,,,,,,,,,,,,,,,,,,,,,,,,,,,,,,,,,,,,,,,,,,,,
Dunkin' (PDF),Glazed Chocolate Stick,,,,,480,,4,,,,410,,,,,,,,,,,,,,,,,,,,,,,,,,,,,,,,,,,,,,,,1 Stick,25,10,0,0,42,2,20,19,0,126,31,2,,Glazed Chocolate Stick,,,,,,,,,,,,,,,,,,,,,,,,,,,,,,,,,,,,,,,,,,,,,,,,,,,,,,,,,,,,,,,,,,,
Dunkin' (PDF),Glazed Donut,,,,,270,,4,,,,240,,,,,,,,,,,,,,,,,,,,,,,,,,,,,,,,,,,,,,,,1 Donut,11,4.5,0,0,33,1,13,12,0,56,12,2,,Glazed Donut,,,,,,,,,,,,,,,,,,,,,,,,,,,,,,,,,,,,,,,,,,,,,,,,,,,,,,,,,,,,,,,,,,,
Dunkin' (PDF),Glazed Jelly Donut,,,,,290,,4,,,,280,,,,,,,,,,,,,,,,,,,,,,,,,,,,,,,,,,,,,,,,1 Donut,10,4,0,0,44,1,21,20,1,60,12,2,,Glazed Jelly Donut,,,,,,,,,,,,,,,,,,,,,,,,,,,,,,,,,,,,,,,,,,,,,,,,,,,,,,,,,,,,,,,,,,,
Dunkin' (PDF),Glazed Jelly Stick,,,,,430,,4,,,,540,,,,,,,,,,,,,,,,,,,,,,,,,,,,,,,,,,,,,,,,1 Stick,30,15,0,30,66,1,37,36,0,67,29,2,,Glazed Jelly Stick,,,,,,,,,,,,,,,,,,,,,,,,,,,,,,,,,,,,,,,,,,,,,,,,,,,,,,,,,,,,,,,,,,,
Dunkin' (PDF),Glazed Stick,,,,,380,,4,,,,470,,,,,,,,,,,,,,,,,,,,,,,,,,,,,,,,,,,,,,,,1 Stick,30,15,0,30,48,1,24,23,0,64,27,2,,Glazed Stick,,,,,,,,,,,,,,,,,,,,,,,,,,,,,,,,,,,,,,,,,,,,,,,,,,,,,,,,,,,,,,,,,,,
Dunkin' (PDF),Glazed Strawberry Donut,,,,,280,,4,,,,280,,,,,,,,,,,,,,,,,,,,,,,,,,,,,,,,,,,,,,,,1 Donut,10,4,0,0,44,1,23,23,1,67,12,2,,Glazed Strawberry Donut,,,,,,,,,,,,,,,,,,,,,,,,,,,,,,,,,,,,,,,,,,,,,,,,,,,,,,,,,,,,,,,,,,,
Dunkin' (PDF),Jelly Donut,,,,,290,,4,,,,250,,,,,,,,,,,,,,,,,,,,,,,,,,,,,,,,,,,,,,,,1 Donut,10,4,0,0,36,1,13,13,1,58,13,2,,Jelly Donut,,,,,,,,,,,,,,,,,,,,,,,,,,,,,,,,,,,,,,,,,,,,,,,,,,,,,,,,,,,,,,,,,,,
Dunkin' (PDF),Jelly Stick,,,,,420,,4,,,,500,,,,,,,,,,,,,,,,,,,,,,,,,,,,,,,,,,,,,,,,1 Stick,30,15,0,30,57,1,29,28,0,65,29,2,,Jelly Stick,,,,,,,,,,,,,,,,,,,,,,,,,,,,,,,,,,,,,,,,,,,,,,,,,,,,,,,,,,,,,,,,,,,
Dunkin' (PDF),Lemon Donut,,,,,310,,4,,,,230,,,,,,,,,,,,,,,,,,,,,,,,,,,,,,,,,,,,,,,,1 Donut,10,4,0,0,31,1,10,10,1,59,12,2,,Lemon Donut,,,,,,,,,,,,,,,,,,,,,,,,,,,,,,,,,,,,,,,,,,,,,,,,,,,,,,,,,,,,,,,,,,,
Dunkin' (PDF),Lemon Stick,,,,,460,,4,,,,480,,,,,,,,,,,,,,,,,,,,,,,,,,,,,,,,,,,,,,,,1 Stick,30,15,0,30,50,1,24,23,0,67,28,2,,Lemon Stick,,,,,,,,,,,,,,,,,,,,,,,,,,,,,,,,,,,,,,,,,,,,,,,,,,,,,,,,,,,,,,,,,,,
Dunkin' (PDF),Maple Crème Donut,,,,,290,,4,,,,290,,,,,,,,,,,,,,,,,,,,,,,,,,,,,,,,,,,,,,,,1 Donut,14,5,0,0,38,1,18,18,1,61,12,2,,Maple Crème Donut,,,,,,,,,,,,,,,,,,,,,,,,,,,,,,,,,,,,,,,,,,,,,,,,,,,,,,,,,,,,,,,,,,,
Dunkin' (PDF),Maple Crème Stick,,,,,440,,5,,,,460,,,,,,,,,,,,,,,,,,,,,,,,,,,,,,,,,,,,,,,,1 Stick,22,9,0,0,59,1,34,34,2,89,17,2,,Maple Crème Stick,,,,,,,,,,,,,,,,,,,,,,,,,,,,,,,,,,,,,,,,,,,,,,,,,,,,,,,,,,,,,,,,,,,
Dunkin' (PDF),Maple Frosted Donut,,,,,280,,4,,,,260,,,,,,,,,,,,,,,,,,,,,,,,,,,,,,,,,,,,,,,,1 Donut,11,4.5,0,0,35,1,14,14,0,59,12,2,,Maple Frosted Donut,,,,,,,,,,,,,,,,,,,,,,,,,,,,,,,,,,,,,,,,,,,,,,,,,,,,,,,,,,,,,,,,,,,
Dunkin' (PDF),Maple Vanilla Crème Donut,,,,,300,,4,,,,330,,,,,,,,,,,,,,,,,,,,,,,,,,,,,,,,,,,,,,,,1 Donut,15,6,0,0,45,1,25,25,1,65,12,2,,Maple Vanilla Crème Donut,,,,,,,,,,,,,,,,,,,,,,,,,,,,,,,,,,,,,,,,,,,,,,,,,,,,,,,,,,,,,,,,,,,
Dunkin' (PDF),Old Fashioned Donut,,,,,320,,4,,,,310,,,,,,,,,,,,,,,,,,,,,,,,,,,,,,,,,,,,,,,,1 Donut,19,9,0,20,30,1,10,9,0,64,24,2,,Old Fashioned Donut,,,,,,,,,,,,,,,,,,,,,,,,,,,,,,,,,,,,,,,,,,,,,,,,,,,,,,,,,,,,,,,,,,,
Dunkin' (PDF),Peanut Donut,,,,,320,,8,,,,470,,,,,,,,,,,,,,,,,,,,,,,,,,,,,,,,,,,,,,,,1 Donut,27,10,0,20,50,2,26,25,0,162,33,2,,Peanut Donut,,,,,,,,,,,,,,,,,,,,,,,,,,,,,,,,,,,,,,,,,,,,,,,,,,,,,,,,,,,,,,,,,,,
Dunkin' (PDF),Plain Stick,,,,,380,,4,,,,420,,,,,,,,,,,,,,,,,,,,,,,,,,,,,,,,,,,,,,,,1 Stick,30,15,0,30,36,1,13,12,0,62,27,2,,Plain Stick,,,,,,,,,,,,,,,,,,,,,,,,,,,,,,,,,,,,,,,,,,,,,,,,,,,,,,,,,,,,,,,,,,,
Dunkin' (PDF),Powdered Donut,,,,,320,,4,,,,330,,,,,,,,,,,,,,,,,,,,,,,,,,,,,,,,,,,,,,,,1 Donut,20,9,0,20,34,1,14,13,0,64,24,2,,Powdered Donut,,,,,,,,,,,,,,,,,,,,,,,,,,,,,,,,,,,,,,,,,,,,,,,,,,,,,,,,,,,,,,,,,,,
Dunkin' (PDF),Powdered Stick,,,,,380,,4,,,,440,,,,,,,,,,,,,,,,,,,,,,,,,,,,,,,,,,,,,,,,1 Stick,30,15,0,30,42,1,18,17,0,62,27,2,,Powdered Stick,,,,,,,,,,,,,,,,,,,,,,,,,,,,,,,,,,,,,,,,,,,,,,,,,,,,,,,,,,,,,,,,,,,
Dunkin' (PDF),Sour Cream Donut,,,,,360,,4,,,,360,,,,,,,,,,,,,,,,,,,,,,,,,,,,,,,,,,,,,,,,1 Donut,17,7,0,10,49,1,25,25,0,16,15,1,,Sour Cream Donut,,,,,,,,,,,,,,,,,,,,,,,,,,,,,,,,,,,,,,,,,,,,,,,,,,,,,,,,,,,,,,,,,,,
Dunkin' (PDF),Strawberry Frosted Donut,,,,,280,,4,,,,260,,,,,,,,,,,,,,,,,,,,,,,,,,,,,,,,,,,,,,,,1 Donut,11,4.5,0,0,35,1,14,14,0,59,12,2,,Strawberry Frosted Donut,,,,,,,,,,,,,,,,,,,,,,,,,,,,,,,,,,,,,,,,,,,,,,,,,,,,,,,,,,,,,,,,,,,
Dunkin' (PDF),"Strawberry Frosted with Sprinkles
Donut",,,,,280,,4,,,,270,,,,,,,,,,,,,,,,,,,,,,,,,,,,,,,,,,,,,,,,1 Donut,12,5,0,0,37,1,16,15,0,59,12,2,,"Strawberry Frosted with Sprinkles
Donut",,,,,,,,,,,,,,,,,,,,,,,,,,,,,,,,,,,,,,,,,,,,,,,,,,,,,,,,,,,,,,,,,,,
Dunkin' (PDF),Sugared Donut,,,,,270,,4,,,,210,,,,,,,,,,,,,,,,,,,,,,,,,,,,,,,,,,,,,,,,1 Donut,11,4.5,0,0,24,1,5,4,0,55,12,2,,Sugared Donut,,,,,,,,,,,,,,,,,,,,,,,,,,,,,,,,,,,,,,,,,,,,,,,,,,,,,,,,,,,,,,,,,,,
Dunkin' (PDF),Sugared Stick,,,,,380,,4,,,,430,,,,,,,,,,,,,,,,,,,,,,,,,,,,,,,,,,,,,,,,1 Stick,30,15,0,30,39,1,16,15,0,62,27,2,,Sugared Stick,,,,,,,,,,,,,,,,,,,,,,,,,,,,,,,,,,,,,,,,,,,,,,,,,,,,,,,,,,,,,,,,,,,
Dunkin' (PDF),Taillight Donut,,,,,310,,4,,,,320,,,,,,,,,,,,,,,,,,,,,,,,,,,,,,,,,,,,,,,,1 Donut,15,6,0,0,41,1,21,20,0,78,13,2,,Taillight Donut,,,,,,,,,,,,,,,,,,,,,,,,,,,,,,,,,,,,,,,,,,,,,,,,,,,,,,,,,,,,,,,,,,,
Dunkin' (PDF),Toasted Coconut Donut,,,,,360,,5,,,,430,,,,,,,,,,,,,,,,,,,,,,,,,,,,,,,,,,,,,,,,1 Donut,22,11,0,20,52,3,29,28,1,97,27,2,,Toasted Coconut Donut,,,,,,,,,,,,,,,,,,,,,,,,,,,,,,,,,,,,,,,,,,,,,,,,,,,,,,,,,,,,,,,,,,,
Dunkin' (PDF),Vanilla Crème Donut,,,,,290,,4,,,,300,,,,,,,,,,,,,,,,,,,,,,,,,,,,,,,,,,,,,,,,1 Donut,15,6,0,0,37,1,18,17,1,61,12,2,,Vanilla Crème Donut,,,,,,,,,,,,,,,,,,,,,,,,,,,,,,,,,,,,,,,,,,,,,,,,,,,,,,,,,,,,,,,,,,,
Dunkin' (PDF),Vanilla Frosted Donut,,,,,280,,4,,,,260,,,,,,,,,,,,,,,,,,,,,,,,,,,,,,,,,,,,,,,,1 Donut,11,4.5,0,0,34,1,14,13,0,58,12,2,,Vanilla Frosted Donut,,,,,,,,,,,,,,,,,,,,,,,,,,,,,,,,,,,,,,,,,,,,,,,,,,,,,,,,,,,,,,,,,,,
Dunkin' (PDF),Vanilla Frosted Sprinkles Donut,,,,,280,,4,,,,270,,,,,,,,,,,,,,,,,,,,,,,,,,,,,,,,,,,,,,,,1 Donut,11,4.5,0,0,37,1,16,15,0,60,12,2,,Vanilla Frosted Sprinkles Donut,,,,,,,,,,,,,,,,,,,,,,,,,,,,,,,,,,,,,,,,,,,,,,,,,,,,,,,,,,,,,,,,,,,
Dunkin' (PDF),Vanilla Headlight Donut,,,,,310,,4,,,,310,,,,,,,,,,,,,,,,,,,,,,,,,,,,,,,,,,,,,,,,1 Donut,15,6,0,0,41,1,21,20,0,78,13,2,,Vanilla Headlight Donut,,,,,,,,,,,,,,,,,,,,,,,,,,,,,,,,,,,,,,,,,,,,,,,,,,,,,,,,,,,,,,,,,,,
Dunkin' (PDF),Vanilla Long John,,,,,400,,5,,,,320,,,,,,,,,,,,,,,,,,,,,,,,,,,,,,,,,,,,,,,,1 Long John,15,6,0,0,42,1,17,16,2,81,16,2,,Vanilla Long John,,,,,,,,,,,,,,,,,,,,,,,,,,,,,,,,,,,,,,,,,,,,,,,,,,,,,,,,,,,,,,,,,,,
Dunkin' (PDF),Éclair,,,,,470,,6,,,,360,,,,,,,,,,,,,,,,,,,,,,,,,,,,,,,,,,,,,,,,1 Éclair,16,6,0,0,50,1,23,22,2,108,49,3,,Éclair,,,,,,,,,,,,,,,,,,,,,,,,,,,,,,,,,,,,,,,,,,,,,,,,,,,,,,,,,,,,,,,,,,,
Dunkin' (PDF),Apple Streusel Donut,,,,,310,,5,,,,310,,,,,,,,,,,,,,,,,,,,,,,,,,,,,,,,,,,,,,,,1 Donut,12,4.5,0,0,46,1,23,23,1,72,13,2,,,Apple Streusel Donut,,,,,,,,,,,,,,,,,,,,,,,,,,,,,,,,,,,,,,,,,,,,,,,,,,,,,,,,,,,,,,,,,,
Dunkin' (PDF),Chocolate Coconut Donut,,,,,420,,4,,,,430,,,,,,,,,,,,,,,,,,,,,,,,,,,,,,,,,,,,,,,,1 Donut,25,12,0,0,50,1,29,28,0,80,26,1,,,Chocolate Coconut Donut,,,,,,,,,,,,,,,,,,,,,,,,,,,,,,,,,,,,,,,,,,,,,,,,,,,,,,,,,,,,,,,,,,
Dunkin' (PDF),Chocolate Crème Stick,,,,,450,,6,,,,460,,,,,,,,,,,,,,,,,,,,,,,,,,,,,,,,,,,,,,,,1 Stick,23,9,0,0,58,2,33,33,2,108,18,3,,,Chocolate Crème Stick,,,,,,,,,,,,,,,,,,,,,,,,,,,,,,,,,,,,,,,,,,,,,,,,,,,,,,,,,,,,,,,,,,
Dunkin' (PDF),Crème Delight Donut,,,,,310,,5,,,,330,,,,,,,,,,,,,,,,,,,,,,,,,,,,,,,,,,,,,,,,1 Donut,16,6,0,0,44,1,24,24,1,81,13,2,,,Crème Delight Donut,,,,,,,,,,,,,,,,,,,,,,,,,,,,,,,,,,,,,,,,,,,,,,,,,,,,,,,,,,,,,,,,,,
Dunkin' (PDF),French Apple Donut,,,,,310,,4,,,,270,,,,,,,,,,,,,,,,,,,,,,,,,,,,,,,,,,,,,,,,1 Donut,10,4,0,0,40,1,19,18,1,69,12,2,,,French Apple Donut,,,,,,,,,,,,,,,,,,,,,,,,,,,,,,,,,,,,,,,,,,,,,,,,,,,,,,,,,,,,,,,,,,
Dunkin' (PDF),Glazed Lemon Donut,,,,,310,,4,,,,270,,,,,,,,,,,,,,,,,,,,,,,,,,,,,,,,,,,,,,,,1 Donut,10,4,0,0,40,1,19,18,1,62,12,2,,,Glazed Lemon Donut,,,,,,,,,,,,,,,,,,,,,,,,,,,,,,,,,,,,,,,,,,,,,,,,,,,,,,,,,,,,,,,,,,
Dunkin' (PDF),Indy Crème Donut,,,,,310,,5,,,,330,,,,,,,,,,,,,,,,,,,,,,,,,,,,,,,,,,,,,,,,1 Donut,16,6,0,0,44,1,24,24,1,81,13,2,,,Indy Crème Donut,,,,,,,,,,,,,,,,,,,,,,,,,,,,,,,,,,,,,,,,,,,,,,,,,,,,,,,,,,,,,,,,,,
Dunkin' (PDF),Maple Long John Donut,,,,,400,,5,,,,320,,,,,,,,,,,,,,,,,,,,,,,,,,,,,,,,,,,,,,,,1 Donut,15,6,0,0,42,1,18,17,2,81,16,2,,,Maple Long John Donut,,,,,,,,,,,,,,,,,,,,,,,,,,,,,,,,,,,,,,,,,,,,,,,,,,,,,,,,,,,,,,,,,,
Dunkin' (PDF),Marble Frosted Donut,,,,,290,,4,,,,270,,,,,,,,,,,,,,,,,,,,,,,,,,,,,,,,,,,,,,,,1 Donut,11,4.5,0,0,37,1,16,16,0,63,12,2,,,Marble Frosted Donut,,,,,,,,,,,,,,,,,,,,,,,,,,,,,,,,,,,,,,,,,,,,,,,,,,,,,,,,,,,,,,,,,,
Dunkin' (PDF),New Yorker Donut,,,,,310,,5,,,,330,,,,,,,,,,,,,,,,,,,,,,,,,,,,,,,,,,,,,,,,1 Donut,16,6,0,0,44,1,24,24,1,81,13,2,,,New Yorker Donut,,,,,,,,,,,,,,,,,,,,,,,,,,,,,,,,,,,,,,,,,,,,,,,,,,,,,,,,,,,,,,,,,,
Dunkin' (PDF),"Mango Pineapple Dunkin'
Lemonade Refresher - Large",,,,,30,,0,,,,320,,,,,,,,,,,,,,,,,,,,,,,,,,,,,,,,,,,,,,,,Large,0,0,0,0,80,0,76,76,0,20,27,0,,,,,,"Mango Pineapple Dunkin'
Lemonade Refresher - Large",,,,,,,,,,,,,,,,,,,,,,,,,,,,,,,,,,,,,,,,,,,,,,,,,,,,,,,,,,,,,,,
Dunkin' (PDF),"Mango Pineapple Dunkin'
Lemonade Refresher - Medium",,,,,20,,0,,,,240,,,,,,,,,,,,,,,,,,,,,,,,,,,,,,,,,,,,,,,,Medium,0,0,0,0,60,0,57,57,0,15,20,0,,,,,,"Mango Pineapple Dunkin'
Lemonade Refresher - Medium",,,,,,,,,,,,,,,,,,,,,,,,,,,,,,,,,,,,,,,,,,,,,,,,,,,,,,,,,,,,,,,
Dunkin' (PDF),"Mango Pineapple Dunkin'
Lemonade Refresher - Small",,,,,15,,0,,,,160,,,,,,,,,,,,,,,,,,,,,,,,,,,,,,,,,,,,,,,,Small,0,0,0,0,40,0,38,38,0,10,14,0,,,,,,"Mango Pineapple Dunkin'
Lemonade Refresher - Small",,,,,,,,,,,,,,,,,,,,,,,,,,,,,,,,,,,,,,,,,,,,,,,,,,,,,,,,,,,,,,,
Dunkin' (PDF),"Strawberry Dragonfruit Dunkin'
Lemonade Refresher - Large",,,,,25,,0,,,,310,,,,,,,,,,,,,,,,,,,,,,,,,,,,,,,,,,,,,,,,Large,0,0,0,0,75,0,72,72,0,19,26,0,,,,,,"Strawberry Dragonfruit Dunkin'
Lemonade Refresher - Large",,,,,,,,,,,,,,,,,,,,,,,,,,,,,,,,,,,,,,,,,,,,,,,,,,,,,,,,,,,,,,,
Dunkin' (PDF),"Strawberry Dragonfruit Dunkin'
Lemonade Refresher - Medium",,,,,20,,0,,,,230,,,,,,,,,,,,,,,,,,,,,,,,,,,,,,,,,,,,,,,,Medium,0,0,0,0,56,0,54,54,0,14,19,0,,,,,,"Strawberry Dragonfruit Dunkin'
Lemonade Refresher - Medium",,,,,,,,,,,,,,,,,,,,,,,,,,,,,,,,,,,,,,,,,,,,,,,,,,,,,,,,,,,,,,,
Dunkin' (PDF),"Strawberry Dragonfruit Dunkin'
Lemonade Refresher - Small",,,,,15,,0,,,,160,,,,,,,,,,,,,,,,,,,,,,,,,,,,,,,,,,,,,,,,Small,0,0,0,0,37,0,36,36,0,10,13,0,,,,,,"Strawberry Dragonfruit Dunkin'
Lemonade Refresher - Small",,,,,,,,,,,,,,,,,,,,,,,,,,,,,,,,,,,,,,,,,,,,,,,,,,,,,,,,,,,,,,,
Dunkin' (PDF),"Mango Pineapple Dunkin'
Refresher - Large",,,,,25,,1,,,,170,,,,,,,,,,,,,,,,,,,,,,,,,,,,,,,,,,,,,,,,Large,0,0,0,0,42,0,39,39,0,34,17,0,,,,,,,,"Mango Pineapple Dunkin'
Refresher - Large",,,,,,,,,,,,,,,,,,,,,,,,,,,,,,,,,,,,,,,,,,,,,,,,,,,,,,,,,,,,,
Dunkin' (PDF),"Mango Pineapple Dunkin'
Refresher - Medium",,,,,15,,1,,,,130,,,,,,,,,,,,,,,,,,,,,,,,,,,,,,,,,,,,,,,,Medium,0,0,0,0,32,0,29,29,0,25,12,0,,,,,,,,"Mango Pineapple Dunkin'
Refresher - Medium",,,,,,,,,,,,,,,,,,,,,,,,,,,,,,,,,,,,,,,,,,,,,,,,,,,,,,,,,,,,,
Dunkin' (PDF),"Mango Pineapple Dunkin'
Refresher - Small",,,,,10,,0,,,,90,,,,,,,,,,,,,,,,,,,,,,,,,,,,,,,,,,,,,,,,Small,0,0,0,0,21,0,19,19,0,17,9,0,,,,,,,,"Mango Pineapple Dunkin'
Refresher - Small",,,,,,,,,,,,,,,,,,,,,,,,,,,,,,,,,,,,,,,,,,,,,,,,,,,,,,,,,,,,,
Dunkin' (PDF),"Strawberry Dragonfruit Dunkin'
Refresher - Large",,,,,20,,1,,,,170,,,,,,,,,,,,,,,,,,,,,,,,,,,,,,,,,,,,,,,,Large,0,0,0,0,39,0,37,37,0,33,16,0,,,,,,,,"Strawberry Dragonfruit Dunkin'
Refresher - Large",,,,,,,,,,,,,,,,,,,,,,,,,,,,,,,,,,,,,,,,,,,,,,,,,,,,,,,,,,,,,
Dunkin' (PDF),"Strawberry Dragonfruit Dunkin'
Refresher - Medium",,,,,15,,1,,,,130,,,,,,,,,,,,,,,,,,,,,,,,,,,,,,,,,,,,,,,,Medium,0,0,0,0,29,0,27,27,0,24,10,0,,,,,,,,"Strawberry Dragonfruit Dunkin'
Refresher - Medium",,,,,,,,,,,,,,,,,,,,,,,,,,,,,,,,,,,,,,,,,,,,,,,,,,,,,,,,,,,,,
Dunkin' (PDF),"Strawberry Dragonfruit Dunkin'
Refresher - Small",,,,,10,,0,,,,80,,,,,,,,,,,,,,,,,,,,,,,,,,,,,,,,,,,,,,,,Small,0,0,0,0,19,0,18,18,0,16,8,0,,,,,,,,"Strawberry Dragonfruit Dunkin'
Refresher - Small",,,,,,,,,,,,,,,,,,,,,,,,,,,,,,,,,,,,,,,,,,,,,,,,,,,,,,,,,,,,,
Dunkin' (PDF),"Butter Pecan Swirl Frozen
Chocolate - Large",,,,,570,,12,,,,900,,,,,,,,,,,,,,,,,,,,,,,,,,,,,,,,,,,,,,,,Large,17,13,0,40,175,1,162,144,3,657,419,0,,,,,,,,,,,,,,,,,,,,,,,,,,,,,,,,,,"Butter Pecan Swirl Frozen
Chocolate - Large",,,,,,,,,,,,,,,,,,,,,,,,,,,,,,,,,,,
Dunkin' (PDF),"Butter Pecan Swirl Frozen
Chocolate - Medium",,,,,430,,9,,,,700,,,,,,,,,,,,,,,,,,,,,,,,,,,,,,,,,,,,,,,,Medium,14,10,0,30,134,1,124,111,2,513,322,0,,,,,,,,,,,,,,,,,,,,,,,,,,,,,,,,,,"Butter Pecan Swirl Frozen
Chocolate - Medium",,,,,,,,,,,,,,,,,,,,,,,,,,,,,,,,,,,
Dunkin' (PDF),"Butter Pecan Swirl Frozen
Chocolate - Small",,,,,290,,6,,,,500,,,,,,,,,,,,,,,,,,,,,,,,,,,,,,,,,,,,,,,,Small,11,8,0,25,95,1,87,77,1,372,227,0,,,,,,,,,,,,,,,,,,,,,,,,,,,,,,,,,,"Butter Pecan Swirl Frozen
Chocolate - Small",,,,,,,,,,,,,,,,,,,,,,,,,,,,,,,,,,,
Dunkin' (PDF),"Caramel Swirl Frozen Chocolate -
Large",,,,,380,,11,,,,900,,,,,,,,,,,,,,,,,,,,,,,,,,,,,,,,,,,,,,,,Large,17,12,0,40,176,1,165,148,3,825,392,0,,,,,,,,,,,,,,,,,,,,,,,,,,,,,,,,,,"Caramel Swirl Frozen Chocolate -
Large",,,,,,,,,,,,,,,,,,,,,,,,,,,,,,,,,,,
Dunkin' (PDF),"Caramel Swirl Frozen Chocolate -
Medium",,,,,290,,9,,,,700,,,,,,,,,,,,,,,,,,,,,,,,,,,,,,,,,,,,,,,,Medium,14,10,0,35,135,1,126,114,2,639,302,0,,,,,,,,,,,,,,,,,,,,,,,,,,,,,,,,,,"Caramel Swirl Frozen Chocolate -
Medium",,,,,,,,,,,,,,,,,,,,,,,,,,,,,,,,,,,
Dunkin' (PDF),"Caramel Swirl Frozen Chocolate -
Small",,,,,200,,6,,,,500,,,,,,,,,,,,,,,,,,,,,,,,,,,,,,,,,,,,,,,,Small,11,8,0,30,95,1,88,80,1,456,213,0,,,,,,,,,,,,,,,,,,,,,,,,,,,,,,,,,,"Caramel Swirl Frozen Chocolate -
Small",,,,,,,,,,,,,,,,,,,,,,,,,,,,,,,,,,,
Dunkin' (PDF),"French Vanilla Swirl Frozen
Chocolate - Large",,,,,370,,11,,,,900,,,,,,,,,,,,,,,,,,,,,,,,,,,,,,,,,,,,,,,,Large,17,12,0,40,175,1,162,144,3,788,372,0,,,,,,,,,,,,,,,,,,,,,,,,,,,,,,,,,,"French Vanilla Swirl Frozen
Chocolate - Large",,,,,,,,,,,,,,,,,,,,,,,,,,,,,,,,,,,
Dunkin' (PDF),"French Vanilla Swirl Frozen
Chocolate - Medium",,,,,280,,9,,,,700,,,,,,,,,,,,,,,,,,,,,,,,,,,,,,,,,,,,,,,,Medium,14,10,0,35,135,1,124,111,2,612,287,0,,,,,,,,,,,,,,,,,,,,,,,,,,,,,,,,,,"French Vanilla Swirl Frozen
Chocolate - Medium",,,,,,,,,,,,,,,,,,,,,,,,,,,,,,,,,,,
Dunkin' (PDF),"French Vanilla Swirl Frozen
Chocolate - Small",,,,,190,,6,,,,500,,,,,,,,,,,,,,,,,,,,,,,,,,,,,,,,,,,,,,,,Small,11,8,0,30,95,1,87,77,1,438,204,0,,,,,,,,,,,,,,,,,,,,,,,,,,,,,,,,,,"French Vanilla Swirl Frozen
Chocolate - Small",,,,,,,,,,,,,,,,,,,,,,,,,,,,,,,,,,,
Dunkin' (PDF),Frozen Chocolate - Large,,,,,330,,10,,,,890,,,,,,,,,,,,,,,,,,,,,,,,,,,,,,,,,,,,,,,,Large,18,13,0,35,175,4,158,148,3,829,281,2,,,,,,,,,,,,,,,,,,,,,,,,,,,,,,,,,,Frozen Chocolate - Large,,,,,,,,,,,,,,,,,,,,,,,,,,,,,,,,,,,
Dunkin' (PDF),Frozen Chocolate - Medium,,,,,250,,7,,,,690,,,,,,,,,,,,,,,,,,,,,,,,,,,,,,,,,,,,,,,,Medium,15,10,0,30,134,3,121,113,2,643,214,2,,,,,,,,,,,,,,,,,,,,,,,,,,,,,,,,,,Frozen Chocolate - Medium,,,,,,,,,,,,,,,,,,,,,,,,,,,,,,,,,,,
Dunkin' (PDF),Frozen Chocolate - Small,,,,,170,,5,,,,490,,,,,,,,,,,,,,,,,,,,,,,,,,,,,,,,,,,,,,,,Small,11,8,0,25,94,2,84,79,1,458,149,1,,,,,,,,,,,,,,,,,,,,,,,,,,,,,,,,,,Frozen Chocolate - Small,,,,,,,,,,,,,,,,,,,,,,,,,,,,,,,,,,,
Dunkin' (PDF),"Butter Pecan Swirl Frozen Coffee
with Cream - Large",,,,,460,,10,,,,1050,,,,,,,,,,,,,,,,,,,,,,,,,,,,,,,,,,,,,,,,Large,35,19,1,110,175,0,168,156,2,627,326,0,,,,,,,,,,"Butter Pecan Swirl Frozen Coffee
with Cream - Large",,,,,,,,,,,,,,,,,,,,,,,,,,,,,,,,,,,,,,,,,,,,,,,,,,,,,,,,,,,
Dunkin' (PDF),"Butter Pecan Swirl Frozen Coffee
with Cream - Medium",,,,,350,,7,,,,780,,,,,,,,,,,,,,,,,,,,,,,,,,,,,,,,,,,,,,,,Medium,26,14,1,80,131,0,126,117,1,471,244,0,,,,,,,,,,"Butter Pecan Swirl Frozen Coffee
with Cream - Medium",,,,,,,,,,,,,,,,,,,,,,,,,,,,,,,,,,,,,,,,,,,,,,,,,,,,,,,,,,,
Dunkin' (PDF),"Butter Pecan Swirl Frozen Coffee
with Cream - Small",,,,,230,,5,,,,520,,,,,,,,,,,,,,,,,,,,,,,,,,,,,,,,,,,,,,,,Small,17,9,0.5,55,88,0,84,78,1,314,163,0,,,,,,,,,,"Butter Pecan Swirl Frozen Coffee
with Cream - Small",,,,,,,,,,,,,,,,,,,,,,,,,,,,,,,,,,,,,,,,,,,,,,,,,,,,,,,,,,,
Dunkin' (PDF),"Butter Pecan Swirl Frozen Coffee
with Skim Milk - Large",,,,,410,,11,,,,760,,,,,,,,,,,,,,,,,,,,,,,,,,,,,,,,,,,,,,,,Large,0,0,0,5,179,0,172,156,2,668,385,0,,,,,,,,,,"Butter Pecan Swirl Frozen Coffee
with Skim Milk - Large",,,,,,,,,,,,,,,,,,,,,,,,,,,,,,,,,,,,,,,,,,,,,,,,,,,,,,,,,,,
Dunkin' (PDF),"Butter Pecan Swirl Frozen Coffee
with Skim Milk - Medium",,,,,310,,8,,,,570,,,,,,,,,,,,,,,,,,,,,,,,,,,,,,,,,,,,,,,,Medium,0,0,0,5,134,0,129,117,2,501,289,0,,,,,,,,,,"Butter Pecan Swirl Frozen Coffee
with Skim Milk - Medium",,,,,,,,,,,,,,,,,,,,,,,,,,,,,,,,,,,,,,,,,,,,,,,,,,,,,,,,,,,
Dunkin' (PDF),"Butter Pecan Swirl Frozen Coffee
with Skim Milk - Small",,,,,210,,5,,,,380,,,,,,,,,,,,,,,,,,,,,,,,,,,,,,,,,,,,,,,,Small,0,0,0,0,90,0,86,78,1,334,193,0,,,,,,,,,,"Butter Pecan Swirl Frozen Coffee
with Skim Milk - Small",,,,,,,,,,,,,,,,,,,,,,,,,,,,,,,,,,,,,,,,,,,,,,,,,,,,,,,,,,,
Dunkin' (PDF),"Butter Pecan Swirl Frozen Coffee
with Whole Milk - Large",,,,,410,,10,,,,810,,,,,,,,,,,,,,,,,,,,,,,,,,,,,,,,,,,,,,,,Large,6,3.5,0,20,179,0,171,156,2,623,368,0,,,,,,,,,,"Butter Pecan Swirl Frozen Coffee
with Whole Milk - Large",,,,,,,,,,,,,,,,,,,,,,,,,,,,,,,,,,,,,,,,,,,,,,,,,,,,,,,,,,,
Dunkin' (PDF),"Butter Pecan Swirl Frozen Coffee
with Whole Milk - Medium",,,,,310,,8,,,,610,,,,,,,,,,,,,,,,,,,,,,,,,,,,,,,,,,,,,,,,Medium,4.5,2.5,0,15,134,0,129,117,2,467,276,0,,,,,,,,,,"Butter Pecan Swirl Frozen Coffee
with Whole Milk - Medium",,,,,,,,,,,,,,,,,,,,,,,,,,,,,,,,,,,,,,,,,,,,,,,,,,,,,,,,,,,
Dunkin' (PDF),"Butter Pecan Swirl Frozen Coffee
with Whole Milk - Small",,,,,210,,5,,,,410,,,,,,,,,,,,,,,,,,,,,,,,,,,,,,,,,,,,,,,,Small,3,2,0,10,89,0,86,78,1,312,184,0,,,,,,,,,,"Butter Pecan Swirl Frozen Coffee
with Whole Milk - Small",,,,,,,,,,,,,,,,,,,,,,,,,,,,,,,,,,,,,,,,,,,,,,,,,,,,,,,,,,,
Dunkin' (PDF),"Caramel Creme Frozen Coffee -
Large",,,,,300,,11,,,,1120,,,,,,,,,,,,,,,,,,,,,,,,,,,,,,,,,,,,,,,,Large,39,23,1.5,130,180,0,172,160,2,893,342,0,,,,,,,,,,"Caramel Creme Frozen Coffee -
Large",,,,,,,,,,,,,,,,,,,,,,,,,,,,,,,,,,,,,,,,,,,,,,,,,,,,,,,,,,,
Dunkin' (PDF),"Caramel Creme Frozen Coffee -
Medium",,,,,230,,8,,,,860,,,,,,,,,,,,,,,,,,,,,,,,,,,,,,,,,,,,,,,,Medium,30,17,1,100,138,0,132,122,2,689,264,0,,,,,,,,,,"Caramel Creme Frozen Coffee -
Medium",,,,,,,,,,,,,,,,,,,,,,,,,,,,,,,,,,,,,,,,,,,,,,,,,,,,,,,,,,,
Dunkin' (PDF),"Caramel Creme Frozen Coffee -
Small",,,,,160,,6,,,,610,,,,,,,,,,,,,,,,,,,,,,,,,,,,,,,,,,,,,,,,Small,21,13,0.5,70,97,0,92,85,1,491,189,0,,,,,,,,,,"Caramel Creme Frozen Coffee -
Small",,,,,,,,,,,,,,,,,,,,,,,,,,,,,,,,,,,,,,,,,,,,,,,,,,,,,,,,,,,
Dunkin' (PDF),"Caramel Swirl Frozen Coffee with
Cream - Large",,,,,270,,9,,,,1000,,,,,,,,,,,,,,,,,,,,,,,,,,,,,,,,,,,,,,,,Large,35,18,1,110,164,0,158,148,2,794,298,0,,,,,,,,,,"Caramel Swirl Frozen Coffee with
Cream - Large",,,,,,,,,,,,,,,,,,,,,,,,,,,,,,,,,,,,,,,,,,,,,,,,,,,,,,,,,,,
Dunkin' (PDF),"Caramel Swirl Frozen Coffee with
Cream - Medium",,,,,210,,7,,,,750,,,,,,,,,,,,,,,,,,,,,,,,,,,,,,,,,,,,,,,,Medium,26,14,1,85,123,0,119,111,1,595,224,0,,,,,,,,,,"Caramel Swirl Frozen Coffee with
Cream - Medium",,,,,,,,,,,,,,,,,,,,,,,,,,,,,,,,,,,,,,,,,,,,,,,,,,,,,,,,,,,
Dunkin' (PDF),"Caramel Swirl Frozen Coffee with
Cream - Small",,,,,135,,5,,,,500,,,,,,,,,,,,,,,,,,,,,,,,,,,,,,,,,,,,,,,,Small,17,9,0.5,55,82,0,79,74,1,397,149,0,,,,,,,,,,"Caramel Swirl Frozen Coffee with
Cream - Small",,,,,,,,,,,,,,,,,,,,,,,,,,,,,,,,,,,,,,,,,,,,,,,,,,,,,,,,,,,
Dunkin' (PDF),"Caramel Swirl Frozen Coffee with
Skim Milk - Large",,,,,220,,10,,,,720,,,,,,,,,,,,,,,,,,,,,,,,,,,,,,,,,,,,,,,,Large,0,0,0,10,168,0,162,148,2,834,358,0,,,,,,,,,,"Caramel Swirl Frozen Coffee with
Skim Milk - Large",,,,,,,,,,,,,,,,,,,,,,,,,,,,,,,,,,,,,,,,,,,,,,,,,,,,,,,,,,,
Dunkin' (PDF),"Caramel Swirl Frozen Coffee with
Skim Milk - Medium",,,,,170,,8,,,,540,,,,,,,,,,,,,,,,,,,,,,,,,,,,,,,,,,,,,,,,Medium,0,0,0,5,126,0,122,111,2,626,268,0,,,,,,,,,,"Caramel Swirl Frozen Coffee with
Skim Milk - Medium",,,,,,,,,,,,,,,,,,,,,,,,,,,,,,,,,,,,,,,,,,,,,,,,,,,,,,,,,,,
Dunkin' (PDF),"Caramel Swirl Frozen Coffee with
Skim Milk - Small",,,,,110,,5,,,,360,,,,,,,,,,,,,,,,,,,,,,,,,,,,,,,,,,,,,,,,Small,0,0,0,5,84,0,81,74,1,417,179,0,,,,,,,,,,"Caramel Swirl Frozen Coffee with
Skim Milk - Small",,,,,,,,,,,,,,,,,,,,,,,,,,,,,,,,,,,,,,,,,,,,,,,,,,,,,,,,,,,
Dunkin' (PDF),"Caramel Swirl Frozen Coffee with
Whole Milk - Large",,,,,220,,10,,,,770,,,,,,,,,,,,,,,,,,,,,,,,,,,,,,,,,,,,,,,,Large,6,3.5,0,25,168,0,162,148,2,789,341,0,,,,,,,,,,"Caramel Swirl Frozen Coffee with
Whole Milk - Large",,,,,,,,,,,,,,,,,,,,,,,,,,,,,,,,,,,,,,,,,,,,,,,,,,,,,,,,,,,
Dunkin' (PDF),"Caramel Swirl Frozen Coffee with
Whole Milk - Medium",,,,,170,,7,,,,580,,,,,,,,,,,,,,,,,,,,,,,,,,,,,,,,,,,,,,,,Medium,4.5,2.5,0,15,126,0,122,111,2,592,256,0,,,,,,,,,,"Caramel Swirl Frozen Coffee with
Whole Milk - Medium",,,,,,,,,,,,,,,,,,,,,,,,,,,,,,,,,,,,,,,,,,,,,,,,,,,,,,,,,,,
Dunkin' (PDF),"Caramel Swirl Frozen Coffee with
Whole Milk - Small",,,,,110,,5,,,,380,,,,,,,,,,,,,,,,,,,,,,,,,,,,,,,,,,,,,,,,Small,3,1.5,0,10,84,0,81,74,1,395,170,0,,,,,,,,,,"Caramel Swirl Frozen Coffee with
Whole Milk - Small",,,,,,,,,,,,,,,,,,,,,,,,,,,,,,,,,,,,,,,,,,,,,,,,,,,,,,,,,,,
Dunkin' (PDF),"French Vanilla Swirl Frozen Coffee
with Cream - Large",,,,,260,,9,,,,1000,,,,,,,,,,,,,,,,,,,,,,,,,,,,,,,,,,,,,,,,Large,35,18,1,110,163,0,156,144,2,757,279,0,,,,,,,,,,"French Vanilla Swirl Frozen Coffee
with Cream - Large",,,,,,,,,,,,,,,,,,,,,,,,,,,,,,,,,,,,,,,,,,,,,,,,,,,,,,,,,,,
Dunkin' (PDF),"French Vanilla Swirl Frozen Coffee
with Cream - Medium",,,,,200,,7,,,,750,,,,,,,,,,,,,,,,,,,,,,,,,,,,,,,,,,,,,,,,Medium,26,14,1,85,123,0,117,108,1,568,209,0,,,,,,,,,,"French Vanilla Swirl Frozen Coffee
with Cream - Medium",,,,,,,,,,,,,,,,,,,,,,,,,,,,,,,,,,,,,,,,,,,,,,,,,,,,,,,,,,,
Dunkin' (PDF),"French Vanilla Swirl Frozen Coffee
with Cream - Small",,,,,130,,5,,,,500,,,,,,,,,,,,,,,,,,,,,,,,,,,,,,,,,,,,,,,,Small,17,9,0.5,55,82,0,78,72,1,379,140,0,,,,,,,,,,"French Vanilla Swirl Frozen Coffee
with Cream - Small",,,,,,,,,,,,,,,,,,,,,,,,,,,,,,,,,,,,,,,,,,,,,,,,,,,,,,,,,,,
Dunkin' (PDF),"French Vanilla Swirl Frozen Coffee
with Skim Milk - Large",,,,,210,,10,,,,710,,,,,,,,,,,,,,,,,,,,,,,,,,,,,,,,,,,,,,,,Large,0,0,0,10,167,0,160,144,2,798,338,0,,,,,,,,,,"French Vanilla Swirl Frozen Coffee
with Skim Milk - Large",,,,,,,,,,,,,,,,,,,,,,,,,,,,,,,,,,,,,,,,,,,,,,,,,,,,,,,,,,,
Dunkin' (PDF),"French Vanilla Swirl Frozen Coffee
with Skim Milk - Medium",,,,,160,,8,,,,540,,,,,,,,,,,,,,,,,,,,,,,,,,,,,,,,,,,,,,,,Medium,0,0,0,5,126,0,120,108,2,598,254,0,,,,,,,,,,"French Vanilla Swirl Frozen Coffee
with Skim Milk - Medium",,,,,,,,,,,,,,,,,,,,,,,,,,,,,,,,,,,,,,,,,,,,,,,,,,,,,,,,,,,
Dunkin' (PDF),"French Vanilla Swirl Frozen Coffee
with Skim Milk - Small",,,,,105,,5,,,,360,,,,,,,,,,,,,,,,,,,,,,,,,,,,,,,,,,,,,,,,Small,0,0,0,5,84,0,80,72,1,399,169,0,,,,,,,,,,"French Vanilla Swirl Frozen Coffee
with Skim Milk - Small",,,,,,,,,,,,,,,,,,,,,,,,,,,,,,,,,,,,,,,,,,,,,,,,,,,,,,,,,,,
Dunkin' (PDF),"French Vanilla Swirl Frozen Coffee
with Whole Milk - Large",,,,,210,,10,,,,760,,,,,,,,,,,,,,,,,,,,,,,,,,,,,,,,,,,,,,,,Large,6,3.5,0,25,167,0,160,144,2,753,321,0,,,,,,,,,,"French Vanilla Swirl Frozen Coffee
with Whole Milk - Large",,,,,,,,,,,,,,,,,,,,,,,,,,,,,,,,,,,,,,,,,,,,,,,,,,,,,,,,,,,
Dunkin' (PDF),"French Vanilla Swirl Frozen Coffee
with Whole Milk - Medium",,,,,160,,7,,,,570,,,,,,,,,,,,,,,,,,,,,,,,,,,,,,,,,,,,,,,,Medium,4.5,2.5,0,15,125,0,120,108,2,565,241,0,,,,,,,,,,"French Vanilla Swirl Frozen Coffee
with Whole Milk - Medium",,,,,,,,,,,,,,,,,,,,,,,,,,,,,,,,,,,,,,,,,,,,,,,,,,,,,,,,,,,
Dunkin' (PDF),"French Vanilla Swirl Frozen Coffee
with Whole Milk - Small",,,,,105,,5,,,,380,,,,,,,,,,,,,,,,,,,,,,,,,,,,,,,,,,,,,,,,Small,3,1.5,0,10,84,0,80,72,1,376,161,0,,,,,,,,,,"French Vanilla Swirl Frozen Coffee
with Whole Milk - Small",,,,,,,,,,,,,,,,,,,,,,,,,,,,,,,,,,,,,,,,,,,,,,,,,,,,,,,,,,,
Dunkin' (PDF),Frozen Coffee with Cream - Large,,,,,200,,7,,,,780,,,,,,,,,,,,,,,,,,,,,,,,,,,,,,,,,,,,,,,,Large,35,18,1,105,113,0,108,103,2,1841,204,2,,,,,,,,,,Frozen Coffee with Cream - Large,,,,,,,,,,,,,,,,,,,,,,,,,,,,,,,,,,,,,,,,,,,,,,,,,,,,,,,,,,,
Dunkin' (PDF),"Frozen Coffee with Cream -
Medium",,,,,150,,5,,,,590,,,,,,,,,,,,,,,,,,,,,,,,,,,,,,,,,,,,,,,,Medium,26,14,1,80,85,0,81,77,1,1381,153,2,,,,,,,,,,"Frozen Coffee with Cream -
Medium",,,,,,,,,,,,,,,,,,,,,,,,,,,,,,,,,,,,,,,,,,,,,,,,,,,,,,,,,,,
Dunkin' (PDF),Frozen Coffee with Cream - Small,,,,,100,,3,,,,390,,,,,,,,,,,,,,,,,,,,,,,,,,,,,,,,,,,,,,,,Small,17,9,0.5,55,57,0,54,51,1,920,102,1,,,,,,,,,,Frozen Coffee with Cream - Small,,,,,,,,,,,,,,,,,,,,,,,,,,,,,,,,,,,,,,,,,,,,,,,,,,,,,,,,,,,
Dunkin' (PDF),"Frozen Coffee with Skim Milk -
Large",,,,,150,,8,,,,500,,,,,,,,,,,,,,,,,,,,,,,,,,,,,,,,,,,,,,,,Large,0,0,0,5,117,0,112,103,2,1881,263,2,,,,,,,,,,"Frozen Coffee with Skim Milk -
Large",,,,,,,,,,,,,,,,,,,,,,,,,,,,,,,,,,,,,,,,,,,,,,,,,,,,,,,,,,,
Dunkin' (PDF),"Frozen Coffee with Skim Milk -
Medium",,,,,115,,6,,,,370,,,,,,,,,,,,,,,,,,,,,,,,,,,,,,,,,,,,,,,,Medium,0,0,0,5,88,0,84,77,2,1411,198,2,,,,,,,,,,"Frozen Coffee with Skim Milk -
Medium",,,,,,,,,,,,,,,,,,,,,,,,,,,,,,,,,,,,,,,,,,,,,,,,,,,,,,,,,,,
Dunkin' (PDF),"Frozen Coffee with Skim Milk -
Small",,,,,75,,4,,,,250,,,,,,,,,,,,,,,,,,,,,,,,,,,,,,,,,,,,,,,,Small,0,0,0,0,59,0,56,51,1,941,132,1,,,,,,,,,,"Frozen Coffee with Skim Milk -
Small",,,,,,,,,,,,,,,,,,,,,,,,,,,,,,,,,,,,,,,,,,,,,,,,,,,,,,,,,,,
Dunkin' (PDF),"Frozen Coffee with Whole Milk -
Large",,,,,150,,7,,,,550,,,,,,,,,,,,,,,,,,,,,,,,,,,,,,,,,,,,,,,,Large,6,3.5,0,20,117,0,111,103,2,1836,246,2,,,,,,,,,,"Frozen Coffee with Whole Milk -
Large",,,,,,,,,,,,,,,,,,,,,,,,,,,,,,,,,,,,,,,,,,,,,,,,,,,,,,,,,,,
Dunkin' (PDF),"Frozen Coffee with Whole Milk -
Medium",,,,,115,,5,,,,410,,,,,,,,,,,,,,,,,,,,,,,,,,,,,,,,,,,,,,,,Medium,4.5,2.5,0,15,88,0,84,77,2,1377,185,2,,,,,,,,,,"Frozen Coffee with Whole Milk -
Medium",,,,,,,,,,,,,,,,,,,,,,,,,,,,,,,,,,,,,,,,,,,,,,,,,,,,,,,,,,,
Dunkin' (PDF),"Frozen Coffee with Whole Milk -
Small",,,,,75,,4,,,,270,,,,,,,,,,,,,,,,,,,,,,,,,,,,,,,,,,,,,,,,Small,3,1.5,0,10,58,0,56,51,1,918,123,1,,,,,,,,,,"Frozen Coffee with Whole Milk -
Small",,,,,,,,,,,,,,,,,,,,,,,,,,,,,,,,,,,,,,,,,,,,,,,,,,,,,,,,,,,
Dunkin' (PDF),"Mocha Swirl Frozen Coffee with
Cream - Large",,,,,240,,8,,,,990,,,,,,,,,,,,,,,,,,,,,,,,,,,,,,,,,,,,,,,,Large,35,19,1,105,163,2,153,148,2,798,206,2,,,,,,,,,,"Mocha Swirl Frozen Coffee with
Cream - Large",,,,,,,,,,,,,,,,,,,,,,,,,,,,,,,,,,,,,,,,,,,,,,,,,,,,,,,,,,,
Dunkin' (PDF),"Mocha Swirl Frozen Coffee with
Cream - Medium",,,,,180,,6,,,,740,,,,,,,,,,,,,,,,,,,,,,,,,,,,,,,,,,,,,,,,Medium,27,14,1,80,122,2,115,111,1,598,155,2,,,,,,,,,,"Mocha Swirl Frozen Coffee with
Cream - Medium",,,,,,,,,,,,,,,,,,,,,,,,,,,,,,,,,,,,,,,,,,,,,,,,,,,,,,,,,,,
Dunkin' (PDF),"Mocha Swirl Frozen Coffee with
Cream - Small",,,,,120,,4,,,,490,,,,,,,,,,,,,,,,,,,,,,,,,,,,,,,,,,,,,,,,Small,18,9,0.5,55,81,1,76,74,1,399,103,1,,,,,,,,,,"Mocha Swirl Frozen Coffee with
Cream - Small",,,,,,,,,,,,,,,,,,,,,,,,,,,,,,,,,,,,,,,,,,,,,,,,,,,,,,,,,,,
Dunkin' (PDF),"Mocha Swirl Frozen Coffee with
Skim Milk - Large",,,,,190,,9,,,,700,,,,,,,,,,,,,,,,,,,,,,,,,,,,,,,,,,,,,,,,Large,1,0.5,0,5,167,2,157,148,2,838,265,2,,,,,,,,,,"Mocha Swirl Frozen Coffee with
Skim Milk - Large",,,,,,,,,,,,,,,,,,,,,,,,,,,,,,,,,,,,,,,,,,,,,,,,,,,,,,,,,,,
Dunkin' (PDF),"Mocha Swirl Frozen Coffee with
Skim Milk - Medium",,,,,140,,7,,,,530,,,,,,,,,,,,,,,,,,,,,,,,,,,,,,,,,,,,,,,,Medium,0.5,0,0,5,125,2,118,111,2,629,199,1,,,,,,,,,,"Mocha Swirl Frozen Coffee with
Skim Milk - Medium",,,,,,,,,,,,,,,,,,,,,,,,,,,,,,,,,,,,,,,,,,,,,,,,,,,,,,,,,,,
Dunkin' (PDF),"Mocha Swirl Frozen Coffee with
Skim Milk - Small",,,,,95,,5,,,,350,,,,,,,,,,,,,,,,,,,,,,,,,,,,,,,,,,,,,,,,Small,0,0,0,0,83,1,78,74,1,419,133,1,,,,,,,,,,"Mocha Swirl Frozen Coffee with
Skim Milk - Small",,,,,,,,,,,,,,,,,,,,,,,,,,,,,,,,,,,,,,,,,,,,,,,,,,,,,,,,,,,
Dunkin' (PDF),"Mocha Swirl Frozen Coffee with
Whole Milk - Large",,,,,190,,9,,,,750,,,,,,,,,,,,,,,,,,,,,,,,,,,,,,,,,,,,,,,,Large,7,4,0,20,167,2,156,148,2,793,248,2,,,,,,,,,,"Mocha Swirl Frozen Coffee with
Whole Milk - Large",,,,,,,,,,,,,,,,,,,,,,,,,,,,,,,,,,,,,,,,,,,,,,,,,,,,,,,,,,,
Dunkin' (PDF),"Mocha Swirl Frozen Coffee with
Whole Milk - Medium",,,,,140,,6,,,,570,,,,,,,,,,,,,,,,,,,,,,,,,,,,,,,,,,,,,,,,Medium,5,3,0,15,125,2,117,111,2,595,186,1,,,,,,,,,,"Mocha Swirl Frozen Coffee with
Whole Milk - Medium",,,,,,,,,,,,,,,,,,,,,,,,,,,,,,,,,,,,,,,,,,,,,,,,,,,,,,,,,,,
Dunkin' (PDF),"Mocha Swirl Frozen Coffee with
Whole Milk - Small",,,,,95,,4,,,,380,,,,,,,,,,,,,,,,,,,,,,,,,,,,,,,,,,,,,,,,Small,3.5,2,0,10,83,1,78,74,1,397,124,1,,,,,,,,,,"Mocha Swirl Frozen Coffee with
Whole Milk - Small",,,,,,,,,,,,,,,,,,,,,,,,,,,,,,,,,,,,,,,,,,,,,,,,,,,,,,,,,,,
Dunkin' (PDF),Frozen Chai Latte - Large,,,,,220,,12,,,,690,,,,,,,,,,,,,,,,,,,,,,,,,,,,,,,,,,,,,,,,Large,12,7,0,35,132,2,129,111,5,567,434,1,,,,,,,,,,,Frozen Chai Latte - Large,,,,,,,,,,,,,,,,,,,,,,,,,,,,,,,,,,,,,,,,,,,,,,,,,,,,,,,,,,
Dunkin' (PDF),Frozen Chai Latte - Medium,,,,,160,,9,,,,520,,,,,,,,,,,,,,,,,,,,,,,,,,,,,,,,,,,,,,,,Medium,9,5,0,25,99,2,96,83,4,426,325,0,,,,,,,,,,,Frozen Chai Latte - Medium,,,,,,,,,,,,,,,,,,,,,,,,,,,,,,,,,,,,,,,,,,,,,,,,,,,,,,,,,,
Dunkin' (PDF),Frozen Chai Latte - Small,,,,,110,,6,,,,350,,,,,,,,,,,,,,,,,,,,,,,,,,,,,,,,,,,,,,,,Small,6,3.5,0,20,66,1,64,55,2,284,217,0,,,,,,,,,,,Frozen Chai Latte - Small,,,,,,,,,,,,,,,,,,,,,,,,,,,,,,,,,,,,,,,,,,,,,,,,,,,,,,,,,,
Dunkin' (PDF),"Frozen Matcha Latte with Skim
Milk - Large",,,,,95,,8,,,,480,,,,,,,,,,,,,,,,,,,,,,,,,,,,,,,,,,,,,,,,Large,0,0,0,5,111,2,109,100,6,293,242,0,,,,,,,,,,,"Frozen Matcha Latte with Skim
Milk - Large",,,,,,,,,,,,,,,,,,,,,,,,,,,,,,,,,,,,,,,,,,,,,,,,,,,,,,,,,,
Dunkin' (PDF),"Frozen Matcha Latte with Skim
Milk - Medium",,,,,70,,6,,,,360,,,,,,,,,,,,,,,,,,,,,,,,,,,,,,,,,,,,,,,,Medium,0,0,0,5,83,1,82,75,5,220,182,0,,,,,,,,,,,"Frozen Matcha Latte with Skim
Milk - Medium",,,,,,,,,,,,,,,,,,,,,,,,,,,,,,,,,,,,,,,,,,,,,,,,,,,,,,,,,,
Dunkin' (PDF),"Frozen Matcha Latte with Skim
Milk - Small",,,,,50,,4,,,,240,,,,,,,,,,,,,,,,,,,,,,,,,,,,,,,,,,,,,,,,Small,0,0,0,0,55,1,54,50,3,146,121,0,,,,,,,,,,,"Frozen Matcha Latte with Skim
Milk - Small",,,,,,,,,,,,,,,,,,,,,,,,,,,,,,,,,,,,,,,,,,,,,,,,,,,,,,,,,,
Dunkin' (PDF),"Frozen Matcha Latte with Whole
Milk - Large",,,,,95,,8,,,,530,,,,,,,,,,,,,,,,,,,,,,,,,,,,,,,,,,,,,,,,Large,6,3.5,0,20,110,2,109,100,6,248,225,0,,,,,,,,,,,"Frozen Matcha Latte with Whole
Milk - Large",,,,,,,,,,,,,,,,,,,,,,,,,,,,,,,,,,,,,,,,,,,,,,,,,,,,,,,,,,
Dunkin' (PDF),"Frozen Matcha Latte with Whole
Milk - Medium",,,,,75,,6,,,,390,,,,,,,,,,,,,,,,,,,,,,,,,,,,,,,,,,,,,,,,Medium,4.5,2.5,0,15,83,1,81,75,5,186,169,0,,,,,,,,,,,"Frozen Matcha Latte with Whole
Milk - Medium",,,,,,,,,,,,,,,,,,,,,,,,,,,,,,,,,,,,,,,,,,,,,,,,,,,,,,,,,,
Dunkin' (PDF),"Frozen Matcha Latte with Whole
Milk - Small",,,,,50,,4,,,,260,,,,,,,,,,,,,,,,,,,,,,,,,,,,,,,,,,,,,,,,Small,3,1.5,0,10,55,1,54,50,3,124,113,0,,,,,,,,,,,"Frozen Matcha Latte with Whole
Milk - Small",,,,,,,,,,,,,,,,,,,,,,,,,,,,,,,,,,,,,,,,,,,,,,,,,,,,,,,,,,
Dunkin' (PDF),Hash Browns,,,,,360,,1,,,,110,,,,,,,,,,,,,,,,,,,,,,,,,,,,,,,,,,,,,,,,6 Pieces,6,1.5,0,0,13,1,1,0,0,187,6,0,,,,,,,,,,,,Hash Browns,,,,,,,,,,,,,,,,,,,,,,,,,,,,,,,,,,,,,,,,,,,,,,,,,,,,,,,,,
Dunkin' (PDF),Americano - Large,,,,,30,,0,,,,10,,,,,,,,,,,,,,,,,,,,,,,,,,,,,,,,,,,,,,,,Large,0,0,0,0,2,0,0,0,0,142,15,0,,,,,,,,,,,,,,,,,,,,,,,,,,,,,,,,,,,Americano - Large,,,,,,,,,,,,,,,,,,,,,,,,,,,,,,,,,,
Dunkin' (PDF),Americano - Medium,,,,,25,,0,,,,10,,,,,,,,,,,,,,,,,,,,,,,,,,,,,,,,,,,,,,,,Medium,0,0,0,0,2,0,0,0,0,118,12,0,,,,,,,,,,,,,,,,,,,,,,,,,,,,,,,,,,,Americano - Medium,,,,,,,,,,,,,,,,,,,,,,,,,,,,,,,,,,
Dunkin' (PDF),Americano - Small,,,,,15,,0,,,,5,,,,,,,,,,,,,,,,,,,,,,,,,,,,,,,,,,,,,,,,Small,0,0,0,0,1,0,0,0,0,94,7,0,,,,,,,,,,,,,,,,,,,,,,,,,,,,,,,,,,,Americano - Small,,,,,,,,,,,,,,,,,,,,,,,,,,,,,,,,,,
Dunkin' (PDF),"Butter Pecan Swirl Hot
Cappuccino with Skim Milk -
Large",,,,,370,,11,,,,310,,,,,,,,,,,,,,,,,,,,,,,,,,,,,,,,,,,,,,,,Large,0,0,0,5,64,0,60,42,3,653,431,0,,,,,,,,,,,,,,,,,,,,,,,,,,,,,,,,,,,,"Butter Pecan Swirl Hot
Cappuccino with Skim Milk -
Large",,,,,,,,,,,,,,,,,,,,,,,,,,,,,,,,,
Dunkin' (PDF),"Butter Pecan Swirl Hot
Cappuccino with Skim Milk -
Medium",,,,,280,,9,,,,230,,,,,,,,,,,,,,,,,,,,,,,,,,,,,,,,,,,,,,,,Medium,0,0,0,5,48,0,45,31,2,485,323,0,,,,,,,,,,,,,,,,,,,,,,,,,,,,,,,,,,,,"Butter Pecan Swirl Hot
Cappuccino with Skim Milk -
Medium",,,,,,,,,,,,,,,,,,,,,,,,,,,,,,,,,
Dunkin' (PDF),"Butter Pecan Swirl Hot
Cappuccino with Skim Milk -
Small",,,,,190,,6,,,,150,,,,,,,,,,,,,,,,,,,,,,,,,,,,,,,,,,,,,,,,Small,0,0,0,5,32,0,30,21,1,326,215,0,,,,,,,,,,,,,,,,,,,,,,,,,,,,,,,,,,,,"Butter Pecan Swirl Hot
Cappuccino with Skim Milk -
Small",,,,,,,,,,,,,,,,,,,,,,,,,,,,,,,,,
Dunkin' (PDF),"Butter Pecan Swirl Hot
Cappuccino with Whole Milk -
Large",,,,,370,,11,,,,370,,,,,,,,,,,,,,,,,,,,,,,,,,,,,,,,,,,,,,,,Large,8,4.5,0,25,63,0,60,42,3,593,408,0,,,,,,,,,,,,,,,,,,,,,,,,,,,,,,,,,,,,"Butter Pecan Swirl Hot
Cappuccino with Whole Milk -
Large",,,,,,,,,,,,,,,,,,,,,,,,,,,,,,,,,
Dunkin' (PDF),"Butter Pecan Swirl Hot
Cappuccino with Whole Milk -
Medium",,,,,280,,8,,,,280,,,,,,,,,,,,,,,,,,,,,,,,,,,,,,,,,,,,,,,,Medium,6,3.5,0,20,47,0,45,31,2,440,306,0,,,,,,,,,,,,,,,,,,,,,,,,,,,,,,,,,,,,"Butter Pecan Swirl Hot
Cappuccino with Whole Milk -
Medium",,,,,,,,,,,,,,,,,,,,,,,,,,,,,,,,,
Dunkin' (PDF),"Butter Pecan Swirl Hot
Cappuccino with Whole Milk -
Small",,,,,190,,5,,,,190,,,,,,,,,,,,,,,,,,,,,,,,,,,,,,,,,,,,,,,,Small,4,2.5,0,15,32,0,30,21,2,297,204,0,,,,,,,,,,,,,,,,,,,,,,,,,,,,,,,,,,,,"Butter Pecan Swirl Hot
Cappuccino with Whole Milk -
Small",,,,,,,,,,,,,,,,,,,,,,,,,,,,,,,,,
Dunkin' (PDF),"Cappuccino with Skim Milk -
Large",,,,,115,,8,,,,90,,,,,,,,,,,,,,,,,,,,,,,,,,,,,,,,,,,,,,,,Large,0,0,0,5,13,0,12,0,3,474,300,0,,,,,,,,,,,,,,,,,,,,,,,,,,,,,,,,,,,,"Cappuccino with Skim Milk -
Large",,,,,,,,,,,,,,,,,,,,,,,,,,,,,,,,,
Dunkin' (PDF),"Cappuccino with Skim Milk -
Medium",,,,,85,,6,,,,70,,,,,,,,,,,,,,,,,,,,,,,,,,,,,,,,,,,,,,,,Medium,0,0,0,5,10,0,9,0,2,351,225,0,,,,,,,,,,,,,,,,,,,,,,,,,,,,,,,,,,,,"Cappuccino with Skim Milk -
Medium",,,,,,,,,,,,,,,,,,,,,,,,,,,,,,,,,
Dunkin' (PDF),"Cappuccino with Skim Milk -
Small",,,,,55,,4,,,,45,,,,,,,,,,,,,,,,,,,,,,,,,,,,,,,,,,,,,,,,Small,0,0,0,0,7,0,6,0,1,237,150,0,,,,,,,,,,,,,,,,,,,,,,,,,,,,,,,,,,,,"Cappuccino with Skim Milk -
Small",,,,,,,,,,,,,,,,,,,,,,,,,,,,,,,,,
Dunkin' (PDF),"Cappuccino with Skim Milk and
Sugar - Large",,,,,115,,8,,,,230,,,,,,,,,,,,,,,,,,,,,,,,,,,,,,,,,,,,,,,,Large,0,0,0,5,48,0,47,35,3,475,301,0,,,,,,,,,,,,,,,,,,,,,,,,,,,,,,,,,,,,"Cappuccino with Skim Milk and
Sugar - Large",,,,,,,,,,,,,,,,,,,,,,,,,,,,,,,,,
Dunkin' (PDF),"Cappuccino with Skim Milk and
Sugar - Medium",,,,,85,,6,,,,170,,,,,,,,,,,,,,,,,,,,,,,,,,,,,,,,,,,,,,,,Medium,0,0,0,5,36,0,35,26,2,351,225,0,,,,,,,,,,,,,,,,,,,,,,,,,,,,,,,,,,,,"Cappuccino with Skim Milk and
Sugar - Medium",,,,,,,,,,,,,,,,,,,,,,,,,,,,,,,,,
Dunkin' (PDF),"Cappuccino with Skim Milk and
Sugar - Small",,,,,55,,4,,,,110,,,,,,,,,,,,,,,,,,,,,,,,,,,,,,,,,,,,,,,,Small,0,0,0,0,24,0,23,17,1,237,150,0,,,,,,,,,,,,,,,,,,,,,,,,,,,,,,,,,,,,"Cappuccino with Skim Milk and
Sugar - Small",,,,,,,,,,,,,,,,,,,,,,,,,,,,,,,,,
Dunkin' (PDF),"Cappuccino with Whole Milk -
Large",,,,,115,,8,,,,160,,,,,,,,,,,,,,,,,,,,,,,,,,,,,,,,,,,,,,,,Large,8,4.5,0,25,13,0,12,0,3,414,277,0,,,,,,,,,,,,,,,,,,,,,,,,,,,,,,,,,,,,"Cappuccino with Whole Milk -
Large",,,,,,,,,,,,,,,,,,,,,,,,,,,,,,,,,
Dunkin' (PDF),"Cappuccino with Whole Milk -
Medium",,,,,85,,6,,,,120,,,,,,,,,,,,,,,,,,,,,,,,,,,,,,,,,,,,,,,,Medium,6,3.5,0,20,10,0,9,0,2,306,208,0,,,,,,,,,,,,,,,,,,,,,,,,,,,,,,,,,,,,"Cappuccino with Whole Milk -
Medium",,,,,,,,,,,,,,,,,,,,,,,,,,,,,,,,,
Dunkin' (PDF),"Cappuccino with Whole Milk -
Small",,,,,60,,4,,,,80,,,,,,,,,,,,,,,,,,,,,,,,,,,,,,,,,,,,,,,,Small,4,2.5,0,10,7,0,6,0,2,207,139,0,,,,,,,,,,,,,,,,,,,,,,,,,,,,,,,,,,,,"Cappuccino with Whole Milk -
Small",,,,,,,,,,,,,,,,,,,,,,,,,,,,,,,,,
Dunkin' (PDF),"Cappuccino with Whole Milk and
Sugar - Large",,,,,115,,8,,,,290,,,,,,,,,,,,,,,,,,,,,,,,,,,,,,,,,,,,,,,,Large,8,4.5,0,25,48,0,46,35,3,415,278,0,,,,,,,,,,,,,,,,,,,,,,,,,,,,,,,,,,,,"Cappuccino with Whole Milk and
Sugar - Large",,,,,,,,,,,,,,,,,,,,,,,,,,,,,,,,,
Dunkin' (PDF),"Cappuccino with Whole Milk and
Sugar - Medium",,,,,85,,6,,,,220,,,,,,,,,,,,,,,,,,,,,,,,,,,,,,,,,,,,,,,,Medium,6,3.5,0,20,36,0,35,26,2,306,208,0,,,,,,,,,,,,,,,,,,,,,,,,,,,,,,,,,,,,"Cappuccino with Whole Milk and
Sugar - Medium",,,,,,,,,,,,,,,,,,,,,,,,,,,,,,,,,
Dunkin' (PDF),"Cappuccino with Whole Milk and
Sugar - Small",,,,,60,,4,,,,150,,,,,,,,,,,,,,,,,,,,,,,,,,,,,,,,,,,,,,,,Small,4,2.5,0,10,24,0,23,17,2,207,139,0,,,,,,,,,,,,,,,,,,,,,,,,,,,,,,,,,,,,"Cappuccino with Whole Milk and
Sugar - Small",,,,,,,,,,,,,,,,,,,,,,,,,,,,,,,,,
Dunkin' (PDF),"Caramel Swirl Hot Cappuccino
with Skim Milk - Large",,,,,180,,11,,,,310,,,,,,,,,,,,,,,,,,,,,,,,,,,,,,,,,,,,,,,,Large,0,0,0,10,65,0,63,46,3,821,404,0,,,,,,,,,,,,,,,,,,,,,,,,,,,,,,,,,,,,"Caramel Swirl Hot Cappuccino
with Skim Milk - Large",,,,,,,,,,,,,,,,,,,,,,,,,,,,,,,,,
Dunkin' (PDF),"Caramel Swirl Hot Cappuccino
with Skim Milk - Medium",,,,,135,,8,,,,230,,,,,,,,,,,,,,,,,,,,,,,,,,,,,,,,,,,,,,,,Medium,0,0,0,5,49,0,47,35,2,611,303,0,,,,,,,,,,,,,,,,,,,,,,,,,,,,,,,,,,,,"Caramel Swirl Hot Cappuccino
with Skim Milk - Medium",,,,,,,,,,,,,,,,,,,,,,,,,,,,,,,,,
Dunkin' (PDF),"Caramel Swirl Hot Cappuccino
with Skim Milk - Small",,,,,90,,6,,,,160,,,,,,,,,,,,,,,,,,,,,,,,,,,,,,,,,,,,,,,,Small,0,0,0,5,33,0,32,23,1,410,202,0,,,,,,,,,,,,,,,,,,,,,,,,,,,,,,,,,,,,"Caramel Swirl Hot Cappuccino
with Skim Milk - Small",,,,,,,,,,,,,,,,,,,,,,,,,,,,,,,,,
Dunkin' (PDF),"Caramel Swirl Hot Cappuccino
with Whole Milk - Large",,,,,180,,11,,,,380,,,,,,,,,,,,,,,,,,,,,,,,,,,,,,,,,,,,,,,,Large,8,4.5,0,30,65,0,63,46,3,761,381,0,,,,,,,,,,,,,,,,,,,,,,,,,,,,,,,,,,,,"Caramel Swirl Hot Cappuccino
with Whole Milk - Large",,,,,,,,,,,,,,,,,,,,,,,,,,,,,,,,,
Dunkin' (PDF),"Caramel Swirl Hot Cappuccino
with Whole Milk - Medium",,,,,135,,8,,,,280,,,,,,,,,,,,,,,,,,,,,,,,,,,,,,,,,,,,,,,,Medium,6,3.5,0,20,48,0,47,35,2,566,285,0,,,,,,,,,,,,,,,,,,,,,,,,,,,,,,,,,,,,"Caramel Swirl Hot Cappuccino
with Whole Milk - Medium",,,,,,,,,,,,,,,,,,,,,,,,,,,,,,,,,
Dunkin' (PDF),"Caramel Swirl Hot Cappuccino
with Whole Milk - Small",,,,,90,,5,,,,190,,,,,,,,,,,,,,,,,,,,,,,,,,,,,,,,,,,,,,,,Small,4,2.5,0,15,32,0,31,23,2,380,190,0,,,,,,,,,,,,,,,,,,,,,,,,,,,,,,,,,,,,"Caramel Swirl Hot Cappuccino
with Whole Milk - Small",,,,,,,,,,,,,,,,,,,,,,,,,,,,,,,,,
Dunkin' (PDF),"French Vanilla Swirl Hot
Cappuccino with Skim Milk -
Large",,,,,170,,11,,,,310,,,,,,,,,,,,,,,,,,,,,,,,,,,,,,,,,,,,,,,,Large,0,0,0,10,65,0,61,42,3,784,384,0,,,,,,,,,,,,,,,,,,,,,,,,,,,,,,,,,,,,"French Vanilla Swirl Hot
Cappuccino with Skim Milk -
Large",,,,,,,,,,,,,,,,,,,,,,,,,,,,,,,,,
Dunkin' (PDF),"French Vanilla Swirl Hot
Cappuccino with Skim Milk -
Medium",,,,,130,,8,,,,230,,,,,,,,,,,,,,,,,,,,,,,,,,,,,,,,,,,,,,,,Medium,0,0,0,5,48,0,46,31,2,584,288,0,,,,,,,,,,,,,,,,,,,,,,,,,,,,,,,,,,,,"French Vanilla Swirl Hot
Cappuccino with Skim Milk -
Medium",,,,,,,,,,,,,,,,,,,,,,,,,,,,,,,,,
Dunkin' (PDF),"French Vanilla Swirl Hot
Cappuccino with Skim Milk -
Small",,,,,85,,5,,,,150,,,,,,,,,,,,,,,,,,,,,,,,,,,,,,,,,,,,,,,,Small,0,0,0,5,32,0,30,21,1,392,192,0,,,,,,,,,,,,,,,,,,,,,,,,,,,,,,,,,,,,"French Vanilla Swirl Hot
Cappuccino with Skim Milk -
Small",,,,,,,,,,,,,,,,,,,,,,,,,,,,,,,,,
Dunkin' (PDF),"French Vanilla Swirl Hot
Cappuccino with Whole Milk -
Large",,,,,170,,10,,,,370,,,,,,,,,,,,,,,,,,,,,,,,,,,,,,,,,,,,,,,,Large,8,4.5,0,30,64,0,60,42,3,724,361,0,,,,,,,,,,,,,,,,,,,,,,,,,,,,,,,,,,,,"French Vanilla Swirl Hot
Cappuccino with Whole Milk -
Large",,,,,,,,,,,,,,,,,,,,,,,,,,,,,,,,,
Dunkin' (PDF),"French Vanilla Swirl Hot
Cappuccino with Whole Milk -
Medium",,,,,130,,8,,,,280,,,,,,,,,,,,,,,,,,,,,,,,,,,,,,,,,,,,,,,,Medium,6,3.5,0,20,48,0,45,31,2,539,271,0,,,,,,,,,,,,,,,,,,,,,,,,,,,,,,,,,,,,"French Vanilla Swirl Hot
Cappuccino with Whole Milk -
Medium",,,,,,,,,,,,,,,,,,,,,,,,,,,,,,,,,
Dunkin' (PDF),"French Vanilla Swirl Hot
Cappuccino with Whole Milk -
Small",,,,,85,,5,,,,190,,,,,,,,,,,,,,,,,,,,,,,,,,,,,,,,,,,,,,,,Small,4,2.5,0,15,32,0,30,21,2,362,181,0,,,,,,,,,,,,,,,,,,,,,,,,,,,,,,,,,,,,"French Vanilla Swirl Hot
Cappuccino with Whole Milk -
Small",,,,,,,,,,,,,,,,,,,,,,,,,,,,,,,,,
Dunkin' (PDF),"Mocha Swirl Hot Cappuccino with
Skim Milk - Large",,,,,140,,10,,,,300,,,,,,,,,,,,,,,,,,,,,,,,,,,,,,,,,,,,,,,,Large,1,0.5,0,5,64,2,58,46,3,825,311,2,,,,,,,,,,,,,,,,,,,,,,,,,,,,,,,,,,,,"Mocha Swirl Hot Cappuccino with
Skim Milk - Large",,,,,,,,,,,,,,,,,,,,,,,,,,,,,,,,,
Dunkin' (PDF),"Mocha Swirl Hot Cappuccino with
Skim Milk - Medium",,,,,105,,7,,,,220,,,,,,,,,,,,,,,,,,,,,,,,,,,,,,,,,,,,,,,,Medium,1,0.5,0,5,48,2,43,34,2,614,233,1,,,,,,,,,,,,,,,,,,,,,,,,,,,,,,,,,,,,"Mocha Swirl Hot Cappuccino with
Skim Milk - Medium",,,,,,,,,,,,,,,,,,,,,,,,,,,,,,,,,
Dunkin' (PDF),"Mocha Swirl Hot Cappuccino with
Skim Milk - Small",,,,,70,,5,,,,150,,,,,,,,,,,,,,,,,,,,,,,,,,,,,,,,,,,,,,,,Small,0.5,0,0,0,32,1,29,23,1,412,156,1,,,,,,,,,,,,,,,,,,,,,,,,,,,,,,,,,,,,"Mocha Swirl Hot Cappuccino with
Skim Milk - Small",,,,,,,,,,,,,,,,,,,,,,,,,,,,,,,,,
Dunkin' (PDF),"Mocha Swirl Hot Cappuccino with
Whole Milk - Large",,,,,140,,9,,,,360,,,,,,,,,,,,,,,,,,,,,,,,,,,,,,,,,,,,,,,,Large,9,5,0,25,63,2,57,46,3,765,288,2,,,,,,,,,,,,,,,,,,,,,,,,,,,,,,,,,,,,"Mocha Swirl Hot Cappuccino with
Whole Milk - Large",,,,,,,,,,,,,,,,,,,,,,,,,,,,,,,,,
Dunkin' (PDF),"Mocha Swirl Hot Cappuccino with
Whole Milk - Medium",,,,,110,,7,,,,270,,,,,,,,,,,,,,,,,,,,,,,,,,,,,,,,,,,,,,,,Medium,7,4,0,20,48,2,43,34,2,569,216,1,,,,,,,,,,,,,,,,,,,,,,,,,,,,,,,,,,,,"Mocha Swirl Hot Cappuccino with
Whole Milk - Medium",,,,,,,,,,,,,,,,,,,,,,,,,,,,,,,,,
Dunkin' (PDF),"Mocha Swirl Hot Cappuccino with
Whole Milk - Small",,,,,70,,5,,,,180,,,,,,,,,,,,,,,,,,,,,,,,,,,,,,,,,,,,,,,,Small,4.5,2.5,0,10,32,1,29,23,2,382,144,1,,,,,,,,,,,,,,,,,,,,,,,,,,,,,,,,,,,,"Mocha Swirl Hot Cappuccino with
Whole Milk - Small",,,,,,,,,,,,,,,,,,,,,,,,,,,,,,,,,
Dunkin' (PDF),Box 'O Joe(R) Hot Chocolate,,,,,210,,2,,,,220,,,,,,,,,,,,,,,,,,,,,,,,,,,,,,,,,,,,,,,,1 Small Cup,7,6,0,0,40,2,32,31,0,150,34,0,,,,,,,,,,,,,Box 'O Joe(R) Hot Chocolate,,,,,,,,,,,,,,,,,,,,,,,,,,,,,,,,,,,,,,,,,,,,,,,,,,,,,,,,
Dunkin' (PDF),"Hot Chocolate with Espresso Shot
- Large",,,,,390,,3,,,,400,,,,,,,,,,,,,,,,,,,,,,,,,,,,,,,,,,,,,,,,Large,12,11,0,0,71,3,55,53,0,354,61,1,,,,,,,,,,,,,"Hot Chocolate with Espresso Shot
- Large",,,,,,,,,,,,,,,,,,,,,,,,,,,,,,,,,,,,,,,,,,,,,,,,,,,,,,,,
Dunkin' (PDF),"Hot Chocolate with Espresso Shot
- Medium",,,,,280,,2,,,,280,,,,,,,,,,,,,,,,,,,,,,,,,,,,,,,,,,,,,,,,Medium,9,8,0,0,51,2,39,38,0,251,43,0,,,,,,,,,,,,,"Hot Chocolate with Espresso Shot
- Medium",,,,,,,,,,,,,,,,,,,,,,,,,,,,,,,,,,,,,,,,,,,,,,,,,,,,,,,,
Dunkin' (PDF),"Hot Chocolate with Espresso Shot
- Small",,,,,190,,2,,,,190,,,,,,,,,,,,,,,,,,,,,,,,,,,,,,,,,,,,,,,,Small,6,5,0,0,35,1,27,26,0,173,30,0,,,,,,,,,,,,,"Hot Chocolate with Espresso Shot
- Small",,,,,,,,,,,,,,,,,,,,,,,,,,,,,,,,,,,,,,,,,,,,,,,,,,,,,,,,
Dunkin' (PDF),"Original Hot Chocolate - Extra
Large",,,,,480,,4,,,,500,,,,,,,,,,,,,,,,,,,,,,,,,,,,,,,,,,,,,,,,XLarge,15,14,0,0,89,3,71,68,0,335,76,1,,,,,,,,,,,,,"Original Hot Chocolate - Extra
Large",,,,,,,,,,,,,,,,,,,,,,,,,,,,,,,,,,,,,,,,,,,,,,,,,,,,,,,,
Dunkin' (PDF),Original Hot Chocolate - Large,,,,,440,,4,,,,460,,,,,,,,,,,,,,,,,,,,,,,,,,,,,,,,,,,,,,,,Large,14,13,0,0,82,3,65,63,0,308,70,1,,,,,,,,,,,,,Original Hot Chocolate - Large,,,,,,,,,,,,,,,,,,,,,,,,,,,,,,,,,,,,,,,,,,,,,,,,,,,,,,,,
Dunkin' (PDF),Original Hot Chocolate - Medium,,,,,320,,3,,,,330,,,,,,,,,,,,,,,,,,,,,,,,,,,,,,,,,,,,,,,,Medium,10,9,0,0,59,2,46,45,0,220,50,0,,,,,,,,,,,,,Original Hot Chocolate - Medium,,,,,,,,,,,,,,,,,,,,,,,,,,,,,,,,,,,,,,,,,,,,,,,,,,,,,,,,
Dunkin' (PDF),Original Hot Chocolate - Small,,,,,210,,2,,,,220,,,,,,,,,,,,,,,,,,,,,,,,,,,,,,,,,,,,,,,,Small,7,6,0,0,40,2,32,31,0,150,34,0,,,,,,,,,,,,,Original Hot Chocolate - Small,,,,,,,,,,,,,,,,,,,,,,,,,,,,,,,,,,,,,,,,,,,,,,,,,,,,,,,,
Dunkin' (PDF),Box 'O Joe®,,,,,5,,0,,,,5,,,,,,,,,,,,,,,,,,,,,,,,,,,,,,,,,,,,,,,,1 Small Cup,0,0,0,0,0,0,0,0,0,155,6,0,,,,,,,,,,,,,,,,,,,,,,,,,,,,,,,,,,,,,Box 'O Joe®,,,,,,,,,,,,,,,,,,,,,,,,,,,,,,,,
Dunkin' (PDF),"Butter Pecan Swirl Hot Coffee with
Black - Extra Large",,,,,330,,5,,,,270,,,,,,,,,,,,,,,,,,,,,,,,,,,,,,,,,,,,,,,,XLarge,0,0,0,0,63,0,60,52,0,502,174,0,,,,,,,,,,,,,,,,,,,,,,,,,,,,,,,,,,,,,"Butter Pecan Swirl Hot Coffee with
Black - Extra Large",,,,,,,,,,,,,,,,,,,,,,,,,,,,,,,,
Dunkin' (PDF),"Butter Pecan Swirl Hot Coffee with
Black - Large",,,,,270,,4,,,,220,,,,,,,,,,,,,,,,,,,,,,,,,,,,,,,,,,,,,,,,Large,0,0,0,0,50,0,48,42,0,412,140,0,,,,,,,,,,,,,,,,,,,,,,,,,,,,,,,,,,,,,"Butter Pecan Swirl Hot Coffee with
Black - Large",,,,,,,,,,,,,,,,,,,,,,,,,,,,,,,,
Dunkin' (PDF),"Butter Pecan Swirl Hot Coffee with
Black - Medium",,,,,200,,3,,,,170,,,,,,,,,,,,,,,,,,,,,,,,,,,,,,,,,,,,,,,,Medium,0,0,0,0,38,0,36,31,0,322,106,0,,,,,,,,,,,,,,,,,,,,,,,,,,,,,,,,,,,,,"Butter Pecan Swirl Hot Coffee with
Black - Medium",,,,,,,,,,,,,,,,,,,,,,,,,,,,,,,,
Dunkin' (PDF),"Butter Pecan Swirl Hot Coffee with
Black - Small",,,,,135,,2,,,,110,,,,,,,,,,,,,,,,,,,,,,,,,,,,,,,,,,,,,,,,Small,0,0,0,0,25,0,24,21,0,232,71,0,,,,,,,,,,,,,,,,,,,,,,,,,,,,,,,,,,,,,"Butter Pecan Swirl Hot Coffee with
Black - Small",,,,,,,,,,,,,,,,,,,,,,,,,,,,,,,,
Dunkin' (PDF),"Butter Pecan Swirl Hot Coffee with
Cream - Extra Large",,,,,390,,7,,,,420,,,,,,,,,,,,,,,,,,,,,,,,,,,,,,,,,,,,,,,,XLarge,15,8,0,45,65,0,62,52,1,572,242,0,,,,,,,,,,,,,,,,,,,,,,,,,,,,,,,,,,,,,"Butter Pecan Swirl Hot Coffee with
Cream - Extra Large",,,,,,,,,,,,,,,,,,,,,,,,,,,,,,,,
Dunkin' (PDF),"Butter Pecan Swirl Hot Coffee with
Cream - Large",,,,,310,,5,,,,330,,,,,,,,,,,,,,,,,,,,,,,,,,,,,,,,,,,,,,,,Large,12,6,0,35,52,0,50,42,1,468,194,0,,,,,,,,,,,,,,,,,,,,,,,,,,,,,,,,,,,,,"Butter Pecan Swirl Hot Coffee with
Cream - Large",,,,,,,,,,,,,,,,,,,,,,,,,,,,,,,,
Dunkin' (PDF),"Butter Pecan Swirl Hot Coffee with
Cream - Medium",,,,,230,,4,,,,250,,,,,,,,,,,,,,,,,,,,,,,,,,,,,,,,,,,,,,,,Medium,9,4.5,0,30,39,0,37,31,0,364,146,0,,,,,,,,,,,,,,,,,,,,,,,,,,,,,,,,,,,,,"Butter Pecan Swirl Hot Coffee with
Cream - Medium",,,,,,,,,,,,,,,,,,,,,,,,,,,,,,,,
Dunkin' (PDF),"Butter Pecan Swirl Hot Coffee with
Cream - Small",,,,,160,,3,,,,170,,,,,,,,,,,,,,,,,,,,,,,,,,,,,,,,,,,,,,,,Small,6,3,0,20,26,0,25,21,0,260,98,0,,,,,,,,,,,,,,,,,,,,,,,,,,,,,,,,,,,,,"Butter Pecan Swirl Hot Coffee with
Cream - Small",,,,,,,,,,,,,,,,,,,,,,,,,,,,,,,,
Dunkin' (PDF),"Caramel Swirl Hot Coffee with
Black - Extra Large",,,,,95,,4,,,,280,,,,,,,,,,,,,,,,,,,,,,,,,,,,,,,,,,,,,,,,XLarge,0,0,0,5,64,0,64,58,0,712,140,0,,,,,,,,,,,,,,,,,,,,,,,,,,,,,,,,,,,,,"Caramel Swirl Hot Coffee with
Black - Extra Large",,,,,,,,,,,,,,,,,,,,,,,,,,,,,,,,
Dunkin' (PDF),"Caramel Swirl Hot Coffee with
Black - Large",,,,,75,,3,,,,230,,,,,,,,,,,,,,,,,,,,,,,,,,,,,,,,,,,,,,,,Large,0,0,0,5,52,0,51,46,0,580,113,0,,,,,,,,,,,,,,,,,,,,,,,,,,,,,,,,,,,,,"Caramel Swirl Hot Coffee with
Black - Large",,,,,,,,,,,,,,,,,,,,,,,,,,,,,,,,
Dunkin' (PDF),"Caramel Swirl Hot Coffee with
Black - Medium",,,,,60,,3,,,,170,,,,,,,,,,,,,,,,,,,,,,,,,,,,,,,,,,,,,,,,Medium,0,0,0,5,39,0,38,35,0,448,85,0,,,,,,,,,,,,,,,,,,,,,,,,,,,,,,,,,,,,,"Caramel Swirl Hot Coffee with
Black - Medium",,,,,,,,,,,,,,,,,,,,,,,,,,,,,,,,
Dunkin' (PDF),"Caramel Swirl Hot Coffee with
Black - Small",,,,,40,,2,,,,110,,,,,,,,,,,,,,,,,,,,,,,,,,,,,,,,,,,,,,,,Small,0,0,0,0,26,0,26,23,0,316,57,0,,,,,,,,,,,,,,,,,,,,,,,,,,,,,,,,,,,,,"Caramel Swirl Hot Coffee with
Black - Small",,,,,,,,,,,,,,,,,,,,,,,,,,,,,,,,
Dunkin' (PDF),"Caramel Swirl Hot Coffee with
Cream - Extra Large",,,,,150,,6,,,,420,,,,,,,,,,,,,,,,,,,,,,,,,,,,,,,,,,,,,,,,XLarge,15,8,0,50,67,0,66,58,1,782,208,0,,,,,,,,,,,,,,,,,,,,,,,,,,,,,,,,,,,,,"Caramel Swirl Hot Coffee with
Cream - Extra Large",,,,,,,,,,,,,,,,,,,,,,,,,,,,,,,,
Dunkin' (PDF),"Caramel Swirl Hot Coffee with
Cream - Large",,,,,120,,5,,,,340,,,,,,,,,,,,,,,,,,,,,,,,,,,,,,,,,,,,,,,,Large,12,6,0,40,53,0,53,46,1,636,167,0,,,,,,,,,,,,,,,,,,,,,,,,,,,,,,,,,,,,,"Caramel Swirl Hot Coffee with
Cream - Large",,,,,,,,,,,,,,,,,,,,,,,,,,,,,,,,
Dunkin' (PDF),"Caramel Swirl Hot Coffee with
Cream - Medium",,,,,90,,4,,,,260,,,,,,,,,,,,,,,,,,,,,,,,,,,,,,,,,,,,,,,,Medium,9,4.5,0,30,40,0,40,35,0,490,126,0,,,,,,,,,,,,,,,,,,,,,,,,,,,,,,,,,,,,,"Caramel Swirl Hot Coffee with
Cream - Medium",,,,,,,,,,,,,,,,,,,,,,,,,,,,,,,,
Dunkin' (PDF),"Caramel Swirl Hot Coffee with
Cream - Small",,,,,60,,3,,,,170,,,,,,,,,,,,,,,,,,,,,,,,,,,,,,,,,,,,,,,,Small,6,3,0,20,27,0,26,23,0,344,84,0,,,,,,,,,,,,,,,,,,,,,,,,,,,,,,,,,,,,,"Caramel Swirl Hot Coffee with
Cream - Small",,,,,,,,,,,,,,,,,,,,,,,,,,,,,,,,
Dunkin' (PDF),"French Vanilla Swirl Hot Coffee -
Extra Large",,,,,85,,4,,,,280,,,,,,,,,,,,,,,,,,,,,,,,,,,,,,,,,,,,,,,,XLarge,0,0,0,5,64,0,61,52,0,666,116,0,,,,,,,,,,,,,,,,,,,,,,,,,,,,,,,,,,,,,"French Vanilla Swirl Hot Coffee -
Extra Large",,,,,,,,,,,,,,,,,,,,,,,,,,,,,,,,
Dunkin' (PDF),"French Vanilla Swirl Hot Coffee -
Large",,,,,70,,3,,,,220,,,,,,,,,,,,,,,,,,,,,,,,,,,,,,,,,,,,,,,,Large,0,0,0,5,51,0,49,42,0,543,93,0,,,,,,,,,,,,,,,,,,,,,,,,,,,,,,,,,,,,,"French Vanilla Swirl Hot Coffee -
Large",,,,,,,,,,,,,,,,,,,,,,,,,,,,,,,,
Dunkin' (PDF),"French Vanilla Swirl Hot Coffee -
Medium",,,,,50,,2,,,,170,,,,,,,,,,,,,,,,,,,,,,,,,,,,,,,,,,,,,,,,Medium,0,0,0,5,38,0,37,31,0,420,71,0,,,,,,,,,,,,,,,,,,,,,,,,,,,,,,,,,,,,,"French Vanilla Swirl Hot Coffee -
Medium",,,,,,,,,,,,,,,,,,,,,,,,,,,,,,,,
Dunkin' (PDF),"French Vanilla Swirl Hot Coffee -
Small",,,,,35,,2,,,,110,,,,,,,,,,,,,,,,,,,,,,,,,,,,,,,,,,,,,,,,Small,0,0,0,0,26,0,24,21,0,298,48,0,,,,,,,,,,,,,,,,,,,,,,,,,,,,,,,,,,,,,"French Vanilla Swirl Hot Coffee -
Small",,,,,,,,,,,,,,,,,,,,,,,,,,,,,,,,
Dunkin' (PDF),"French Vanilla Swirl Hot Coffee
with Cream - Extra Large",,,,,135,,6,,,,420,,,,,,,,,,,,,,,,,,,,,,,,,,,,,,,,,,,,,,,,XLarge,15,8,0,50,66,0,63,52,1,736,184,0,,,,,,,,,,,,,,,,,,,,,,,,,,,,,,,,,,,,,"French Vanilla Swirl Hot Coffee
with Cream - Extra Large",,,,,,,,,,,,,,,,,,,,,,,,,,,,,,,,
Dunkin' (PDF),"French Vanilla Swirl Hot Coffee
with Cream - Large",,,,,110,,5,,,,340,,,,,,,,,,,,,,,,,,,,,,,,,,,,,,,,,,,,,,,,Large,12,6,0,40,53,0,50,42,1,599,147,0,,,,,,,,,,,,,,,,,,,,,,,,,,,,,,,,,,,,,"French Vanilla Swirl Hot Coffee
with Cream - Large",,,,,,,,,,,,,,,,,,,,,,,,,,,,,,,,
Dunkin' (PDF),"French Vanilla Swirl Hot Coffee
with Cream - Medium",,,,,85,,4,,,,250,,,,,,,,,,,,,,,,,,,,,,,,,,,,,,,,,,,,,,,,Medium,9,4.5,0,30,40,0,38,31,0,463,111,0,,,,,,,,,,,,,,,,,,,,,,,,,,,,,,,,,,,,,"French Vanilla Swirl Hot Coffee
with Cream - Medium",,,,,,,,,,,,,,,,,,,,,,,,,,,,,,,,
Dunkin' (PDF),"French Vanilla Swirl Hot Coffee
with Cream - Small",,,,,55,,2,,,,170,,,,,,,,,,,,,,,,,,,,,,,,,,,,,,,,,,,,,,,,Small,6,3,0,20,26,0,25,21,0,326,75,0,,,,,,,,,,,,,,,,,,,,,,,,,,,,,,,,,,,,,"French Vanilla Swirl Hot Coffee
with Cream - Small",,,,,,,,,,,,,,,,,,,,,,,,,,,,,,,,
Dunkin' (PDF),Hot Coffee - Extra Large,,,,,15,,1,,,,5,,,,,,,,,,,,,,,,,,,,,,,,,,,,,,,,,,,,,,,,XLarge,0,0,0,0,0,0,0,0,0,311,13,0,,,,,,,,,,,,,,,,,,,,,,,,,,,,,,,,,,,,,Hot Coffee - Extra Large,,,,,,,,,,,,,,,,,,,,,,,,,,,,,,,,
Dunkin' (PDF),Hot Coffee - Large,,,,,10,,1,,,,5,,,,,,,,,,,,,,,,,,,,,,,,,,,,,,,,,,,,,,,,Large,0,0,0,0,0,0,0,0,0,259,11,0,,,,,,,,,,,,,,,,,,,,,,,,,,,,,,,,,,,,,Hot Coffee - Large,,,,,,,,,,,,,,,,,,,,,,,,,,,,,,,,
Dunkin' (PDF),Hot Coffee - Medium,,,,,10,,1,,,,5,,,,,,,,,,,,,,,,,,,,,,,,,,,,,,,,,,,,,,,,Medium,0,0,0,0,0,0,0,0,0,207,8,0,,,,,,,,,,,,,,,,,,,,,,,,,,,,,,,,,,,,,Hot Coffee - Medium,,,,,,,,,,,,,,,,,,,,,,,,,,,,,,,,
Dunkin' (PDF),Hot Coffee - Small,,,,,5,,0,,,,5,,,,,,,,,,,,,,,,,,,,,,,,,,,,,,,,,,,,,,,,Small,0,0,0,0,0,0,0,0,0,155,6,0,,,,,,,,,,,,,,,,,,,,,,,,,,,,,,,,,,,,,Hot Coffee - Small,,,,,,,,,,,,,,,,,,,,,,,,,,,,,,,,
Dunkin' (PDF),"Hot Coffee with AlmondMilk -
Extra Large",,,,,85,,1,,,,45,,,,,,,,,,,,,,,,,,,,,,,,,,,,,,,,,,,,,,,,XLarge,1.5,0,0,0,7,0,7,6,1,344,243,0,,,,,,,,,,,,,,,,,,,,,,,,,,,,,,,,,,,,,"Hot Coffee with AlmondMilk -
Extra Large",,,,,,,,,,,,,,,,,,,,,,,,,,,,,,,,
Dunkin' (PDF),"Hot Coffee with AlmondMilk -
Large",,,,,65,,1,,,,35,,,,,,,,,,,,,,,,,,,,,,,,,,,,,,,,,,,,,,,,Large,1,0,0,0,5,0,5,5,1,284,183,0,,,,,,,,,,,,,,,,,,,,,,,,,,,,,,,,,,,,,"Hot Coffee with AlmondMilk -
Large",,,,,,,,,,,,,,,,,,,,,,,,,,,,,,,,
Dunkin' (PDF),"Hot Coffee with AlmondMilk -
Medium",,,,,45,,1,,,,25,,,,,,,,,,,,,,,,,,,,,,,,,,,,,,,,,,,,,,,,Medium,0.5,0,0,0,4,0,3,3,1,198,123,0,,,,,,,,,,,,,,,,,,,,,,,,,,,,,,,,,,,,,"Hot Coffee with AlmondMilk -
Medium",,,,,,,,,,,,,,,,,,,,,,,,,,,,,,,,
Dunkin' (PDF),"Hot Coffee with AlmondMilk -
Small",,,,,25,,0,,,,15,,,,,,,,,,,,,,,,,,,,,,,,,,,,,,,,,,,,,,,,Small,0,0,0,0,2,0,2,2,0,138,63,0,,,,,,,,,,,,,,,,,,,,,,,,,,,,,,,,,,,,,"Hot Coffee with AlmondMilk -
Small",,,,,,,,,,,,,,,,,,,,,,,,,,,,,,,,
Dunkin' (PDF),"Hot Coffee with Cream - Extra
Large",,,,,65,,3,,,,150,,,,,,,,,,,,,,,,,,,,,,,,,,,,,,,,,,,,,,,,XLarge,15,8,0,45,2,0,2,0,1,381,80,0,,,,,,,,,,,,,,,,,,,,,,,,,,,,,,,,,,,,,"Hot Coffee with Cream - Extra
Large",,,,,,,,,,,,,,,,,,,,,,,,,,,,,,,,
Dunkin' (PDF),Hot Coffee with Cream - Large,,,,,55,,2,,,,120,,,,,,,,,,,,,,,,,,,,,,,,,,,,,,,,,,,,,,,,Large,12,6,0,35,2,0,2,0,1,315,64,0,,,,,,,,,,,,,,,,,,,,,,,,,,,,,,,,,,,,,Hot Coffee with Cream - Large,,,,,,,,,,,,,,,,,,,,,,,,,,,,,,,,
Dunkin' (PDF),Hot Coffee with Cream - Medium,,,,,40,,2,,,,90,,,,,,,,,,,,,,,,,,,,,,,,,,,,,,,,,,,,,,,,Medium,9,4.5,0,25,1,0,1,0,0,249,49,0,,,,,,,,,,,,,,,,,,,,,,,,,,,,,,,,,,,,,Hot Coffee with Cream - Medium,,,,,,,,,,,,,,,,,,,,,,,,,,,,,,,,
Dunkin' (PDF),Hot Coffee with Cream - Small,,,,,30,,1,,,,60,,,,,,,,,,,,,,,,,,,,,,,,,,,,,,,,,,,,,,,,Small,6,3,0,20,1,0,1,0,0,183,33,0,,,,,,,,,,,,,,,,,,,,,,,,,,,,,,,,,,,,,Hot Coffee with Cream - Small,,,,,,,,,,,,,,,,,,,,,,,,,,,,,,,,
Dunkin' (PDF),"Hot Coffee with Cream and Sugar
- Extra Large",,,,,65,,3,,,,320,,,,,,,,,,,,,,,,,,,,,,,,,,,,,,,,,,,,,,,,XLarge,15,8,0,45,46,0,46,43,1,382,80,0,,,,,,,,,,,,,,,,,,,,,,,,,,,,,,,,,,,,,"Hot Coffee with Cream and Sugar
- Extra Large",,,,,,,,,,,,,,,,,,,,,,,,,,,,,,,,
Dunkin' (PDF),"Hot Coffee with Cream and Sugar
- Large",,,,,55,,2,,,,260,,,,,,,,,,,,,,,,,,,,,,,,,,,,,,,,,,,,,,,,Large,12,6,0,35,37,0,36,35,1,316,65,0,,,,,,,,,,,,,,,,,,,,,,,,,,,,,,,,,,,,,"Hot Coffee with Cream and Sugar
- Large",,,,,,,,,,,,,,,,,,,,,,,,,,,,,,,,
Dunkin' (PDF),"Hot Coffee with Cream and Sugar
- Medium",,,,,40,,2,,,,190,,,,,,,,,,,,,,,,,,,,,,,,,,,,,,,,,,,,,,,,Medium,9,4.5,0,25,27,0,27,26,0,250,49,0,,,,,,,,,,,,,,,,,,,,,,,,,,,,,,,,,,,,,"Hot Coffee with Cream and Sugar
- Medium",,,,,,,,,,,,,,,,,,,,,,,,,,,,,,,,
Dunkin' (PDF),"Hot Coffee with Cream and Sugar
- Small",,,,,30,,1,,,,130,,,,,,,,,,,,,,,,,,,,,,,,,,,,,,,,,,,,,,,,Small,6,3,0,20,18,0,18,17,0,184,34,0,,,,,,,,,,,,,,,,,,,,,,,,,,,,,,,,,,,,,"Hot Coffee with Cream and Sugar
- Small",,,,,,,,,,,,,,,,,,,,,,,,,,,,,,,,
Dunkin' (PDF),"Hot Coffee with Oatmilk - Extra
Large",,,,,65,,1,,,,60,,,,,,,,,,,,,,,,,,,,,,,,,,,,,,,,,,,,,,,,XLarge,1.5,0,0,0,10,1,2,2,3,427,177,0,,,,,,,,,,,,,,,,,,,,,,,,,,,,,,,,,,,,,"Hot Coffee with Oatmilk - Extra
Large",,,,,,,,,,,,,,,,,,,,,,,,,,,,,,,,
Dunkin' (PDF),Hot Coffee with Oatmilk - Large,,,,,50,,1,,,,45,,,,,,,,,,,,,,,,,,,,,,,,,,,,,,,,,,,,,,,,Large,1.5,0,0,0,8,1,2,1,2,340,133,0,,,,,,,,,,,,,,,,,,,,,,,,,,,,,,,,,,,,,Hot Coffee with Oatmilk - Large,,,,,,,,,,,,,,,,,,,,,,,,,,,,,,,,
Dunkin' (PDF),Hot Coffee with Oatmilk - Medium,,,,,35,,1,,,,30,,,,,,,,,,,,,,,,,,,,,,,,,,,,,,,,,,,,,,,,Medium,1,0,0,0,5,1,1,1,1,253,90,0,,,,,,,,,,,,,,,,,,,,,,,,,,,,,,,,,,,,,Hot Coffee with Oatmilk - Medium,,,,,,,,,,,,,,,,,,,,,,,,,,,,,,,,
Dunkin' (PDF),Hot Coffee with Oatmilk - Small,,,,,20,,1,,,,15,,,,,,,,,,,,,,,,,,,,,,,,,,,,,,,,,,,,,,,,Small,0,0,0,0,3,0,1,0,1,165,47,0,,,,,,,,,,,,,,,,,,,,,,,,,,,,,,,,,,,,,Hot Coffee with Oatmilk - Small,,,,,,,,,,,,,,,,,,,,,,,,,,,,,,,,
Dunkin' (PDF),"Hot Coffee with Skim Milk - Extra
Large",,,,,45,,3,,,,30,,,,,,,,,,,,,,,,,,,,,,,,,,,,,,,,,,,,,,,,XLarge,0,0,0,0,4,0,4,0,1,396,105,0,,,,,,,,,,,,,,,,,,,,,,,,,,,,,,,,,,,,,"Hot Coffee with Skim Milk - Extra
Large",,,,,,,,,,,,,,,,,,,,,,,,,,,,,,,,
Dunkin' (PDF),Hot Coffee with Skim Milk - Large,,,,,35,,3,,,,25,,,,,,,,,,,,,,,,,,,,,,,,,,,,,,,,,,,,,,,,Large,0,0,0,0,3,0,3,0,1,328,84,0,,,,,,,,,,,,,,,,,,,,,,,,,,,,,,,,,,,,,Hot Coffee with Skim Milk - Large,,,,,,,,,,,,,,,,,,,,,,,,,,,,,,,,
Dunkin' (PDF),"Hot Coffee with Skim Milk -
Medium",,,,,25,,2,,,,20,,,,,,,,,,,,,,,,,,,,,,,,,,,,,,,,,,,,,,,,Medium,0,0,0,0,2,0,2,0,1,259,64,0,,,,,,,,,,,,,,,,,,,,,,,,,,,,,,,,,,,,,"Hot Coffee with Skim Milk -
Medium",,,,,,,,,,,,,,,,,,,,,,,,,,,,,,,,
Dunkin' (PDF),Hot Coffee with Skim Milk - Small,,,,,20,,1,,,,15,,,,,,,,,,,,,,,,,,,,,,,,,,,,,,,,,,,,,,,,Small,0,0,0,0,2,0,2,0,0,190,43,0,,,,,,,,,,,,,,,,,,,,,,,,,,,,,,,,,,,,,Hot Coffee with Skim Milk - Small,,,,,,,,,,,,,,,,,,,,,,,,,,,,,,,,
Dunkin' (PDF),"Hot Coffee with Skim Milk and
Sugar - Extra Large",,,,,45,,3,,,,200,,,,,,,,,,,,,,,,,,,,,,,,,,,,,,,,,,,,,,,,XLarge,0,0,0,0,47,0,47,43,1,398,105,0,,,,,,,,,,,,,,,,,,,,,,,,,,,,,,,,,,,,,"Hot Coffee with Skim Milk and
Sugar - Extra Large",,,,,,,,,,,,,,,,,,,,,,,,,,,,,,,,
Dunkin' (PDF),"Hot Coffee with Skim Milk and
Sugar - Large",,,,,35,,3,,,,160,,,,,,,,,,,,,,,,,,,,,,,,,,,,,,,,,,,,,,,,Large,0,0,0,0,38,0,38,35,1,329,85,0,,,,,,,,,,,,,,,,,,,,,,,,,,,,,,,,,,,,,"Hot Coffee with Skim Milk and
Sugar - Large",,,,,,,,,,,,,,,,,,,,,,,,,,,,,,,,
Dunkin' (PDF),"Hot Coffee with Skim Milk and
Sugar - Medium",,,,,25,,2,,,,120,,,,,,,,,,,,,,,,,,,,,,,,,,,,,,,,,,,,,,,,Medium,0,0,0,0,28,0,28,26,1,260,64,0,,,,,,,,,,,,,,,,,,,,,,,,,,,,,,,,,,,,,"Hot Coffee with Skim Milk and
Sugar - Medium",,,,,,,,,,,,,,,,,,,,,,,,,,,,,,,,
Dunkin' (PDF),"Hot Coffee with Skim Milk and
Sugar - Small",,,,,20,,1,,,,80,,,,,,,,,,,,,,,,,,,,,,,,,,,,,,,,,,,,,,,,Small,0,0,0,0,19,0,19,17,0,190,43,0,,,,,,,,,,,,,,,,,,,,,,,,,,,,,,,,,,,,,"Hot Coffee with Skim Milk and
Sugar - Small",,,,,,,,,,,,,,,,,,,,,,,,,,,,,,,,
Dunkin' (PDF),"Hot Coffee with Sugar - Extra
Large",,,,,15,,1,,,,170,,,,,,,,,,,,,,,,,,,,,,,,,,,,,,,,,,,,,,,,XLarge,0,0,0,0,44,0,43,43,0,311,13,0,,,,,,,,,,,,,,,,,,,,,,,,,,,,,,,,,,,,,"Hot Coffee with Sugar - Extra
Large",,,,,,,,,,,,,,,,,,,,,,,,,,,,,,,,
Dunkin' (PDF),Hot Coffee with Sugar - Large,,,,,10,,1,,,,140,,,,,,,,,,,,,,,,,,,,,,,,,,,,,,,,,,,,,,,,Large,0,0,0,0,35,0,35,35,0,260,11,0,,,,,,,,,,,,,,,,,,,,,,,,,,,,,,,,,,,,,Hot Coffee with Sugar - Large,,,,,,,,,,,,,,,,,,,,,,,,,,,,,,,,
Dunkin' (PDF),Hot Coffee with Sugar - Medium,,,,,10,,1,,,,110,,,,,,,,,,,,,,,,,,,,,,,,,,,,,,,,,,,,,,,,Medium,0,0,0,0,26,0,26,26,0,208,9,0,,,,,,,,,,,,,,,,,,,,,,,,,,,,,,,,,,,,,Hot Coffee with Sugar - Medium,,,,,,,,,,,,,,,,,,,,,,,,,,,,,,,,
Dunkin' (PDF),Hot Coffee with Sugar - Small,,,,,5,,0,,,,70,,,,,,,,,,,,,,,,,,,,,,,,,,,,,,,,,,,,,,,,Small,0,0,0,0,17,0,17,17,0,156,7,0,,,,,,,,,,,,,,,,,,,,,,,,,,,,,,,,,,,,,Hot Coffee with Sugar - Small,,,,,,,,,,,,,,,,,,,,,,,,,,,,,,,,
Dunkin' (PDF),"Hot Coffee with Whole Milk -
Extra Large",,,,,45,,3,,,,50,,,,,,,,,,,,,,,,,,,,,,,,,,,,,,,,,,,,,,,,XLarge,2.5,1.5,0,10,4,0,4,0,1,379,98,0,,,,,,,,,,,,,,,,,,,,,,,,,,,,,,,,,,,,,"Hot Coffee with Whole Milk -
Extra Large",,,,,,,,,,,,,,,,,,,,,,,,,,,,,,,,
Dunkin' (PDF),"Hot Coffee with Whole Milk -
Large",,,,,35,,2,,,,40,,,,,,,,,,,,,,,,,,,,,,,,,,,,,,,,,,,,,,,,Large,2,1,0,5,3,0,3,0,1,313,78,0,,,,,,,,,,,,,,,,,,,,,,,,,,,,,,,,,,,,,"Hot Coffee with Whole Milk -
Large",,,,,,,,,,,,,,,,,,,,,,,,,,,,,,,,
Dunkin' (PDF),"Hot Coffee with Whole Milk -
Medium",,,,,25,,2,,,,30,,,,,,,,,,,,,,,,,,,,,,,,,,,,,,,,,,,,,,,,Medium,1.5,1,0,5,2,0,2,0,1,248,59,0,,,,,,,,,,,,,,,,,,,,,,,,,,,,,,,,,,,,,"Hot Coffee with Whole Milk -
Medium",,,,,,,,,,,,,,,,,,,,,,,,,,,,,,,,
Dunkin' (PDF),"Hot Coffee with Whole Milk -
Small",,,,,20,,1,,,,20,,,,,,,,,,,,,,,,,,,,,,,,,,,,,,,,,,,,,,,,Small,1,0.5,0,5,1,0,1,0,0,183,40,0,,,,,,,,,,,,,,,,,,,,,,,,,,,,,,,,,,,,,"Hot Coffee with Whole Milk -
Small",,,,,,,,,,,,,,,,,,,,,,,,,,,,,,,,
Dunkin' (PDF),"Hot Coffee with Whole Milk and
Sugar - Extra Large",,,,,45,,3,,,,220,,,,,,,,,,,,,,,,,,,,,,,,,,,,,,,,,,,,,,,,XLarge,2.5,1.5,0,10,47,0,47,43,1,380,98,0,,,,,,,,,,,,,,,,,,,,,,,,,,,,,,,,,,,,,"Hot Coffee with Whole Milk and
Sugar - Extra Large",,,,,,,,,,,,,,,,,,,,,,,,,,,,,,,,
Dunkin' (PDF),"Hot Coffee with Whole Milk and
Sugar - Large",,,,,35,,2,,,,190,,,,,,,,,,,,,,,,,,,,,,,,,,,,,,,,,,,,,,,,Large,2,1,0,5,42,0,42,39,1,314,79,0,,,,,,,,,,,,,,,,,,,,,,,,,,,,,,,,,,,,,"Hot Coffee with Whole Milk and
Sugar - Large",,,,,,,,,,,,,,,,,,,,,,,,,,,,,,,,
Dunkin' (PDF),"Hot Coffee with Whole Milk and
Sugar - Medium",,,,,30,,2,,,,130,,,,,,,,,,,,,,,,,,,,,,,,,,,,,,,,,,,,,,,,Medium,1.5,1,0,5,28,0,28,26,1,249,60,0,,,,,,,,,,,,,,,,,,,,,,,,,,,,,,,,,,,,,"Hot Coffee with Whole Milk and
Sugar - Medium",,,,,,,,,,,,,,,,,,,,,,,,,,,,,,,,
Dunkin' (PDF),"Hot Coffee with Whole Milk and
Sugar - Small",,,,,20,,1,,,,90,,,,,,,,,,,,,,,,,,,,,,,,,,,,,,,,,,,,,,,,Small,1,0.5,0,5,19,0,19,17,0,183,40,0,,,,,,,,,,,,,,,,,,,,,,,,,,,,,,,,,,,,,"Hot Coffee with Whole Milk and
Sugar - Small",,,,,,,,,,,,,,,,,,,,,,,,,,,,,,,,
Dunkin' (PDF),"Mocha Swirl Hot Coffee - Extra
Large",,,,,45,,3,,,,260,,,,,,,,,,,,,,,,,,,,,,,,,,,,,,,,,,,,,,,,XLarge,1,0.5,0,0,63,3,57,57,0,717,25,2,,,,,,,,,,,,,,,,,,,,,,,,,,,,,,,,,,,,,"Mocha Swirl Hot Coffee - Extra
Large",,,,,,,,,,,,,,,,,,,,,,,,,,,,,,,,
Dunkin' (PDF),Mocha Swirl Hot Coffee - Large,,,,,40,,2,,,,210,,,,,,,,,,,,,,,,,,,,,,,,,,,,,,,,,,,,,,,,Large,1,0,0,0,50,2,46,46,0,584,20,2,,,,,,,,,,,,,,,,,,,,,,,,,,,,,,,,,,,,,Mocha Swirl Hot Coffee - Large,,,,,,,,,,,,,,,,,,,,,,,,,,,,,,,,
Dunkin' (PDF),Mocha Swirl Hot Coffee - Medium,,,,,30,,2,,,,160,,,,,,,,,,,,,,,,,,,,,,,,,,,,,,,,,,,,,,,,Medium,0.5,0,0,0,38,2,34,34,0,451,16,1,,,,,,,,,,,,,,,,,,,,,,,,,,,,,,,,,,,,,Mocha Swirl Hot Coffee - Medium,,,,,,,,,,,,,,,,,,,,,,,,,,,,,,,,
Dunkin' (PDF),Mocha Swirl Hot Coffee - Small,,,,,20,,1,,,,110,,,,,,,,,,,,,,,,,,,,,,,,,,,,,,,,,,,,,,,,Small,0,0,0,0,25,1,23,23,0,318,11,1,,,,,,,,,,,,,,,,,,,,,,,,,,,,,,,,,,,,,Mocha Swirl Hot Coffee - Small,,,,,,,,,,,,,,,,,,,,,,,,,,,,,,,,
Dunkin' (PDF),"Mocha Swirl Hot Coffee with
Cream - Extra Large",,,,,100,,5,,,,410,,,,,,,,,,,,,,,,,,,,,,,,,,,,,,,,,,,,,,,,XLarge,15,8,0,45,65,3,59,57,1,787,92,2,,,,,,,,,,,,,,,,,,,,,,,,,,,,,,,,,,,,,"Mocha Swirl Hot Coffee with
Cream - Extra Large",,,,,,,,,,,,,,,,,,,,,,,,,,,,,,,,
Dunkin' (PDF),"Mocha Swirl Hot Coffee with
Cream - Large",,,,,80,,4,,,,330,,,,,,,,,,,,,,,,,,,,,,,,,,,,,,,,,,,,,,,,Large,12,7,0,35,52,2,47,46,1,650,74,2,,,,,,,,,,,,,,,,,,,,,,,,,,,,,,,,,,,,,"Mocha Swirl Hot Coffee with
Cream - Large",,,,,,,,,,,,,,,,,,,,,,,,,,,,,,,,
Dunkin' (PDF),"Mocha Swirl Hot Coffee with
Cream - Medium",,,,,60,,3,,,,240,,,,,,,,,,,,,,,,,,,,,,,,,,,,,,,,,,,,,,,,Medium,9,5,0,25,39,2,35,34,0,493,56,1,,,,,,,,,,,,,,,,,,,,,,,,,,,,,,,,,,,,,"Mocha Swirl Hot Coffee with
Cream - Medium",,,,,,,,,,,,,,,,,,,,,,,,,,,,,,,,
Dunkin' (PDF),"Mocha Swirl Hot Coffee with
Cream - Small",,,,,40,,2,,,,160,,,,,,,,,,,,,,,,,,,,,,,,,,,,,,,,,,,,,,,,Small,6,3.5,0,20,26,1,24,23,0,346,38,1,,,,,,,,,,,,,,,,,,,,,,,,,,,,,,,,,,,,,"Mocha Swirl Hot Coffee with
Cream - Small",,,,,,,,,,,,,,,,,,,,,,,,,,,,,,,,
Dunkin' (PDF),Café con Leche - Large,,,,,170,,12,,,,340,,,,,,,,,,,,,,,,,,,,,,,,,,,,,,,,,,,,,,,,Large,12,7,0,35,47,0,46,28,5,576,415,0,,,,,,,,,,,,,,,,,,,,,,,,,,,,,,,,,,,,,,Café con Leche - Large,,,,,,,,,,,,,,,,,,,,,,,,,,,,,,,
Dunkin' (PDF),Café con Leche - Medium,,,,,125,,9,,,,250,,,,,,,,,,,,,,,,,,,,,,,,,,,,,,,,,,,,,,,,Medium,9,5,0,25,35,0,34,21,4,427,312,0,,,,,,,,,,,,,,,,,,,,,,,,,,,,,,,,,,,,,,Café con Leche - Medium,,,,,,,,,,,,,,,,,,,,,,,,,,,,,,,
Dunkin' (PDF),Café con Leche - Small,,,,,85,,6,,,,170,,,,,,,,,,,,,,,,,,,,,,,,,,,,,,,,,,,,,,,,Small,6,3.5,0,20,23,0,23,14,2,288,208,0,,,,,,,,,,,,,,,,,,,,,,,,,,,,,,,,,,,,,,Café con Leche - Small,,,,,,,,,,,,,,,,,,,,,,,,,,,,,,,
Dunkin' (PDF),Espresso with Sugar,,,,,5,,0,,,,60,,,,,,,,,,,,,,,,,,,,,,,,,,,,,,,,,,,,,,,,Single Shot,0,0,0,0,15,0,14,14,0,46,1,0,,,,,,,,,,,,,,,,,,,,,,,,,,,,,,,,,,,,,,Espresso with Sugar,,,,,,,,,,,,,,,,,,,,,,,,,,,,,,,
Dunkin' (PDF),Hot Espresso,,,,,5,,0,,,,5,,,,,,,,,,,,,,,,,,,,,,,,,,,,,,,,,,,,,,,,Single Shot,0,0,0,0,1,0,0,0,0,46,1,0,,,,,,,,,,,,,,,,,,,,,,,,,,,,,,,,,,,,,,Hot Espresso,,,,,,,,,,,,,,,,,,,,,,,,,,,,,,,
Dunkin' (PDF),"Butter Pecan Swirl Hot Latte with
Skim Milk - Large",,,,,420,,16,,,,350,,,,,,,,,,,,,,,,,,,,,,,,,,,,,,,,,,,,,,,,Large,0.5,0,0,10,70,0,66,42,4,844,580,0,,,,,,,,,,,,,,"Butter Pecan Swirl Hot Latte with
Skim Milk - Large",,,,,,,,,,,,,,,,,,,,,,,,,,,,,,,,,,,,,,,,,,,,,,,,,,,,,,,
Dunkin' (PDF),"Butter Pecan Swirl Hot Latte with
Skim Milk - Medium",,,,,320,,12,,,,260,,,,,,,,,,,,,,,,,,,,,,,,,,,,,,,,,,,,,,,,Medium,0,0,0,5,52,0,50,31,3,628,435,0,,,,,,,,,,,,,,"Butter Pecan Swirl Hot Latte with
Skim Milk - Medium",,,,,,,,,,,,,,,,,,,,,,,,,,,,,,,,,,,,,,,,,,,,,,,,,,,,,,,
Dunkin' (PDF),"Butter Pecan Swirl Hot Latte with
Skim Milk - Small",,,,,210,,8,,,,170,,,,,,,,,,,,,,,,,,,,,,,,,,,,,,,,,,,,,,,,Small,0,0,0,5,35,0,33,21,2,422,290,0,,,,,,,,,,,,,,"Butter Pecan Swirl Hot Latte with
Skim Milk - Small",,,,,,,,,,,,,,,,,,,,,,,,,,,,,,,,,,,,,,,,,,,,,,,,,,,,,,,
Dunkin' (PDF),"Butter Pecan Swirl Hot Latte with
Whole Milk - Large",,,,,430,,15,,,,450,,,,,,,,,,,,,,,,,,,,,,,,,,,,,,,,,,,,,,,,Large,12,7,0,40,69,0,66,42,5,754,546,0,,,,,,,,,,,,,,"Butter Pecan Swirl Hot Latte with
Whole Milk - Large",,,,,,,,,,,,,,,,,,,,,,,,,,,,,,,,,,,,,,,,,,,,,,,,,,,,,,,
Dunkin' (PDF),"Butter Pecan Swirl Hot Latte with
Whole Milk - Medium",,,,,320,,11,,,,330,,,,,,,,,,,,,,,,,,,,,,,,,,,,,,,,,,,,,,,,Medium,9,5,0,30,52,0,49,31,4,561,409,0,,,,,,,,,,,,,,"Butter Pecan Swirl Hot Latte with
Whole Milk - Medium",,,,,,,,,,,,,,,,,,,,,,,,,,,,,,,,,,,,,,,,,,,,,,,,,,,,,,,
Dunkin' (PDF),"Butter Pecan Swirl Hot Latte with
Whole Milk - Small",,,,,210,,7,,,,220,,,,,,,,,,,,,,,,,,,,,,,,,,,,,,,,,,,,,,,,Small,6,3.5,0,20,35,0,33,21,2,377,273,0,,,,,,,,,,,,,,"Butter Pecan Swirl Hot Latte with
Whole Milk - Small",,,,,,,,,,,,,,,,,,,,,,,,,,,,,,,,,,,,,,,,,,,,,,,,,,,,,,,
Dunkin' (PDF),"Caramel Craze Signature Hot
Latte with Skim Milk - Large",,,,,240,,16,,,,440,,,,,,,,,,,,,,,,,,,,,,,,,,,,,,,,,,,,,,,,Large,6,3.5,0,30,80,0,75,51,5,1070,576,0,,,,,,,,,,,,,,"Caramel Craze Signature Hot
Latte with Skim Milk - Large",,,,,,,,,,,,,,,,,,,,,,,,,,,,,,,,,,,,,,,,,,,,,,,,,,,,,,,
Dunkin' (PDF),"Caramel Craze Signature Hot
Latte with Skim Milk - Medium",,,,,180,,12,,,,340,,,,,,,,,,,,,,,,,,,,,,,,,,,,,,,,,,,,,,,,Medium,5,3,0,25,61,0,57,39,3,806,436,0,,,,,,,,,,,,,,"Caramel Craze Signature Hot
Latte with Skim Milk - Medium",,,,,,,,,,,,,,,,,,,,,,,,,,,,,,,,,,,,,,,,,,,,,,,,,,,,,,,
Dunkin' (PDF),"Caramel Craze Signature Hot
Latte with Skim Milk - Small",,,,,125,,8,,,,250,,,,,,,,,,,,,,,,,,,,,,,,,,,,,,,,,,,,,,,,Small,5,3,0,20,43,0,40,27,2,552,298,0,,,,,,,,,,,,,,"Caramel Craze Signature Hot
Latte with Skim Milk - Small",,,,,,,,,,,,,,,,,,,,,,,,,,,,,,,,,,,,,,,,,,,,,,,,,,,,,,,
Dunkin' (PDF),"Caramel Craze Signature Hot
Latte with Whole Milk - Large",,,,,250,,15,,,,530,,,,,,,,,,,,,,,,,,,,,,,,,,,,,,,,,,,,,,,,Large,17,10,0.5,60,79,0,74,51,5,981,542,0,,,,,,,,,,,,,,"Caramel Craze Signature Hot
Latte with Whole Milk - Large",,,,,,,,,,,,,,,,,,,,,,,,,,,,,,,,,,,,,,,,,,,,,,,,,,,,,,,
Dunkin' (PDF),"Caramel Craze Signature Hot
Latte with Whole Milk - Medium",,,,,190,,11,,,,410,,,,,,,,,,,,,,,,,,,,,,,,,,,,,,,,,,,,,,,,Medium,14,8,0,45,61,0,57,39,4,739,410,0,,,,,,,,,,,,,,"Caramel Craze Signature Hot
Latte with Whole Milk - Medium",,,,,,,,,,,,,,,,,,,,,,,,,,,,,,,,,,,,,,,,,,,,,,,,,,,,,,,
Dunkin' (PDF),"Caramel Craze Signature Hot
Latte with Whole Milk - Small",,,,,130,,8,,,,300,,,,,,,,,,,,,,,,,,,,,,,,,,,,,,,,,,,,,,,,Small,11,6,0,35,43,0,39,27,3,507,281,0,,,,,,,,,,,,,,"Caramel Craze Signature Hot
Latte with Whole Milk - Small",,,,,,,,,,,,,,,,,,,,,,,,,,,,,,,,,,,,,,,,,,,,,,,,,,,,,,,
Dunkin' (PDF),"Caramel Swirl Hot Latte with Skim
Milk - Large",,,,,230,,15,,,,350,,,,,,,,,,,,,,,,,,,,,,,,,,,,,,,,,,,,,,,,Large,0,0,0,10,71,0,69,46,4,"1,012",553,0,,,,,,,,,,,,,,"Caramel Swirl Hot Latte with Skim
Milk - Large",,,,,,,,,,,,,,,,,,,,,,,,,,,,,,,,,,,,,,,,,,,,,,,,,,,,,,,
Dunkin' (PDF),"Caramel Swirl Hot Latte with Skim
Milk - Medium",,,,,170,,11,,,,260,,,,,,,,,,,,,,,,,,,,,,,,,,,,,,,,,,,,,,,,Medium,0,0,0,10,53,0,52,35,3,754,415,0,,,,,,,,,,,,,,"Caramel Swirl Hot Latte with Skim
Milk - Medium",,,,,,,,,,,,,,,,,,,,,,,,,,,,,,,,,,,,,,,,,,,,,,,,,,,,,,,
Dunkin' (PDF),"Caramel Swirl Hot Latte with Skim
Milk - Small",,,,,115,,8,,,,180,,,,,,,,,,,,,,,,,,,,,,,,,,,,,,,,,,,,,,,,Small,0,0,0,5,36,0,35,23,2,506,276,0,,,,,,,,,,,,,,"Caramel Swirl Hot Latte with Skim
Milk - Small",,,,,,,,,,,,,,,,,,,,,,,,,,,,,,,,,,,,,,,,,,,,,,,,,,,,,,,
Dunkin' (PDF),"Caramel Swirl Hot Latte with
Whole Milk - Large",,,,,240,,14,,,,450,,,,,,,,,,,,,,,,,,,,,,,,,,,,,,,,,,,,,,,,Large,12,7,0,40,70,0,69,46,5,922,518,0,,,,,,,,,,,,,,"Caramel Swirl Hot Latte with
Whole Milk - Large",,,,,,,,,,,,,,,,,,,,,,,,,,,,,,,,,,,,,,,,,,,,,,,,,,,,,,,
Dunkin' (PDF),"Caramel Swirl Hot Latte with
Whole Milk - Medium",,,,,180,,11,,,,340,,,,,,,,,,,,,,,,,,,,,,,,,,,,,,,,,,,,,,,,Medium,9,5,0,30,53,0,52,35,4,687,389,0,,,,,,,,,,,,,,"Caramel Swirl Hot Latte with
Whole Milk - Medium",,,,,,,,,,,,,,,,,,,,,,,,,,,,,,,,,,,,,,,,,,,,,,,,,,,,,,,
Dunkin' (PDF),"Caramel Swirl Hot Latte with
Whole Milk - Small",,,,,120,,7,,,,230,,,,,,,,,,,,,,,,,,,,,,,,,,,,,,,,,,,,,,,,Small,6,3.5,0,20,35,0,34,23,2,461,259,0,,,,,,,,,,,,,,"Caramel Swirl Hot Latte with
Whole Milk - Small",,,,,,,,,,,,,,,,,,,,,,,,,,,,,,,,,,,,,,,,,,,,,,,,,,,,,,,
Dunkin' (PDF),"Chai Hot Latte with Skim Milk-
Large",,,,,200,,13,,,,290,,,,,,,,,,,,,,,,,,,,,,,,,,,,,,,,,,,,,,,,Large,0.5,0,0,5,58,2,54,36,4,651,450,1,,,,,,,,,,,,,,"Chai Hot Latte with Skim Milk-
Large",,,,,,,,,,,,,,,,,,,,,,,,,,,,,,,,,,,,,,,,,,,,,,,,,,,,,,,
Dunkin' (PDF),"Chai Hot Latte with Skim Milk-
Medium",,,,,150,,10,,,,220,,,,,,,,,,,,,,,,,,,,,,,,,,,,,,,,,,,,,,,,Medium,0,0,0,5,44,2,41,27,3,488,338,0,,,,,,,,,,,,,,"Chai Hot Latte with Skim Milk-
Medium",,,,,,,,,,,,,,,,,,,,,,,,,,,,,,,,,,,,,,,,,,,,,,,,,,,,,,,
Dunkin' (PDF),"Chai Hot Latte with Skim Milk-
Small",,,,,100,,7,,,,150,,,,,,,,,,,,,,,,,,,,,,,,,,,,,,,,,,,,,,,,Small,0,0,0,5,29,1,27,18,2,326,225,0,,,,,,,,,,,,,,"Chai Hot Latte with Skim Milk-
Small",,,,,,,,,,,,,,,,,,,,,,,,,,,,,,,,,,,,,,,,,,,,,,,,,,,,,,,
Dunkin' (PDF),"Chai Hot Latte with Whole Milk-
Large",,,,,200,,12,,,,390,,,,,,,,,,,,,,,,,,,,,,,,,,,,,,,,,,,,,,,,Large,12,7,0,35,57,2,54,36,5,561,416,1,,,,,,,,,,,,,,"Chai Hot Latte with Whole Milk-
Large",,,,,,,,,,,,,,,,,,,,,,,,,,,,,,,,,,,,,,,,,,,,,,,,,,,,,,,
Dunkin' (PDF),"Chai Hot Latte with Whole Milk-
Medium",,,,,150,,9,,,,290,,,,,,,,,,,,,,,,,,,,,,,,,,,,,,,,,,,,,,,,Medium,9,5,0,25,43,2,40,27,4,421,312,0,,,,,,,,,,,,,,"Chai Hot Latte with Whole Milk-
Medium",,,,,,,,,,,,,,,,,,,,,,,,,,,,,,,,,,,,,,,,,,,,,,,,,,,,,,,
Dunkin' (PDF),"Chai Hot Latte with Whole Milk-
Small",,,,,100,,6,,,,200,,,,,,,,,,,,,,,,,,,,,,,,,,,,,,,,,,,,,,,,Small,6,3.5,0,20,29,1,27,18,2,281,208,0,,,,,,,,,,,,,,"Chai Hot Latte with Whole Milk-
Small",,,,,,,,,,,,,,,,,,,,,,,,,,,,,,,,,,,,,,,,,,,,,,,,,,,,,,,
Dunkin' (PDF),"Cocoa Mocha Signature Hot Latte
with Skim Milk - Large",,,,,210,,15,,,,420,,,,,,,,,,,,,,,,,,,,,,,,,,,,,,,,,,,,,,,,Large,6,4,0,25,79,2,69,50,5,1077,480,2,,,,,,,,,,,,,,"Cocoa Mocha Signature Hot Latte
with Skim Milk - Large",,,,,,,,,,,,,,,,,,,,,,,,,,,,,,,,,,,,,,,,,,,,,,,,,,,,,,,
Dunkin' (PDF),"Cocoa Mocha Signature Hot Latte
with Skim Milk - Medium",,,,,160,,11,,,,330,,,,,,,,,,,,,,,,,,,,,,,,,,,,,,,,,,,,,,,,Medium,6,3.5,0,20,61,2,53,39,3,812,363,2,,,,,,,,,,,,,,"Cocoa Mocha Signature Hot Latte
with Skim Milk - Medium",,,,,,,,,,,,,,,,,,,,,,,,,,,,,,,,,,,,,,,,,,,,,,,,,,,,,,,
Dunkin' (PDF),"Cocoa Mocha Signature Hot Latte
with Skim Milk - Small",,,,,110,,8,,,,250,,,,,,,,,,,,,,,,,,,,,,,,,,,,,,,,,,,,,,,,Small,5,3.5,0,20,43,1,37,27,2,557,248,1,,,,,,,,,,,,,,"Cocoa Mocha Signature Hot Latte
with Skim Milk - Small",,,,,,,,,,,,,,,,,,,,,,,,,,,,,,,,,,,,,,,,,,,,,,,,,,,,,,,
Dunkin' (PDF),"Cocoa Mocha Signature Hot Latte
with Whole Milk - Large",,,,,210,,14,,,,520,,,,,,,,,,,,,,,,,,,,,,,,,,,,,,,,,,,,,,,,Large,18,11,0.5,55,78,2,68,50,5,987,445,2,,,,,,,,,,,,,,"Cocoa Mocha Signature Hot Latte
with Whole Milk - Large",,,,,,,,,,,,,,,,,,,,,,,,,,,,,,,,,,,,,,,,,,,,,,,,,,,,,,,
Dunkin' (PDF),"Cocoa Mocha Signature Hot Latte
with Whole Milk - Medium",,,,,160,,10,,,,400,,,,,,,,,,,,,,,,,,,,,,,,,,,,,,,,,,,,,,,,Medium,14,9,0,45,60,2,52,39,4,744,337,2,,,,,,,,,,,,,,"Cocoa Mocha Signature Hot Latte
with Whole Milk - Medium",,,,,,,,,,,,,,,,,,,,,,,,,,,,,,,,,,,,,,,,,,,,,,,,,,,,,,,
Dunkin' (PDF),"Cocoa Mocha Signature Hot Latte
with Whole Milk - Small",,,,,110,,7,,,,300,,,,,,,,,,,,,,,,,,,,,,,,,,,,,,,,,,,,,,,,Small,11,7,0,35,43,1,36,27,3,512,230,1,,,,,,,,,,,,,,"Cocoa Mocha Signature Hot Latte
with Whole Milk - Small",,,,,,,,,,,,,,,,,,,,,,,,,,,,,,,,,,,,,,,,,,,,,,,,,,,,,,,
Dunkin' (PDF),"French Vanilla Swirl Hot Latte
with Skim Milk - Large",,,,,220,,15,,,,350,,,,,,,,,,,,,,,,,,,,,,,,,,,,,,,,,,,,,,,,Large,0,0,0,10,71,0,67,42,4,975,534,0,,,,,,,,,,,,,,"French Vanilla Swirl Hot Latte
with Skim Milk - Large",,,,,,,,,,,,,,,,,,,,,,,,,,,,,,,,,,,,,,,,,,,,,,,,,,,,,,,
Dunkin' (PDF),"French Vanilla Swirl Hot Latte
with Skim Milk - Medium",,,,,170,,11,,,,260,,,,,,,,,,,,,,,,,,,,,,,,,,,,,,,,,,,,,,,,Medium,0,0,0,10,53,0,50,31,3,727,400,0,,,,,,,,,,,,,,"French Vanilla Swirl Hot Latte
with Skim Milk - Medium",,,,,,,,,,,,,,,,,,,,,,,,,,,,,,,,,,,,,,,,,,,,,,,,,,,,,,,
Dunkin' (PDF),"French Vanilla Swirl Hot Latte
with Skim Milk - Small",,,,,110,,7,,,,170,,,,,,,,,,,,,,,,,,,,,,,,,,,,,,,,,,,,,,,,Small,0,0,0,5,35,0,33,21,2,488,267,0,,,,,,,,,,,,,,"French Vanilla Swirl Hot Latte
with Skim Milk - Small",,,,,,,,,,,,,,,,,,,,,,,,,,,,,,,,,,,,,,,,,,,,,,,,,,,,,,,
Dunkin' (PDF),"French Vanilla Swirl Hot Latte
with Whole Milk - Large",,,,,230,,14,,,,450,,,,,,,,,,,,,,,,,,,,,,,,,,,,,,,,,,,,,,,,Large,12,7,0,40,70,0,66,42,5,885,499,0,,,,,,,,,,,,,,"French Vanilla Swirl Hot Latte
with Whole Milk - Large",,,,,,,,,,,,,,,,,,,,,,,,,,,,,,,,,,,,,,,,,,,,,,,,,,,,,,,
Dunkin' (PDF),"French Vanilla Swirl Hot Latte
with Whole Milk - Medium",,,,,170,,11,,,,330,,,,,,,,,,,,,,,,,,,,,,,,,,,,,,,,,,,,,,,,Medium,9,5,0,30,52,0,50,31,4,659,374,0,,,,,,,,,,,,,,"French Vanilla Swirl Hot Latte
with Whole Milk - Medium",,,,,,,,,,,,,,,,,,,,,,,,,,,,,,,,,,,,,,,,,,,,,,,,,,,,,,,
Dunkin' (PDF),"French Vanilla Swirl Hot Latte
with Whole Milk - Small",,,,,115,,7,,,,220,,,,,,,,,,,,,,,,,,,,,,,,,,,,,,,,,,,,,,,,Small,6,3.5,0,20,35,0,33,21,2,443,250,0,,,,,,,,,,,,,,"French Vanilla Swirl Hot Latte
with Whole Milk - Small",,,,,,,,,,,,,,,,,,,,,,,,,,,,,,,,,,,,,,,,,,,,,,,,,,,,,,,
Dunkin' (PDF),"Hot Latte with AlmondMilk -
Large",,,,,240,,2,,,,130,,,,,,,,,,,,,,,,,,,,,,,,,,,,,,,,,,,,,,,,Large,3.5,0,0,0,23,1,20,19,4,369,699,1,,,,,,,,,,,,,,"Hot Latte with AlmondMilk -
Large",,,,,,,,,,,,,,,,,,,,,,,,,,,,,,,,,,,,,,,,,,,,,,,,,,,,,,,
Dunkin' (PDF),"Hot Latte with AlmondMilk -
Medium",,,,,180,,1,,,,100,,,,,,,,,,,,,,,,,,,,,,,,,,,,,,,,,,,,,,,,Medium,3,0,0,0,17,1,15,15,3,273,525,1,,,,,,,,,,,,,,"Hot Latte with AlmondMilk -
Medium",,,,,,,,,,,,,,,,,,,,,,,,,,,,,,,,,,,,,,,,,,,,,,,,,,,,,,,
Dunkin' (PDF),"Hot Latte with AlmondMilk -
Small",,,,,120,,1,,,,70,,,,,,,,,,,,,,,,,,,,,,,,,,,,,,,,,,,,,,,,Small,2,0,0,0,11,0,10,10,2,185,350,1,,,,,,,,,,,,,,"Hot Latte with AlmondMilk -
Small",,,,,,,,,,,,,,,,,,,,,,,,,,,,,,,,,,,,,,,,,,,,,,,,,,,,,,,
Dunkin' (PDF),Hot Latte with Oatmilk - Large,,,,,180,,3,,,,180,,,,,,,,,,,,,,,,,,,,,,,,,,,,,,,,,,,,,,,,Large,5,1,0,0,32,4,7,5,9,675,503,1,,,,,,,,,,,,,,Hot Latte with Oatmilk - Large,,,,,,,,,,,,,,,,,,,,,,,,,,,,,,,,,,,,,,,,,,,,,,,,,,,,,,,
Dunkin' (PDF),Hot Latte with Oatmilk - Medium,,,,,135,,2,,,,130,,,,,,,,,,,,,,,,,,,,,,,,,,,,,,,,,,,,,,,,Medium,4,0.5,0,0,24,3,5,4,7,502,377,0,,,,,,,,,,,,,,Hot Latte with Oatmilk - Medium,,,,,,,,,,,,,,,,,,,,,,,,,,,,,,,,,,,,,,,,,,,,,,,,,,,,,,,
Dunkin' (PDF),Hot Latte with Oatmilk - Small,,,,,90,,1,,,,90,,,,,,,,,,,,,,,,,,,,,,,,,,,,,,,,,,,,,,,,Small,2.5,0,0,0,16,2,4,3,4,338,251,0,,,,,,,,,,,,,,Hot Latte with Oatmilk - Small,,,,,,,,,,,,,,,,,,,,,,,,,,,,,,,,,,,,,,,,,,,,,,,,,,,,,,,
Dunkin' (PDF),Hot Latte with Skim Milk - Large,,,,,170,,12,,,,130,,,,,,,,,,,,,,,,,,,,,,,,,,,,,,,,,,,,,,,,Large,0,0,0,5,20,0,18,0,4,665,450,0,,,,,,,,,,,,,,Hot Latte with Skim Milk - Large,,,,,,,,,,,,,,,,,,,,,,,,,,,,,,,,,,,,,,,,,,,,,,,,,,,,,,,
Dunkin' (PDF),"Hot Latte with Skim Milk -
Medium",,,,,125,,9,,,,100,,,,,,,,,,,,,,,,,,,,,,,,,,,,,,,,,,,,,,,,Medium,0,0,0,5,15,0,14,0,3,494,337,0,,,,,,,,,,,,,,"Hot Latte with Skim Milk -
Medium",,,,,,,,,,,,,,,,,,,,,,,,,,,,,,,,,,,,,,,,,,,,,,,,,,,,,,,
Dunkin' (PDF),Hot Latte with Skim Milk - Small,,,,,85,,6,,,,70,,,,,,,,,,,,,,,,,,,,,,,,,,,,,,,,,,,,,,,,Small,0,0,0,5,10,0,9,0,2,332,225,0,,,,,,,,,,,,,,Hot Latte with Skim Milk - Small,,,,,,,,,,,,,,,,,,,,,,,,,,,,,,,,,,,,,,,,,,,,,,,,,,,,,,,
Dunkin' (PDF),"Hot Latte with Skim Milk and
Sugar - Large",,,,,170,,12,,,,270,,,,,,,,,,,,,,,,,,,,,,,,,,,,,,,,,,,,,,,,Large,0,0,0,5,54,0,53,35,4,666,450,0,,,,,,,,,,,,,,"Hot Latte with Skim Milk and
Sugar - Large",,,,,,,,,,,,,,,,,,,,,,,,,,,,,,,,,,,,,,,,,,,,,,,,,,,,,,,
Dunkin' (PDF),"Hot Latte with Skim Milk and
Sugar - Medium",,,,,125,,9,,,,200,,,,,,,,,,,,,,,,,,,,,,,,,,,,,,,,,,,,,,,,Medium,0,0,0,5,41,0,40,26,3,495,337,0,,,,,,,,,,,,,,"Hot Latte with Skim Milk and
Sugar - Medium",,,,,,,,,,,,,,,,,,,,,,,,,,,,,,,,,,,,,,,,,,,,,,,,,,,,,,,
Dunkin' (PDF),"Hot Latte with Skim Milk and
Sugar - Small",,,,,85,,6,,,,130,,,,,,,,,,,,,,,,,,,,,,,,,,,,,,,,,,,,,,,,Small,0,0,0,5,27,0,26,17,2,333,225,0,,,,,,,,,,,,,,"Hot Latte with Skim Milk and
Sugar - Small",,,,,,,,,,,,,,,,,,,,,,,,,,,,,,,,,,,,,,,,,,,,,,,,,,,,,,,
Dunkin' (PDF),Hot Latte with Whole Milk - Large,,,,,170,,12,,,,230,,,,,,,,,,,,,,,,,,,,,,,,,,,,,,,,,,,,,,,,Large,12,7,0,35,19,0,18,0,5,575,415,0,,,,,,,,,,,,,,Hot Latte with Whole Milk - Large,,,,,,,,,,,,,,,,,,,,,,,,,,,,,,,,,,,,,,,,,,,,,,,,,,,,,,,
Dunkin' (PDF),"Hot Latte with Whole Milk -
Medium",,,,,125,,9,,,,170,,,,,,,,,,,,,,,,,,,,,,,,,,,,,,,,,,,,,,,,Medium,9,5,0,25,14,0,13,0,4,427,311,0,,,,,,,,,,,,,,"Hot Latte with Whole Milk -
Medium",,,,,,,,,,,,,,,,,,,,,,,,,,,,,,,,,,,,,,,,,,,,,,,,,,,,,,,
Dunkin' (PDF),Hot Latte with Whole Milk - Small,,,,,85,,6,,,,120,,,,,,,,,,,,,,,,,,,,,,,,,,,,,,,,,,,,,,,,Small,6,3.5,0,20,9,0,9,0,2,288,208,0,,,,,,,,,,,,,,Hot Latte with Whole Milk - Small,,,,,,,,,,,,,,,,,,,,,,,,,,,,,,,,,,,,,,,,,,,,,,,,,,,,,,,
Dunkin' (PDF),"Hot Latte with Whole Milk and
Sugar - Large",,,,,170,,12,,,,370,,,,,,,,,,,,,,,,,,,,,,,,,,,,,,,,,,,,,,,,Large,12,7,0,35,54,0,52,35,5,576,416,0,,,,,,,,,,,,,,"Hot Latte with Whole Milk and
Sugar - Large",,,,,,,,,,,,,,,,,,,,,,,,,,,,,,,,,,,,,,,,,,,,,,,,,,,,,,,
Dunkin' (PDF),"Hot Latte with Whole Milk and
Sugar - Medium",,,,,125,,9,,,,270,,,,,,,,,,,,,,,,,,,,,,,,,,,,,,,,,,,,,,,,Medium,9,5,0,25,40,0,39,26,4,427,312,0,,,,,,,,,,,,,,"Hot Latte with Whole Milk and
Sugar - Medium",,,,,,,,,,,,,,,,,,,,,,,,,,,,,,,,,,,,,,,,,,,,,,,,,,,,,,,
Dunkin' (PDF),"Hot Latte with Whole Milk and
Sugar - Small",,,,,85,,6,,,,180,,,,,,,,,,,,,,,,,,,,,,,,,,,,,,,,,,,,,,,,Small,6,3.5,0,20,27,0,26,17,2,288,208,0,,,,,,,,,,,,,,"Hot Latte with Whole Milk and
Sugar - Small",,,,,,,,,,,,,,,,,,,,,,,,,,,,,,,,,,,,,,,,,,,,,,,,,,,,,,,
Dunkin' (PDF),"Matcha Hot Latte with Skim Milk
- Large",,,,,150,,14,,,,240,,,,,,,,,,,,,,,,,,,,,,,,,,,,,,,,,,,,,,,,Large,0,0,0,5,45,2,43,25,8,573,448,0,,,,,,,,,,,,,,"Matcha Hot Latte with Skim Milk
- Large",,,,,,,,,,,,,,,,,,,,,,,,,,,,,,,,,,,,,,,,,,,,,,,,,,,,,,,
Dunkin' (PDF),"Matcha Hot Latte with Skim Milk
- Medium",,,,,115,,11,,,,180,,,,,,,,,,,,,,,,,,,,,,,,,,,,,,,,,,,,,,,,Medium,0,0,0,5,34,1,32,19,6,430,336,0,,,,,,,,,,,,,,"Matcha Hot Latte with Skim Milk
- Medium",,,,,,,,,,,,,,,,,,,,,,,,,,,,,,,,,,,,,,,,,,,,,,,,,,,,,,,
Dunkin' (PDF),"Matcha Hot Latte with Skim Milk
- Small",,,,,75,,7,,,,120,,,,,,,,,,,,,,,,,,,,,,,,,,,,,,,,,,,,,,,,Small,0,0,0,5,23,1,22,12,4,286,224,0,,,,,,,,,,,,,,"Matcha Hot Latte with Skim Milk
- Small",,,,,,,,,,,,,,,,,,,,,,,,,,,,,,,,,,,,,,,,,,,,,,,,,,,,,,,
Dunkin' (PDF),"Matcha Hot Latte with Whole Milk
- Large",,,,,160,,13,,,,340,,,,,,,,,,,,,,,,,,,,,,,,,,,,,,,,,,,,,,,,Large,12,7,0,35,44,2,43,25,9,483,414,0,,,,,,,,,,,,,,"Matcha Hot Latte with Whole Milk
- Large",,,,,,,,,,,,,,,,,,,,,,,,,,,,,,,,,,,,,,,,,,,,,,,,,,,,,,,
Dunkin' (PDF),"Matcha Hot Latte with Whole Milk
- Medium",,,,,120,,10,,,,250,,,,,,,,,,,,,,,,,,,,,,,,,,,,,,,,,,,,,,,,Medium,9,5,0,25,33,1,32,19,6,362,310,0,,,,,,,,,,,,,,"Matcha Hot Latte with Whole Milk
- Medium",,,,,,,,,,,,,,,,,,,,,,,,,,,,,,,,,,,,,,,,,,,,,,,,,,,,,,,
Dunkin' (PDF),"Matcha Hot Latte with Whole Milk
- Small",,,,,80,,7,,,,170,,,,,,,,,,,,,,,,,,,,,,,,,,,,,,,,,,,,,,,,Small,6,3.5,0,20,22,1,21,12,4,242,207,0,,,,,,,,,,,,,,"Matcha Hot Latte with Whole Milk
- Small",,,,,,,,,,,,,,,,,,,,,,,,,,,,,,,,,,,,,,,,,,,,,,,,,,,,,,,
Dunkin' (PDF),"Mocha Swirl Hot Latte with Skim
Milk - Large",,,,,200,,14,,,,340,,,,,,,,,,,,,,,,,,,,,,,,,,,,,,,,,,,,,,,,Large,1,0.5,0,5,70,2,64,46,4,"1,016",460,2,,,,,,,,,,,,,,"Mocha Swirl Hot Latte with Skim
Milk - Large",,,,,,,,,,,,,,,,,,,,,,,,,,,,,,,,,,,,,,,,,,,,,,,,,,,,,,,
Dunkin' (PDF),"Mocha Swirl Hot Latte with Skim
Milk - Medium",,,,,150,,10,,,,250,,,,,,,,,,,,,,,,,,,,,,,,,,,,,,,,,,,,,,,,Medium,1,0.5,0,5,52,2,48,34,3,757,345,1,,,,,,,,,,,,,,"Mocha Swirl Hot Latte with Skim
Milk - Medium",,,,,,,,,,,,,,,,,,,,,,,,,,,,,,,,,,,,,,,,,,,,,,,,,,,,,,,
Dunkin' (PDF),"Mocha Swirl Hot Latte with Skim
Milk - Small",,,,,100,,7,,,,170,,,,,,,,,,,,,,,,,,,,,,,,,,,,,,,,,,,,,,,,Small,0.5,0,0,5,35,1,32,23,2,508,230,1,,,,,,,,,,,,,,"Mocha Swirl Hot Latte with Skim
Milk - Small",,,,,,,,,,,,,,,,,,,,,,,,,,,,,,,,,,,,,,,,,,,,,,,,,,,,,,,
Dunkin' (PDF),"Mocha Swirl Hot Latte with Whole
Milk - Large",,,,,200,,13,,,,440,,,,,,,,,,,,,,,,,,,,,,,,,,,,,,,,,,,,,,,,Large,13,7,0,35,69,2,63,46,5,926,426,2,,,,,,,,,,,,,,"Mocha Swirl Hot Latte with Whole
Milk - Large",,,,,,,,,,,,,,,,,,,,,,,,,,,,,,,,,,,,,,,,,,,,,,,,,,,,,,,
Dunkin' (PDF),"Mocha Swirl Hot Latte with Whole
Milk - Medium",,,,,150,,10,,,,330,,,,,,,,,,,,,,,,,,,,,,,,,,,,,,,,,,,,,,,,Medium,10,6,0,25,52,2,47,34,4,690,319,1,,,,,,,,,,,,,,"Mocha Swirl Hot Latte with Whole
Milk - Medium",,,,,,,,,,,,,,,,,,,,,,,,,,,,,,,,,,,,,,,,,,,,,,,,,,,,,,,
Dunkin' (PDF),"Mocha Swirl Hot Latte with Whole
Milk - Small",,,,,100,,7,,,,220,,,,,,,,,,,,,,,,,,,,,,,,,,,,,,,,,,,,,,,,Small,6,3.5,0,20,35,1,32,23,2,463,213,1,,,,,,,,,,,,,,"Mocha Swirl Hot Latte with Whole
Milk - Small",,,,,,,,,,,,,,,,,,,,,,,,,,,,,,,,,,,,,,,,,,,,,,,,,,,,,,,
Dunkin' (PDF),"Butter Pecan Swirl Hot Macchiato
with Skim Milk - Large",,,,,380,,12,,,,310,,,,,,,,,,,,,,,,,,,,,,,,,,,,,,,,,,,,,,,,Large,0,0,0,5,64,0,60,42,3,699,432,0,,,,,,,,,,,,,,,,,,,,,,,,,,,,,,,,,,,,,,,"Butter Pecan Swirl Hot Macchiato
with Skim Milk - Large",,,,,,,,,,,,,,,,,,,,,,,,,,,,,,
Dunkin' (PDF),"Butter Pecan Swirl Hot Macchiato
with Skim Milk - Medium",,,,,280,,9,,,,230,,,,,,,,,,,,,,,,,,,,,,,,,,,,,,,,,,,,,,,,Medium,0,0,0,5,48,0,45,31,2,531,324,0,,,,,,,,,,,,,,,,,,,,,,,,,,,,,,,,,,,,,,,"Butter Pecan Swirl Hot Macchiato
with Skim Milk - Medium",,,,,,,,,,,,,,,,,,,,,,,,,,,,,,
Dunkin' (PDF),"Butter Pecan Swirl Hot Macchiato
with Skim Milk - Small",,,,,190,,6,,,,160,,,,,,,,,,,,,,,,,,,,,,,,,,,,,,,,,,,,,,,,Small,0,0,0,5,33,0,30,21,1,372,216,0,,,,,,,,,,,,,,,,,,,,,,,,,,,,,,,,,,,,,,,"Butter Pecan Swirl Hot Macchiato
with Skim Milk - Small",,,,,,,,,,,,,,,,,,,,,,,,,,,,,,
Dunkin' (PDF),"Butter Pecan Swirl Hot Macchiato
with Whole Milk - Large",,,,,380,,11,,,,380,,,,,,,,,,,,,,,,,,,,,,,,,,,,,,,,,,,,,,,,Large,8,4.5,0,25,64,0,60,42,3,639,409,0,,,,,,,,,,,,,,,,,,,,,,,,,,,,,,,,,,,,,,,"Butter Pecan Swirl Hot Macchiato
with Whole Milk - Large",,,,,,,,,,,,,,,,,,,,,,,,,,,,,,
Dunkin' (PDF),"Butter Pecan Swirl Hot Macchiato
with Whole Milk - Medium",,,,,290,,8,,,,280,,,,,,,,,,,,,,,,,,,,,,,,,,,,,,,,,,,,,,,,Medium,6,3.5,0,20,48,0,45,31,2,486,307,0,,,,,,,,,,,,,,,,,,,,,,,,,,,,,,,,,,,,,,,"Butter Pecan Swirl Hot Macchiato
with Whole Milk - Medium",,,,,,,,,,,,,,,,,,,,,,,,,,,,,,
Dunkin' (PDF),"Butter Pecan Swirl Hot Macchiato
with Whole Milk - Small",,,,,190,,6,,,,190,,,,,,,,,,,,,,,,,,,,,,,,,,,,,,,,,,,,,,,,Small,4,2.5,0,15,32,0,30,21,2,343,205,0,,,,,,,,,,,,,,,,,,,,,,,,,,,,,,,,,,,,,,,"Butter Pecan Swirl Hot Macchiato
with Whole Milk - Small",,,,,,,,,,,,,,,,,,,,,,,,,,,,,,
Dunkin' (PDF),"Caramel Swirl Hot Macchiato with
Skim Milk - Large",,,,,190,,11,,,,310,,,,,,,,,,,,,,,,,,,,,,,,,,,,,,,,,,,,,,,,Large,0,0,0,10,66,0,63,46,3,867,404,0,,,,,,,,,,,,,,,,,,,,,,,,,,,,,,,,,,,,,,,"Caramel Swirl Hot Macchiato with
Skim Milk - Large",,,,,,,,,,,,,,,,,,,,,,,,,,,,,,
Dunkin' (PDF),"Caramel Swirl Hot Macchiato with
Skim Milk - Medium",,,,,140,,8,,,,240,,,,,,,,,,,,,,,,,,,,,,,,,,,,,,,,,,,,,,,,Medium,0,0,0,5,49,0,47,35,2,657,303,0,,,,,,,,,,,,,,,,,,,,,,,,,,,,,,,,,,,,,,,"Caramel Swirl Hot Macchiato with
Skim Milk - Medium",,,,,,,,,,,,,,,,,,,,,,,,,,,,,,
Dunkin' (PDF),"Caramel Swirl Hot Macchiato with
Skim Milk - Small",,,,,95,,6,,,,160,,,,,,,,,,,,,,,,,,,,,,,,,,,,,,,,,,,,,,,,Small,0,0,0,5,33,0,32,23,1,456,203,0,,,,,,,,,,,,,,,,,,,,,,,,,,,,,,,,,,,,,,,"Caramel Swirl Hot Macchiato with
Skim Milk - Small",,,,,,,,,,,,,,,,,,,,,,,,,,,,,,
Dunkin' (PDF),"Caramel Swirl Hot Macchiato with
Whole Milk - Large",,,,,190,,11,,,,380,,,,,,,,,,,,,,,,,,,,,,,,,,,,,,,,,,,,,,,,Large,8,4.5,0,30,65,0,63,46,3,807,381,0,,,,,,,,,,,,,,,,,,,,,,,,,,,,,,,,,,,,,,,"Caramel Swirl Hot Macchiato with
Whole Milk - Large",,,,,,,,,,,,,,,,,,,,,,,,,,,,,,
Dunkin' (PDF),"Caramel Swirl Hot Macchiato with
Whole Milk - Medium",,,,,140,,8,,,,290,,,,,,,,,,,,,,,,,,,,,,,,,,,,,,,,,,,,,,,,Medium,6,3.5,0,20,49,0,47,35,2,612,286,0,,,,,,,,,,,,,,,,,,,,,,,,,,,,,,,,,,,,,,,"Caramel Swirl Hot Macchiato with
Whole Milk - Medium",,,,,,,,,,,,,,,,,,,,,,,,,,,,,,
Dunkin' (PDF),"Caramel Swirl Hot Macchiato with
Whole Milk - Small",,,,,95,,5,,,,190,,,,,,,,,,,,,,,,,,,,,,,,,,,,,,,,,,,,,,,,Small,4,2.5,0,15,33,0,31,23,2,426,191,0,,,,,,,,,,,,,,,,,,,,,,,,,,,,,,,,,,,,,,,"Caramel Swirl Hot Macchiato with
Whole Milk - Small",,,,,,,,,,,,,,,,,,,,,,,,,,,,,,
Dunkin' (PDF),"French Vanilla Swirl Hot
Macchiato with Skim Milk - Large",,,,,180,,11,,,,310,,,,,,,,,,,,,,,,,,,,,,,,,,,,,,,,,,,,,,,,Large,0,0,0,10,65,0,61,42,3,830,385,0,,,,,,,,,,,,,,,,,,,,,,,,,,,,,,,,,,,,,,,"French Vanilla Swirl Hot
Macchiato with Skim Milk - Large",,,,,,,,,,,,,,,,,,,,,,,,,,,,,,
Dunkin' (PDF),"French Vanilla Swirl Hot
Macchiato with Skim Milk -
Medium",,,,,135,,8,,,,230,,,,,,,,,,,,,,,,,,,,,,,,,,,,,,,,,,,,,,,,Medium,0,0,0,5,49,0,46,31,2,630,289,0,,,,,,,,,,,,,,,,,,,,,,,,,,,,,,,,,,,,,,,"French Vanilla Swirl Hot
Macchiato with Skim Milk -
Medium",,,,,,,,,,,,,,,,,,,,,,,,,,,,,,
Dunkin' (PDF),"French Vanilla Swirl Hot
Macchiato with Skim Milk - Small",,,,,90,,5,,,,160,,,,,,,,,,,,,,,,,,,,,,,,,,,,,,,,,,,,,,,,Small,0,0,0,5,33,0,30,21,1,438,193,0,,,,,,,,,,,,,,,,,,,,,,,,,,,,,,,,,,,,,,,"French Vanilla Swirl Hot
Macchiato with Skim Milk - Small",,,,,,,,,,,,,,,,,,,,,,,,,,,,,,
Dunkin' (PDF),"French Vanilla Swirl Hot
Macchiato with Whole Milk -
Large",,,,,180,,10,,,,380,,,,,,,,,,,,,,,,,,,,,,,,,,,,,,,,,,,,,,,,Large,8,4.5,0,30,65,0,60,42,3,770,362,0,,,,,,,,,,,,,,,,,,,,,,,,,,,,,,,,,,,,,,,"French Vanilla Swirl Hot
Macchiato with Whole Milk -
Large",,,,,,,,,,,,,,,,,,,,,,,,,,,,,,
Dunkin' (PDF),"French Vanilla Swirl Hot
Macchiato with Whole Milk -
Medium",,,,,135,,8,,,,280,,,,,,,,,,,,,,,,,,,,,,,,,,,,,,,,,,,,,,,,Medium,6,3.5,0,20,49,0,45,31,2,585,272,0,,,,,,,,,,,,,,,,,,,,,,,,,,,,,,,,,,,,,,,"French Vanilla Swirl Hot
Macchiato with Whole Milk -
Medium",,,,,,,,,,,,,,,,,,,,,,,,,,,,,,
Dunkin' (PDF),"French Vanilla Swirl Hot
Macchiato with Whole Milk - Small",,,,,95,,5,,,,190,,,,,,,,,,,,,,,,,,,,,,,,,,,,,,,,,,,,,,,,Small,4,2.5,0,15,33,0,30,21,2,408,181,0,,,,,,,,,,,,,,,,,,,,,,,,,,,,,,,,,,,,,,,"French Vanilla Swirl Hot
Macchiato with Whole Milk - Small",,,,,,,,,,,,,,,,,,,,,,,,,,,,,,
Dunkin' (PDF),"Hot Macchiato with Oatmilk -
Large",,,,,130,,2,,,,120,,,,,,,,,,,,,,,,,,,,,,,,,,,,,,,,,,,,,,,,Large,3.5,0.5,0,0,23,3,5,4,6,527,336,0,,,,,,,,,,,,,,,,,,,,,,,,,,,,,,,,,,,,,,,"Hot Macchiato with Oatmilk -
Large",,,,,,,,,,,,,,,,,,,,,,,,,,,,,,
Dunkin' (PDF),"Hot Macchiato with Oatmilk -
Medium",,,,,100,,2,,,,90,,,,,,,,,,,,,,,,,,,,,,,,,,,,,,,,,,,,,,,,Medium,2.5,0,0,0,17,2,4,3,4,402,252,0,,,,,,,,,,,,,,,,,,,,,,,,,,,,,,,,,,,,,,,"Hot Macchiato with Oatmilk -
Medium",,,,,,,,,,,,,,,,,,,,,,,,,,,,,,
Dunkin' (PDF),"Hot Macchiato with Oatmilk -
Small",,,,,70,,1,,,,60,,,,,,,,,,,,,,,,,,,,,,,,,,,,,,,,,,,,,,,,Small,2,0,0,0,12,1,2,2,3,286,169,0,,,,,,,,,,,,,,,,,,,,,,,,,,,,,,,,,,,,,,,"Hot Macchiato with Oatmilk -
Small",,,,,,,,,,,,,,,,,,,,,,,,,,,,,,
Dunkin' (PDF),"Hot Macchiato with Skim Milk -
Large",,,,,120,,8,,,,90,,,,,,,,,,,,,,,,,,,,,,,,,,,,,,,,,,,,,,,,Large,0,0,0,5,14,0,12,0,3,520,301,0,,,,,,,,,,,,,,,,,,,,,,,,,,,,,,,,,,,,,,,"Hot Macchiato with Skim Milk -
Large",,,,,,,,,,,,,,,,,,,,,,,,,,,,,,
Dunkin' (PDF),"Hot Macchiato with Skim Milk -
Medium",,,,,90,,6,,,,70,,,,,,,,,,,,,,,,,,,,,,,,,,,,,,,,,,,,,,,,Medium,0,0,0,5,11,0,9,0,2,397,226,0,,,,,,,,,,,,,,,,,,,,,,,,,,,,,,,,,,,,,,,"Hot Macchiato with Skim Milk -
Medium",,,,,,,,,,,,,,,,,,,,,,,,,,,,,,
Dunkin' (PDF),"Hot Macchiato with Skim Milk -
Small",,,,,65,,4,,,,50,,,,,,,,,,,,,,,,,,,,,,,,,,,,,,,,,,,,,,,,Small,0,0,0,0,7,0,6,0,1,283,151,0,,,,,,,,,,,,,,,,,,,,,,,,,,,,,,,,,,,,,,,"Hot Macchiato with Skim Milk -
Small",,,,,,,,,,,,,,,,,,,,,,,,,,,,,,
Dunkin' (PDF),"Hot Macchiato with Skim Milk and
Sugar - Large",,,,,120,,8,,,,230,,,,,,,,,,,,,,,,,,,,,,,,,,,,,,,,,,,,,,,,Large,0,0,0,5,49,0,47,35,3,521,301,0,,,,,,,,,,,,,,,,,,,,,,,,,,,,,,,,,,,,,,,"Hot Macchiato with Skim Milk and
Sugar - Large",,,,,,,,,,,,,,,,,,,,,,,,,,,,,,
Dunkin' (PDF),"Hot Macchiato with Skim Milk and
Sugar - Medium",,,,,90,,6,,,,170,,,,,,,,,,,,,,,,,,,,,,,,,,,,,,,,,,,,,,,,Medium,0,0,0,5,37,0,35,26,2,397,226,0,,,,,,,,,,,,,,,,,,,,,,,,,,,,,,,,,,,,,,,"Hot Macchiato with Skim Milk and
Sugar - Medium",,,,,,,,,,,,,,,,,,,,,,,,,,,,,,
Dunkin' (PDF),"Hot Macchiato with Skim Milk and
Sugar - Small",,,,,65,,4,,,,120,,,,,,,,,,,,,,,,,,,,,,,,,,,,,,,,,,,,,,,,Small,0,0,0,0,25,0,23,17,1,283,151,0,,,,,,,,,,,,,,,,,,,,,,,,,,,,,,,,,,,,,,,"Hot Macchiato with Skim Milk and
Sugar - Small",,,,,,,,,,,,,,,,,,,,,,,,,,,,,,
Dunkin' (PDF),"Hot Macchiato with Whole Milk -
Large",,,,,120,,8,,,,160,,,,,,,,,,,,,,,,,,,,,,,,,,,,,,,,,,,,,,,,Large,8,4.5,0,25,14,0,12,0,3,460,278,0,,,,,,,,,,,,,,,,,,,,,,,,,,,,,,,,,,,,,,,"Hot Macchiato with Whole Milk -
Large",,,,,,,,,,,,,,,,,,,,,,,,,,,,,,
Dunkin' (PDF),"Hot Macchiato with Whole Milk -
Medium",,,,,90,,6,,,,120,,,,,,,,,,,,,,,,,,,,,,,,,,,,,,,,,,,,,,,,Medium,6,3.5,0,20,10,0,9,0,2,352,209,0,,,,,,,,,,,,,,,,,,,,,,,,,,,,,,,,,,,,,,,"Hot Macchiato with Whole Milk -
Medium",,,,,,,,,,,,,,,,,,,,,,,,,,,,,,
Dunkin' (PDF),"Hot Macchiato with Whole Milk -
Small",,,,,65,,4,,,,80,,,,,,,,,,,,,,,,,,,,,,,,,,,,,,,,,,,,,,,,Small,4,2.5,0,10,7,0,6,0,2,253,139,0,,,,,,,,,,,,,,,,,,,,,,,,,,,,,,,,,,,,,,,"Hot Macchiato with Whole Milk -
Small",,,,,,,,,,,,,,,,,,,,,,,,,,,,,,
Dunkin' (PDF),"Hot Macchiato with Whole Milk
and Sugar - Large",,,,,120,,8,,,,290,,,,,,,,,,,,,,,,,,,,,,,,,,,,,,,,,,,,,,,,Large,8,4.5,0,25,49,0,46,35,3,461,278,0,,,,,,,,,,,,,,,,,,,,,,,,,,,,,,,,,,,,,,,"Hot Macchiato with Whole Milk
and Sugar - Large",,,,,,,,,,,,,,,,,,,,,,,,,,,,,,
Dunkin' (PDF),"Hot Macchiato with Whole Milk
and Sugar - Medium",,,,,90,,6,,,,220,,,,,,,,,,,,,,,,,,,,,,,,,,,,,,,,,,,,,,,,Medium,6,3.5,0,20,37,0,35,26,2,352,209,0,,,,,,,,,,,,,,,,,,,,,,,,,,,,,,,,,,,,,,,"Hot Macchiato with Whole Milk
and Sugar - Medium",,,,,,,,,,,,,,,,,,,,,,,,,,,,,,
Dunkin' (PDF),"Hot Macchiato with Whole Milk
and Sugar - Small",,,,,65,,4,,,,150,,,,,,,,,,,,,,,,,,,,,,,,,,,,,,,,,,,,,,,,Small,4,2.5,0,10,25,0,23,17,2,253,140,0,,,,,,,,,,,,,,,,,,,,,,,,,,,,,,,,,,,,,,,"Hot Macchiato with Whole Milk
and Sugar - Small",,,,,,,,,,,,,,,,,,,,,,,,,,,,,,
Dunkin' (PDF),"Mocha Swirl Hot Macchiato with
Skim Milk - Large",,,,,150,,10,,,,300,,,,,,,,,,,,,,,,,,,,,,,,,,,,,,,,,,,,,,,,Large,1,0.5,0,5,65,2,58,46,3,871,312,2,,,,,,,,,,,,,,,,,,,,,,,,,,,,,,,,,,,,,,,"Mocha Swirl Hot Macchiato with
Skim Milk - Large",,,,,,,,,,,,,,,,,,,,,,,,,,,,,,
Dunkin' (PDF),"Mocha Swirl Hot Macchiato with
Skim Milk - Medium",,,,,110,,7,,,,230,,,,,,,,,,,,,,,,,,,,,,,,,,,,,,,,,,,,,,,,Medium,1,0.5,0,5,49,2,43,34,2,660,234,2,,,,,,,,,,,,,,,,,,,,,,,,,,,,,,,,,,,,,,,"Mocha Swirl Hot Macchiato with
Skim Milk - Medium",,,,,,,,,,,,,,,,,,,,,,,,,,,,,,
Dunkin' (PDF),"Mocha Swirl Hot Macchiato with
Skim Milk - Small",,,,,75,,5,,,,150,,,,,,,,,,,,,,,,,,,,,,,,,,,,,,,,,,,,,,,,Small,0.5,0,0,0,33,1,29,23,1,458,156,1,,,,,,,,,,,,,,,,,,,,,,,,,,,,,,,,,,,,,,,"Mocha Swirl Hot Macchiato with
Skim Milk - Small",,,,,,,,,,,,,,,,,,,,,,,,,,,,,,
Dunkin' (PDF),"Mocha Swirl Hot Macchiato with
Whole Milk - Large",,,,,150,,9,,,,370,,,,,,,,,,,,,,,,,,,,,,,,,,,,,,,,,,,,,,,,Large,9,5,0,25,64,2,57,46,3,811,289,2,,,,,,,,,,,,,,,,,,,,,,,,,,,,,,,,,,,,,,,"Mocha Swirl Hot Macchiato with
Whole Milk - Large",,,,,,,,,,,,,,,,,,,,,,,,,,,,,,
Dunkin' (PDF),"Mocha Swirl Hot Macchiato with
Whole Milk - Medium",,,,,115,,7,,,,280,,,,,,,,,,,,,,,,,,,,,,,,,,,,,,,,,,,,,,,,Medium,7,4,0,20,48,2,43,34,2,615,217,2,,,,,,,,,,,,,,,,,,,,,,,,,,,,,,,,,,,,,,,"Mocha Swirl Hot Macchiato with
Whole Milk - Medium",,,,,,,,,,,,,,,,,,,,,,,,,,,,,,
Dunkin' (PDF),"Mocha Swirl Hot Macchiato with
Whole Milk - Small",,,,,80,,5,,,,180,,,,,,,,,,,,,,,,,,,,,,,,,,,,,,,,,,,,,,,,Small,4.5,2.5,0,10,32,1,29,23,2,428,145,1,,,,,,,,,,,,,,,,,,,,,,,,,,,,,,,,,,,,,,,"Mocha Swirl Hot Macchiato with
Whole Milk - Small",,,,,,,,,,,,,,,,,,,,,,,,,,,,,,
Dunkin' (PDF),Bold Breakfast Black Tea - Large,,,,,,,,,,,,,,,,,,,,,,,,,,,,,,,,,,,,,,,,,,,,,,,,,,,Large,,,,,,,,,,,,,,,,,,,,,,,,,,,,,,,,,,,,,,,,,,,,,,,,,,,,Bold Breakfast Black Tea - Large,,,,,,,,,,,,,,,,,,,,,,,,,,,,,
Dunkin' (PDF),"Bold Breakfast Black Tea -
Medium",,,,,,,,,,,,,,,,,,,,,,,,,,,,,,,,,,,,,,,,,,,,,,,,,,,Medium,,,,,,,,,,,,,,,,,,,,,,,,,,,,,,,,,,,,,,,,,,,,,,,,,,,,"Bold Breakfast Black Tea -
Medium",,,,,,,,,,,,,,,,,,,,,,,,,,,,,
Dunkin' (PDF),Bold Breakfast Black Tea - Small,,,,,,,,,,,,,,,,,,,,,,,,,,,,,,,,,,,,,,,,,,,,,,,,,,,Small,,,,,,,,,,,,,,,,,,,,,,,,,,,,,,,,,,,,,,,,,,,,,,,,,,,,Bold Breakfast Black Tea - Small,,,,,,,,,,,,,,,,,,,,,,,,,,,,,
Dunkin' (PDF),"Chamomile Fields Herbal Infusion
- Large",,,,,,,,,,,,,,,,,,,,,,,,,,,,,,,,,,,,,,,,,,,,,,,,,,,Large,,,,,,,,,,,,,,,,,,,,,,,,,,,,,,,,,,,,,,,,,,,,,,,,,,,,"Chamomile Fields Herbal Infusion
- Large",,,,,,,,,,,,,,,,,,,,,,,,,,,,,
Dunkin' (PDF),"Chamomile Fields Herbal Infusion
- Medium",,,,,,,,,,,,,,,,,,,,,,,,,,,,,,,,,,,,,,,,,,,,,,,,,,,Medium,,,,,,,,,,,,,,,,,,,,,,,,,,,,,,,,,,,,,,,,,,,,,,,,,,,,"Chamomile Fields Herbal Infusion
- Medium",,,,,,,,,,,,,,,,,,,,,,,,,,,,,
Dunkin' (PDF),"Chamomile Fields Herbal Infusion
- Small",,,,,,,,,,,,,,,,,,,,,,,,,,,,,,,,,,,,,,,,,,,,,,,,,,,Small,,,,,,,,,,,,,,,,,,,,,,,,,,,,,,,,,,,,,,,,,,,,,,,,,,,,"Chamomile Fields Herbal Infusion
- Small",,,,,,,,,,,,,,,,,,,,,,,,,,,,,
Dunkin' (PDF),Cool Mint Herbal Infusion - Large,,,,,,,,,,,,,,,,,,,,,,,,,,,,,,,,,,,,,,,,,,,,,,,,,,,Large,,,,,,,,,,,,,,,,,,,,,,,,,,,,,,,,,,,,,,,,,,,,,,,,,,,,Cool Mint Herbal Infusion - Large,,,,,,,,,,,,,,,,,,,,,,,,,,,,,
Dunkin' (PDF),"Cool Mint Herbal Infusion -
Medium",,,,,,,,,,,,,,,,,,,,,,,,,,,,,,,,,,,,,,,,,,,,,,,,,,,Medium,,,,,,,,,,,,,,,,,,,,,,,,,,,,,,,,,,,,,,,,,,,,,,,,,,,,"Cool Mint Herbal Infusion -
Medium",,,,,,,,,,,,,,,,,,,,,,,,,,,,,
Dunkin' (PDF),Cool Mint Herbal Infusion - Small,,,,,,,,,,,,,,,,,,,,,,,,,,,,,,,,,,,,,,,,,,,,,,,,,,,Small,,,,,,,,,,,,,,,,,,,,,,,,,,,,,,,,,,,,,,,,,,,,,,,,,,,,Cool Mint Herbal Infusion - Small,,,,,,,,,,,,,,,,,,,,,,,,,,,,,
Dunkin' (PDF),Decaf Breakfast Black Tea - Large,,,,,,,,,,,,,,,,,,,,,,,,,,,,,,,,,,,,,,,,,,,,,,,,,,,Large,,,,,,,,,,,,,,,,,,,,,,,,,,,,,,,,,,,,,,,,,,,,,,,,,,,,Decaf Breakfast Black Tea - Large,,,,,,,,,,,,,,,,,,,,,,,,,,,,,
Dunkin' (PDF),"Decaf Breakfast Black Tea -
Medium",,,,,,,,,,,,,,,,,,,,,,,,,,,,,,,,,,,,,,,,,,,,,,,,,,,Medium,,,,,,,,,,,,,,,,,,,,,,,,,,,,,,,,,,,,,,,,,,,,,,,,,,,,"Decaf Breakfast Black Tea -
Medium",,,,,,,,,,,,,,,,,,,,,,,,,,,,,
Dunkin' (PDF),Decaf Breakfast Black Tea - Small,,,,,,,,,,,,,,,,,,,,,,,,,,,,,,,,,,,,,,,,,,,,,,,,,,,Small,,,,,,,,,,,,,,,,,,,,,,,,,,,,,,,,,,,,,,,,,,,,,,,,,,,,Decaf Breakfast Black Tea - Small,,,,,,,,,,,,,,,,,,,,,,,,,,,,,
Dunkin' (PDF),Harmony Leaf Green Tea - Large,,,,,,,,,,,,,,,,,,,,,,,,,,,,,,,,,,,,,,,,,,,,,,,,,,,Large,,,,,,,,,,,,,,,,,,,,,,,,,,,,,,,,,,,,,,,,,,,,,,,,,,,,Harmony Leaf Green Tea - Large,,,,,,,,,,,,,,,,,,,,,,,,,,,,,
Dunkin' (PDF),"Harmony Leaf Green Tea -
Medium",,,,,,,,,,,,,,,,,,,,,,,,,,,,,,,,,,,,,,,,,,,,,,,,,,,Medium,,,,,,,,,,,,,,,,,,,,,,,,,,,,,,,,,,,,,,,,,,,,,,,,,,,,"Harmony Leaf Green Tea -
Medium",,,,,,,,,,,,,,,,,,,,,,,,,,,,,
Dunkin' (PDF),Harmony Leaf Green Tea - Small,,,,,,,,,,,,,,,,,,,,,,,,,,,,,,,,,,,,,,,,,,,,,,,,,,,Small,,,,,,,,,,,,,,,,,,,,,,,,,,,,,,,,,,,,,,,,,,,,,,,,,,,,Harmony Leaf Green Tea - Small,,,,,,,,,,,,,,,,,,,,,,,,,,,,,
Dunkin' (PDF),"Hibiscus Kiss Herbal Infusion -
Large",,,,,,,,,,,,,,,,,,,,,,,,,,,,,,,,,,,,,,,,,,,,,,,,,,,Large,,,,,,,,,,,,,,,,,,,,,,,,,,,,,,,,,,,,,,,,,,,,,,,,,,,,"Hibiscus Kiss Herbal Infusion -
Large",,,,,,,,,,,,,,,,,,,,,,,,,,,,,
Dunkin' (PDF),"Hibiscus Kiss Herbal Infusion -
Medium",,,,,,,,,,,,,,,,,,,,,,,,,,,,,,,,,,,,,,,,,,,,,,,,,,,Medium,,,,,,,,,,,,,,,,,,,,,,,,,,,,,,,,,,,,,,,,,,,,,,,,,,,,"Hibiscus Kiss Herbal Infusion -
Medium",,,,,,,,,,,,,,,,,,,,,,,,,,,,,
Dunkin' (PDF),"Hibiscus Kiss Herbal Infusion -
Small",,,,,,,,,,,,,,,,,,,,,,,,,,,,,,,,,,,,,,,,,,,,,,,,,,,Small,,,,,,,,,,,,,,,,,,,,,,,,,,,,,,,,,,,,,,,,,,,,,,,,,,,,"Hibiscus Kiss Herbal Infusion -
Small",,,,,,,,,,,,,,,,,,,,,,,,,,,,,
Dunkin' (PDF),Iced Americano - Large,,,,,40,,0,,,,10,,,,,,,,,,,,,,,,,,,,,,,,,,,,,,,,,,,,,,,,Large,0,0,0,0,2,0,0,0,0,145,25,0,,,,,,,,,,,,,,,,,,,,,,,,,,,,,,,,,,,,,,,,,Iced Americano - Large,,,,,,,,,,,,,,,,,,,,,,,,,,,,
Dunkin' (PDF),Iced Americano - Medium,,,,,30,,0,,,,10,,,,,,,,,,,,,,,,,,,,,,,,,,,,,,,,,,,,,,,,Medium,0,0,0,0,2,0,0,0,0,116,18,0,,,,,,,,,,,,,,,,,,,,,,,,,,,,,,,,,,,,,,,,,Iced Americano - Medium,,,,,,,,,,,,,,,,,,,,,,,,,,,,
Dunkin' (PDF),Iced Americano - Small,,,,,25,,0,,,,5,,,,,,,,,,,,,,,,,,,,,,,,,,,,,,,,,,,,,,,,Small,0,0,0,0,1,0,0,0,0,96,13,0,,,,,,,,,,,,,,,,,,,,,,,,,,,,,,,,,,,,,,,,,Iced Americano - Small,,,,,,,,,,,,,,,,,,,,,,,,,,,,
Dunkin' (PDF),"Butter Pecan Swirl Iced
Cappuccino with Skim Milk -
Large",,,,,390,,11,,,,310,,,,,,,,,,,,,,,,,,,,,,,,,,,,,,,,,,,,,,,,Large,0,0,0,5,64,0,60,42,3,658,446,0,,,,,,,,,,,,,,,"Butter Pecan Swirl Iced
Cappuccino with Skim Milk -
Large",,,,,,,,,,,,,,,,,,,,,,,,,,,,,,,,,,,,,,,,,,,,,,,,,,,,,,
Dunkin' (PDF),"Butter Pecan Swirl Iced
Cappuccino with Skim Milk -
Medium",,,,,290,,9,,,,230,,,,,,,,,,,,,,,,,,,,,,,,,,,,,,,,,,,,,,,,Medium,0,0,0,5,48,0,45,31,2,489,334,0,,,,,,,,,,,,,,,"Butter Pecan Swirl Iced
Cappuccino with Skim Milk -
Medium",,,,,,,,,,,,,,,,,,,,,,,,,,,,,,,,,,,,,,,,,,,,,,,,,,,,,,
Dunkin' (PDF),"Butter Pecan Swirl Iced
Cappuccino with Skim Milk -
Small",,,,,190,,6,,,,150,,,,,,,,,,,,,,,,,,,,,,,,,,,,,,,,,,,,,,,,Small,0,0,0,5,32,0,30,21,1,329,223,0,,,,,,,,,,,,,,,"Butter Pecan Swirl Iced
Cappuccino with Skim Milk -
Small",,,,,,,,,,,,,,,,,,,,,,,,,,,,,,,,,,,,,,,,,,,,,,,,,,,,,,
Dunkin' (PDF),"Butter Pecan Swirl Iced
Cappuccino with Whole Milk -
Large",,,,,390,,11,,,,370,,,,,,,,,,,,,,,,,,,,,,,,,,,,,,,,,,,,,,,,Large,8,4.5,0,25,63,0,60,42,3,598,423,0,,,,,,,,,,,,,,,"Butter Pecan Swirl Iced
Cappuccino with Whole Milk -
Large",,,,,,,,,,,,,,,,,,,,,,,,,,,,,,,,,,,,,,,,,,,,,,,,,,,,,,
Dunkin' (PDF),"Butter Pecan Swirl Iced
Cappuccino with Whole Milk -
Medium",,,,,290,,8,,,,280,,,,,,,,,,,,,,,,,,,,,,,,,,,,,,,,,,,,,,,,Medium,6,3.5,0,20,47,0,45,31,2,444,317,0,,,,,,,,,,,,,,,"Butter Pecan Swirl Iced
Cappuccino with Whole Milk -
Medium",,,,,,,,,,,,,,,,,,,,,,,,,,,,,,,,,,,,,,,,,,,,,,,,,,,,,,
Dunkin' (PDF),"Butter Pecan Swirl Iced
Cappuccino with Whole Milk -
Small",,,,,190,,5,,,,190,,,,,,,,,,,,,,,,,,,,,,,,,,,,,,,,,,,,,,,,Small,4,2.5,0,15,32,0,30,21,2,299,212,0,,,,,,,,,,,,,,,"Butter Pecan Swirl Iced
Cappuccino with Whole Milk -
Small",,,,,,,,,,,,,,,,,,,,,,,,,,,,,,,,,,,,,,,,,,,,,,,,,,,,,,
Dunkin' (PDF),"Caramel Swirl Iced Cappuccino
with Skim Milk - Large",,,,,200,,11,,,,310,,,,,,,,,,,,,,,,,,,,,,,,,,,,,,,,,,,,,,,,Large,0,0,0,10,65,0,63,46,3,826,419,0,,,,,,,,,,,,,,,"Caramel Swirl Iced Cappuccino
with Skim Milk - Large",,,,,,,,,,,,,,,,,,,,,,,,,,,,,,,,,,,,,,,,,,,,,,,,,,,,,,
Dunkin' (PDF),"Caramel Swirl Iced Cappuccino
with Skim Milk - Medium",,,,,150,,8,,,,230,,,,,,,,,,,,,,,,,,,,,,,,,,,,,,,,,,,,,,,,Medium,0,0,0,5,49,0,47,35,2,615,314,0,,,,,,,,,,,,,,,"Caramel Swirl Iced Cappuccino
with Skim Milk - Medium",,,,,,,,,,,,,,,,,,,,,,,,,,,,,,,,,,,,,,,,,,,,,,,,,,,,,,
Dunkin' (PDF),"Caramel Swirl Iced Cappuccino
with Skim Milk - Small",,,,,100,,6,,,,160,,,,,,,,,,,,,,,,,,,,,,,,,,,,,,,,,,,,,,,,Small,0,0,0,5,33,0,32,23,1,413,210,0,,,,,,,,,,,,,,,"Caramel Swirl Iced Cappuccino
with Skim Milk - Small",,,,,,,,,,,,,,,,,,,,,,,,,,,,,,,,,,,,,,,,,,,,,,,,,,,,,,
Dunkin' (PDF),"Caramel Swirl Iced Cappuccino
with Whole Milk - Large",,,,,200,,11,,,,380,,,,,,,,,,,,,,,,,,,,,,,,,,,,,,,,,,,,,,,,Large,8,4.5,0,30,65,0,63,46,3,766,396,0,,,,,,,,,,,,,,,"Caramel Swirl Iced Cappuccino
with Whole Milk - Large",,,,,,,,,,,,,,,,,,,,,,,,,,,,,,,,,,,,,,,,,,,,,,,,,,,,,,
Dunkin' (PDF),"Caramel Swirl Iced Cappuccino
with Whole Milk - Medium",,,,,150,,8,,,,280,,,,,,,,,,,,,,,,,,,,,,,,,,,,,,,,,,,,,,,,Medium,6,3.5,0,20,48,0,47,35,2,570,296,0,,,,,,,,,,,,,,,"Caramel Swirl Iced Cappuccino
with Whole Milk - Medium",,,,,,,,,,,,,,,,,,,,,,,,,,,,,,,,,,,,,,,,,,,,,,,,,,,,,,
Dunkin' (PDF),"Caramel Swirl Iced Cappuccino
with Whole Milk - Small",,,,,100,,5,,,,190,,,,,,,,,,,,,,,,,,,,,,,,,,,,,,,,,,,,,,,,Small,4,2.5,0,15,32,0,31,23,2,383,198,0,,,,,,,,,,,,,,,"Caramel Swirl Iced Cappuccino
with Whole Milk - Small",,,,,,,,,,,,,,,,,,,,,,,,,,,,,,,,,,,,,,,,,,,,,,,,,,,,,,
Dunkin' (PDF),"French Vanilla Swirl Iced
Cappuccino with Skim Milk -
Large",,,,,190,,11,,,,310,,,,,,,,,,,,,,,,,,,,,,,,,,,,,,,,,,,,,,,,Large,0,0,0,10,65,0,61,42,3,789,400,0,,,,,,,,,,,,,,,"French Vanilla Swirl Iced
Cappuccino with Skim Milk -
Large",,,,,,,,,,,,,,,,,,,,,,,,,,,,,,,,,,,,,,,,,,,,,,,,,,,,,,
Dunkin' (PDF),"French Vanilla Swirl Iced
Cappuccino with Skim Milk -
Medium",,,,,140,,8,,,,230,,,,,,,,,,,,,,,,,,,,,,,,,,,,,,,,,,,,,,,,Medium,0,0,0,5,48,0,46,31,2,587,299,0,,,,,,,,,,,,,,,"French Vanilla Swirl Iced
Cappuccino with Skim Milk -
Medium",,,,,,,,,,,,,,,,,,,,,,,,,,,,,,,,,,,,,,,,,,,,,,,,,,,,,,
Dunkin' (PDF),"French Vanilla Swirl Iced
Cappuccino with Skim Milk -
Small",,,,,95,,5,,,,150,,,,,,,,,,,,,,,,,,,,,,,,,,,,,,,,,,,,,,,,Small,0,0,0,5,32,0,30,21,1,395,200,0,,,,,,,,,,,,,,,"French Vanilla Swirl Iced
Cappuccino with Skim Milk -
Small",,,,,,,,,,,,,,,,,,,,,,,,,,,,,,,,,,,,,,,,,,,,,,,,,,,,,,
Dunkin' (PDF),"French Vanilla Swirl Iced
Cappuccino with Whole Milk -
Large",,,,,190,,10,,,,370,,,,,,,,,,,,,,,,,,,,,,,,,,,,,,,,,,,,,,,,Large,8,4.5,0,30,64,0,60,42,3,730,377,0,,,,,,,,,,,,,,,"French Vanilla Swirl Iced
Cappuccino with Whole Milk -
Large",,,,,,,,,,,,,,,,,,,,,,,,,,,,,,,,,,,,,,,,,,,,,,,,,,,,,,
Dunkin' (PDF),"French Vanilla Swirl Iced
Cappuccino with Whole Milk -
Medium",,,,,140,,8,,,,280,,,,,,,,,,,,,,,,,,,,,,,,,,,,,,,,,,,,,,,,Medium,6,3.5,0,20,48,0,45,31,2,542,282,0,,,,,,,,,,,,,,,"French Vanilla Swirl Iced
Cappuccino with Whole Milk -
Medium",,,,,,,,,,,,,,,,,,,,,,,,,,,,,,,,,,,,,,,,,,,,,,,,,,,,,,
Dunkin' (PDF),"French Vanilla Swirl Iced
Cappuccino with Whole Milk -
Small",,,,,95,,5,,,,190,,,,,,,,,,,,,,,,,,,,,,,,,,,,,,,,,,,,,,,,Small,4,2.5,0,15,32,0,30,21,2,365,189,0,,,,,,,,,,,,,,,"French Vanilla Swirl Iced
Cappuccino with Whole Milk -
Small",,,,,,,,,,,,,,,,,,,,,,,,,,,,,,,,,,,,,,,,,,,,,,,,,,,,,,
Dunkin' (PDF),"Iced Cappuccino with Skim Milk -
Large",,,,,130,,8,,,,90,,,,,,,,,,,,,,,,,,,,,,,,,,,,,,,,,,,,,,,,Large,0,0,0,5,13,0,12,0,3,479,316,0,,,,,,,,,,,,,,,"Iced Cappuccino with Skim Milk -
Large",,,,,,,,,,,,,,,,,,,,,,,,,,,,,,,,,,,,,,,,,,,,,,,,,,,,,,
Dunkin' (PDF),"Iced Cappuccino with Skim Milk -
Medium",,,,,95,,6,,,,70,,,,,,,,,,,,,,,,,,,,,,,,,,,,,,,,,,,,,,,,Medium,0,0,0,5,10,0,9,0,2,354,236,0,,,,,,,,,,,,,,,"Iced Cappuccino with Skim Milk -
Medium",,,,,,,,,,,,,,,,,,,,,,,,,,,,,,,,,,,,,,,,,,,,,,,,,,,,,,
Dunkin' (PDF),"Iced Cappuccino with Skim Milk -
Small",,,,,65,,4,,,,45,,,,,,,,,,,,,,,,,,,,,,,,,,,,,,,,,,,,,,,,Small,0,0,0,0,7,0,6,0,1,240,158,0,,,,,,,,,,,,,,,"Iced Cappuccino with Skim Milk -
Small",,,,,,,,,,,,,,,,,,,,,,,,,,,,,,,,,,,,,,,,,,,,,,,,,,,,,,
Dunkin' (PDF),"Iced Cappuccino with Skim Milk
and Sugar - Large",,,,,130,,8,,,,230,,,,,,,,,,,,,,,,,,,,,,,,,,,,,,,,,,,,,,,,Large,0,0,0,5,48,0,47,35,3,480,316,0,,,,,,,,,,,,,,,"Iced Cappuccino with Skim Milk
and Sugar - Large",,,,,,,,,,,,,,,,,,,,,,,,,,,,,,,,,,,,,,,,,,,,,,,,,,,,,,
Dunkin' (PDF),"Iced Cappuccino with Skim Milk
and Sugar - Medium",,,,,95,,6,,,,170,,,,,,,,,,,,,,,,,,,,,,,,,,,,,,,,,,,,,,,,Medium,0,0,0,5,36,0,35,26,2,355,236,0,,,,,,,,,,,,,,,"Iced Cappuccino with Skim Milk
and Sugar - Medium",,,,,,,,,,,,,,,,,,,,,,,,,,,,,,,,,,,,,,,,,,,,,,,,,,,,,,
Dunkin' (PDF),"Iced Cappuccino with Skim Milk
and Sugar - Small",,,,,65,,4,,,,110,,,,,,,,,,,,,,,,,,,,,,,,,,,,,,,,,,,,,,,,Small,0,0,0,0,24,0,23,17,1,240,158,0,,,,,,,,,,,,,,,"Iced Cappuccino with Skim Milk
and Sugar - Small",,,,,,,,,,,,,,,,,,,,,,,,,,,,,,,,,,,,,,,,,,,,,,,,,,,,,,
Dunkin' (PDF),"Iced Cappuccino with Whole Milk
- Large",,,,,130,,8,,,,160,,,,,,,,,,,,,,,,,,,,,,,,,,,,,,,,,,,,,,,,Large,8,4.5,0,25,13,0,12,0,3,419,293,0,,,,,,,,,,,,,,,"Iced Cappuccino with Whole Milk
- Large",,,,,,,,,,,,,,,,,,,,,,,,,,,,,,,,,,,,,,,,,,,,,,,,,,,,,,
Dunkin' (PDF),"Iced Cappuccino with Whole Milk
- Medium",,,,,100,,6,,,,120,,,,,,,,,,,,,,,,,,,,,,,,,,,,,,,,,,,,,,,,Medium,6,3.5,0,20,10,0,9,0,2,310,219,0,,,,,,,,,,,,,,,"Iced Cappuccino with Whole Milk
- Medium",,,,,,,,,,,,,,,,,,,,,,,,,,,,,,,,,,,,,,,,,,,,,,,,,,,,,,
Dunkin' (PDF),"Iced Cappuccino with Whole Milk
- Small",,,,,65,,4,,,,80,,,,,,,,,,,,,,,,,,,,,,,,,,,,,,,,,,,,,,,,Small,4,2.5,0,10,7,0,6,0,2,210,147,0,,,,,,,,,,,,,,,"Iced Cappuccino with Whole Milk
- Small",,,,,,,,,,,,,,,,,,,,,,,,,,,,,,,,,,,,,,,,,,,,,,,,,,,,,,
Dunkin' (PDF),"Iced Cappuccino with Whole Milk
and Sugar - Large",,,,,130,,8,,,,290,,,,,,,,,,,,,,,,,,,,,,,,,,,,,,,,,,,,,,,,Large,8,4.5,0,25,48,0,46,35,3,420,293,0,,,,,,,,,,,,,,,"Iced Cappuccino with Whole Milk
and Sugar - Large",,,,,,,,,,,,,,,,,,,,,,,,,,,,,,,,,,,,,,,,,,,,,,,,,,,,,,
Dunkin' (PDF),"Iced Cappuccino with Whole Milk
and Sugar - Medium",,,,,100,,6,,,,220,,,,,,,,,,,,,,,,,,,,,,,,,,,,,,,,,,,,,,,,Medium,6,3.5,0,20,36,0,35,26,2,310,219,0,,,,,,,,,,,,,,,"Iced Cappuccino with Whole Milk
and Sugar - Medium",,,,,,,,,,,,,,,,,,,,,,,,,,,,,,,,,,,,,,,,,,,,,,,,,,,,,,
Dunkin' (PDF),"Iced Cappuccino with Whole Milk
and Sugar - Small",,,,,65,,4,,,,150,,,,,,,,,,,,,,,,,,,,,,,,,,,,,,,,,,,,,,,,Small,4,2.5,0,10,24,0,23,17,2,210,147,0,,,,,,,,,,,,,,,"Iced Cappuccino with Whole Milk
and Sugar - Small",,,,,,,,,,,,,,,,,,,,,,,,,,,,,,,,,,,,,,,,,,,,,,,,,,,,,,
Dunkin' (PDF),"Mocha Swirl Iced Cappuccino with
Skim Milk - Large",,,,,160,,10,,,,300,,,,,,,,,,,,,,,,,,,,,,,,,,,,,,,,,,,,,,,,Large,1,0.5,0,5,64,2,58,46,3,830,327,2,,,,,,,,,,,,,,,"Mocha Swirl Iced Cappuccino with
Skim Milk - Large",,,,,,,,,,,,,,,,,,,,,,,,,,,,,,,,,,,,,,,,,,,,,,,,,,,,,,
Dunkin' (PDF),"Mocha Swirl Iced Cappuccino with
Skim Milk - Medium",,,,,115,,7,,,,220,,,,,,,,,,,,,,,,,,,,,,,,,,,,,,,,,,,,,,,,Medium,1,0.5,0,5,48,2,43,34,2,618,244,1,,,,,,,,,,,,,,,"Mocha Swirl Iced Cappuccino with
Skim Milk - Medium",,,,,,,,,,,,,,,,,,,,,,,,,,,,,,,,,,,,,,,,,,,,,,,,,,,,,,
Dunkin' (PDF),"Mocha Swirl Iced Cappuccino with
Skim Milk - Small",,,,,80,,5,,,,150,,,,,,,,,,,,,,,,,,,,,,,,,,,,,,,,,,,,,,,,Small,0.5,0,0,0,32,1,29,23,1,415,164,1,,,,,,,,,,,,,,,"Mocha Swirl Iced Cappuccino with
Skim Milk - Small",,,,,,,,,,,,,,,,,,,,,,,,,,,,,,,,,,,,,,,,,,,,,,,,,,,,,,
Dunkin' (PDF),"Mocha Swirl Iced Cappuccino with
Whole Milk - Large",,,,,160,,9,,,,360,,,,,,,,,,,,,,,,,,,,,,,,,,,,,,,,,,,,,,,,Large,9,5,0,25,63,2,57,46,3,770,304,2,,,,,,,,,,,,,,,"Mocha Swirl Iced Cappuccino with
Whole Milk - Large",,,,,,,,,,,,,,,,,,,,,,,,,,,,,,,,,,,,,,,,,,,,,,,,,,,,,,
Dunkin' (PDF),"Mocha Swirl Iced Cappuccino with
Whole Milk - Medium",,,,,120,,7,,,,270,,,,,,,,,,,,,,,,,,,,,,,,,,,,,,,,,,,,,,,,Medium,7,4,0,20,48,2,43,34,2,573,227,1,,,,,,,,,,,,,,,"Mocha Swirl Iced Cappuccino with
Whole Milk - Medium",,,,,,,,,,,,,,,,,,,,,,,,,,,,,,,,,,,,,,,,,,,,,,,,,,,,,,
Dunkin' (PDF),"Mocha Swirl Iced Cappuccino with
Whole Milk - Small",,,,,80,,5,,,,180,,,,,,,,,,,,,,,,,,,,,,,,,,,,,,,,,,,,,,,,Small,4.5,2.5,0,10,32,1,29,23,2,385,152,1,,,,,,,,,,,,,,,"Mocha Swirl Iced Cappuccino with
Whole Milk - Small",,,,,,,,,,,,,,,,,,,,,,,,,,,,,,,,,,,,,,,,,,,,,,,,,,,,,,
Dunkin' (PDF),"Butter Pecan Swirl Iced Coffee
with Black - Large",,,,,280,,4,,,,220,,,,,,,,,,,,,,,,,,,,,,,,,,,,,,,,,,,,,,,,Large,0,0,0,0,50,0,48,42,0,427,150,0,,,,,,,,,,,,,,,,"Butter Pecan Swirl Iced Coffee
with Black - Large",,,,,,,,,,,,,,,,,,,,,,,,,,,,,,,,,,,,,,,,,,,,,,,,,,,,,
Dunkin' (PDF),"Butter Pecan Swirl Iced Coffee
with Black - Medium",,,,,210,,3,,,,170,,,,,,,,,,,,,,,,,,,,,,,,,,,,,,,,,,,,,,,,Medium,0,0,0,0,38,0,36,31,0,333,112,0,,,,,,,,,,,,,,,,"Butter Pecan Swirl Iced Coffee
with Black - Medium",,,,,,,,,,,,,,,,,,,,,,,,,,,,,,,,,,,,,,,,,,,,,,,,,,,,,
Dunkin' (PDF),"Butter Pecan Swirl Iced Coffee
with Black - Small",,,,,140,,2,,,,110,,,,,,,,,,,,,,,,,,,,,,,,,,,,,,,,,,,,,,,,Small,0,0,0,0,25,0,24,21,0,227,76,0,,,,,,,,,,,,,,,,"Butter Pecan Swirl Iced Coffee
with Black - Small",,,,,,,,,,,,,,,,,,,,,,,,,,,,,,,,,,,,,,,,,,,,,,,,,,,,,
Dunkin' (PDF),"Butter Pecan Swirl Iced Coffee
with Cream - Large",,,,,320,,5,,,,340,,,,,,,,,,,,,,,,,,,,,,,,,,,,,,,,,,,,,,,,Large,12,6,0,35,52,0,50,42,1,482,204,0,,,,,,,,,,,,,,,,"Butter Pecan Swirl Iced Coffee
with Cream - Large",,,,,,,,,,,,,,,,,,,,,,,,,,,,,,,,,,,,,,,,,,,,,,,,,,,,,
Dunkin' (PDF),"Butter Pecan Swirl Iced Coffee
with Cream - Medium",,,,,240,,4,,,,250,,,,,,,,,,,,,,,,,,,,,,,,,,,,,,,,,,,,,,,,Medium,9,4.5,0,30,39,0,37,31,0,374,153,0,,,,,,,,,,,,,,,,"Butter Pecan Swirl Iced Coffee
with Cream - Medium",,,,,,,,,,,,,,,,,,,,,,,,,,,,,,,,,,,,,,,,,,,,,,,,,,,,,
Dunkin' (PDF),"Butter Pecan Swirl Iced Coffee
with Cream - Small",,,,,160,,3,,,,170,,,,,,,,,,,,,,,,,,,,,,,,,,,,,,,,,,,,,,,,Small,6,3,0,20,26,0,25,21,0,254,103,0,,,,,,,,,,,,,,,,"Butter Pecan Swirl Iced Coffee
with Cream - Small",,,,,,,,,,,,,,,,,,,,,,,,,,,,,,,,,,,,,,,,,,,,,,,,,,,,,
Dunkin' (PDF),Caramel Swirl Iced Coffee - Large,,,,,85,,3,,,,230,,,,,,,,,,,,,,,,,,,,,,,,,,,,,,,,,,,,,,,,Large,0,0,0,5,52,0,51,46,0,594,123,0,,,,,,,,,,,,,,,,Caramel Swirl Iced Coffee - Large,,,,,,,,,,,,,,,,,,,,,,,,,,,,,,,,,,,,,,,,,,,,,,,,,,,,,
Dunkin' (PDF),"Caramel Swirl Iced Coffee -
Medium",,,,,65,,3,,,,170,,,,,,,,,,,,,,,,,,,,,,,,,,,,,,,,,,,,,,,,Medium,0,0,0,5,39,0,38,35,0,459,92,0,,,,,,,,,,,,,,,,"Caramel Swirl Iced Coffee -
Medium",,,,,,,,,,,,,,,,,,,,,,,,,,,,,,,,,,,,,,,,,,,,,,,,,,,,,
Dunkin' (PDF),Caramel Swirl Iced Coffee - Small,,,,,45,,2,,,,110,,,,,,,,,,,,,,,,,,,,,,,,,,,,,,,,,,,,,,,,Small,0,0,0,0,26,0,26,23,0,311,62,0,,,,,,,,,,,,,,,,Caramel Swirl Iced Coffee - Small,,,,,,,,,,,,,,,,,,,,,,,,,,,,,,,,,,,,,,,,,,,,,,,,,,,,,
Dunkin' (PDF),"Caramel Swirl Iced Coffee with
Cream - Large",,,,,130,,5,,,,340,,,,,,,,,,,,,,,,,,,,,,,,,,,,,,,,,,,,,,,,Large,12,6,0,40,53,0,53,46,1,649,177,0,,,,,,,,,,,,,,,,"Caramel Swirl Iced Coffee with
Cream - Large",,,,,,,,,,,,,,,,,,,,,,,,,,,,,,,,,,,,,,,,,,,,,,,,,,,,,
Dunkin' (PDF),"Caramel Swirl Iced Coffee with
Cream - Medium",,,,,95,,4,,,,260,,,,,,,,,,,,,,,,,,,,,,,,,,,,,,,,,,,,,,,,Medium,9,4.5,0,30,40,0,40,35,0,500,132,0,,,,,,,,,,,,,,,,"Caramel Swirl Iced Coffee with
Cream - Medium",,,,,,,,,,,,,,,,,,,,,,,,,,,,,,,,,,,,,,,,,,,,,,,,,,,,,
Dunkin' (PDF),"Caramel Swirl Iced Coffee with
Cream - Small",,,,,65,,3,,,,170,,,,,,,,,,,,,,,,,,,,,,,,,,,,,,,,,,,,,,,,Small,6,3,0,20,27,0,26,23,0,338,89,0,,,,,,,,,,,,,,,,"Caramel Swirl Iced Coffee with
Cream - Small",,,,,,,,,,,,,,,,,,,,,,,,,,,,,,,,,,,,,,,,,,,,,,,,,,,,,
Dunkin' (PDF),"French Vanilla Swirl Iced Coffee -
Large",,,,,80,,3,,,,220,,,,,,,,,,,,,,,,,,,,,,,,,,,,,,,,,,,,,,,,Large,0,0,0,5,51,0,49,42,0,558,104,0,,,,,,,,,,,,,,,,"French Vanilla Swirl Iced Coffee -
Large",,,,,,,,,,,,,,,,,,,,,,,,,,,,,,,,,,,,,,,,,,,,,,,,,,,,,
Dunkin' (PDF),"French Vanilla Swirl Iced Coffee -
Medium",,,,,60,,2,,,,170,,,,,,,,,,,,,,,,,,,,,,,,,,,,,,,,,,,,,,,,Medium,0,0,0,5,38,0,37,31,0,432,77,0,,,,,,,,,,,,,,,,"French Vanilla Swirl Iced Coffee -
Medium",,,,,,,,,,,,,,,,,,,,,,,,,,,,,,,,,,,,,,,,,,,,,,,,,,,,,
Dunkin' (PDF),"French Vanilla Swirl Iced Coffee -
Small",,,,,40,,2,,,,110,,,,,,,,,,,,,,,,,,,,,,,,,,,,,,,,,,,,,,,,Small,0,0,0,0,26,0,24,21,0,293,52,0,,,,,,,,,,,,,,,,"French Vanilla Swirl Iced Coffee -
Small",,,,,,,,,,,,,,,,,,,,,,,,,,,,,,,,,,,,,,,,,,,,,,,,,,,,,
Dunkin' (PDF),"French Vanilla Swirl Iced Coffee
with Cream - Large",,,,,120,,5,,,,340,,,,,,,,,,,,,,,,,,,,,,,,,,,,,,,,,,,,,,,,Large,12,6,0,40,53,0,50,42,1,613,157,0,,,,,,,,,,,,,,,,"French Vanilla Swirl Iced Coffee
with Cream - Large",,,,,,,,,,,,,,,,,,,,,,,,,,,,,,,,,,,,,,,,,,,,,,,,,,,,,
Dunkin' (PDF),"French Vanilla Swirl Iced Coffee
with Cream - Medium",,,,,90,,4,,,,250,,,,,,,,,,,,,,,,,,,,,,,,,,,,,,,,,,,,,,,,Medium,9,4.5,0,30,40,0,38,31,0,473,118,0,,,,,,,,,,,,,,,,"French Vanilla Swirl Iced Coffee
with Cream - Medium",,,,,,,,,,,,,,,,,,,,,,,,,,,,,,,,,,,,,,,,,,,,,,,,,,,,,
Dunkin' (PDF),"French Vanilla Swirl Iced Coffee
with Cream - Small",,,,,60,,2,,,,170,,,,,,,,,,,,,,,,,,,,,,,,,,,,,,,,,,,,,,,,Small,6,3,0,20,26,0,25,21,0,320,79,0,,,,,,,,,,,,,,,,"French Vanilla Swirl Iced Coffee
with Cream - Small",,,,,,,,,,,,,,,,,,,,,,,,,,,,,,,,,,,,,,,,,,,,,,,,,,,,,
Dunkin' (PDF),"Iced Café Au Lait with Skim Milk
- Large",,,,,120,,9,,,,90,,,,,,,,,,,,,,,,,,,,,,,,,,,,,,,,,,,,,,,,Large,0,0,0,5,12,0,12,0,3,548,315,0,,,,,,,,,,,,,,,,"Iced Café Au Lait with Skim Milk
- Large",,,,,,,,,,,,,,,,,,,,,,,,,,,,,,,,,,,,,,,,,,,,,,,,,,,,,
Dunkin' (PDF),"Iced Café Au Lait with Skim Milk
- Medium",,,,,90,,6,,,,60,,,,,,,,,,,,,,,,,,,,,,,,,,,,,,,,,,,,,,,,Medium,0,0,0,5,9,0,9,0,2,411,235,0,,,,,,,,,,,,,,,,"Iced Café Au Lait with Skim Milk
- Medium",,,,,,,,,,,,,,,,,,,,,,,,,,,,,,,,,,,,,,,,,,,,,,,,,,,,,
Dunkin' (PDF),"Iced Café Au Lait with Skim Milk
- Small",,,,,60,,4,,,,45,,,,,,,,,,,,,,,,,,,,,,,,,,,,,,,,,,,,,,,,Small,0,0,0,0,6,0,6,0,1,274,158,0,,,,,,,,,,,,,,,,"Iced Café Au Lait with Skim Milk
- Small",,,,,,,,,,,,,,,,,,,,,,,,,,,,,,,,,,,,,,,,,,,,,,,,,,,,,
Dunkin' (PDF),"Iced Café Au Lait with Whole Milk
- Large",,,,,120,,8,,,,150,,,,,,,,,,,,,,,,,,,,,,,,,,,,,,,,,,,,,,,,Large,8,4.5,0,25,12,0,12,0,3,488,292,0,,,,,,,,,,,,,,,,"Iced Café Au Lait with Whole Milk
- Large",,,,,,,,,,,,,,,,,,,,,,,,,,,,,,,,,,,,,,,,,,,,,,,,,,,,,
Dunkin' (PDF),"Iced Café Au Lait with Whole Milk
- Medium",,,,,90,,6,,,,110,,,,,,,,,,,,,,,,,,,,,,,,,,,,,,,,,,,,,,,,Medium,6,3.5,0,20,9,0,9,0,2,366,218,0,,,,,,,,,,,,,,,,"Iced Café Au Lait with Whole Milk
- Medium",,,,,,,,,,,,,,,,,,,,,,,,,,,,,,,,,,,,,,,,,,,,,,,,,,,,,
Dunkin' (PDF),"Iced Café Au Lait with Whole Milk
- Small",,,,,60,,4,,,,80,,,,,,,,,,,,,,,,,,,,,,,,,,,,,,,,,,,,,,,,Small,4,2.5,0,10,6,0,6,0,2,244,146,0,,,,,,,,,,,,,,,,"Iced Café Au Lait with Whole Milk
- Small",,,,,,,,,,,,,,,,,,,,,,,,,,,,,,,,,,,,,,,,,,,,,,,,,,,,,
Dunkin' (PDF),Iced Coffee - Large,,,,,20,,1,,,,5,,,,,,,,,,,,,,,,,,,,,,,,,,,,,,,,,,,,,,,,Large,0,0,0,0,0,0,0,0,0,275,21,0,,,,,,,,,,,,,,,,Iced Coffee - Large,,,,,,,,,,,,,,,,,,,,,,,,,,,,,,,,,,,,,,,,,,,,,,,,,,,,,
Dunkin' (PDF),Iced Coffee - Medium,,,,,15,,0,,,,5,,,,,,,,,,,,,,,,,,,,,,,,,,,,,,,,,,,,,,,,Medium,0,0,0,0,0,0,0,0,0,206,15,0,,,,,,,,,,,,,,,,Iced Coffee - Medium,,,,,,,,,,,,,,,,,,,,,,,,,,,,,,,,,,,,,,,,,,,,,,,,,,,,,
Dunkin' (PDF),Iced Coffee - Small,,,,,10,,0,,,,5,,,,,,,,,,,,,,,,,,,,,,,,,,,,,,,,,,,,,,,,Small,0,0,0,0,0,0,0,0,0,137,11,0,,,,,,,,,,,,,,,,Iced Coffee - Small,,,,,,,,,,,,,,,,,,,,,,,,,,,,,,,,,,,,,,,,,,,,,,,,,,,,,
Dunkin' (PDF),"Iced Coffee with AlmondMilk -
Large",,,,,75,,1,,,,35,,,,,,,,,,,,,,,,,,,,,,,,,,,,,,,,,,,,,,,,Large,1,0,0,0,5,0,5,5,1,298,193,0,,,,,,,,,,,,,,,,"Iced Coffee with AlmondMilk -
Large",,,,,,,,,,,,,,,,,,,,,,,,,,,,,,,,,,,,,,,,,,,,,,,,,,,,,
Dunkin' (PDF),"Iced Coffee with AlmondMilk -
Medium",,,,,50,,1,,,,25,,,,,,,,,,,,,,,,,,,,,,,,,,,,,,,,,,,,,,,,Medium,0.5,0,0,0,4,0,3,3,1,221,130,0,,,,,,,,,,,,,,,,"Iced Coffee with AlmondMilk -
Medium",,,,,,,,,,,,,,,,,,,,,,,,,,,,,,,,,,,,,,,,,,,,,,,,,,,,,
Dunkin' (PDF),"Iced Coffee with AlmondMilk -
Small",,,,,30,,0,,,,15,,,,,,,,,,,,,,,,,,,,,,,,,,,,,,,,,,,,,,,,Small,0,0,0,0,2,0,2,2,0,145,68,0,,,,,,,,,,,,,,,,"Iced Coffee with AlmondMilk -
Small",,,,,,,,,,,,,,,,,,,,,,,,,,,,,,,,,,,,,,,,,,,,,,,,,,,,,
Dunkin' (PDF),Iced Coffee with Cream - Large,,,,,65,,2,,,,120,,,,,,,,,,,,,,,,,,,,,,,,,,,,,,,,,,,,,,,,Large,12,6,0,35,2,0,2,0,1,330,75,0,,,,,,,,,,,,,,,,Iced Coffee with Cream - Large,,,,,,,,,,,,,,,,,,,,,,,,,,,,,,,,,,,,,,,,,,,,,,,,,,,,,
Dunkin' (PDF),Iced Coffee with Cream - Medium,,,,,45,,2,,,,90,,,,,,,,,,,,,,,,,,,,,,,,,,,,,,,,,,,,,,,,Medium,9,4.5,0,25,1,0,1,0,0,247,55,0,,,,,,,,,,,,,,,,Iced Coffee with Cream - Medium,,,,,,,,,,,,,,,,,,,,,,,,,,,,,,,,,,,,,,,,,,,,,,,,,,,,,
Dunkin' (PDF),Iced Coffee with Cream - Small,,,,,30,,1,,,,60,,,,,,,,,,,,,,,,,,,,,,,,,,,,,,,,,,,,,,,,Small,6,3,0,20,1,0,1,0,0,165,37,0,,,,,,,,,,,,,,,,Iced Coffee with Cream - Small,,,,,,,,,,,,,,,,,,,,,,,,,,,,,,,,,,,,,,,,,,,,,,,,,,,,,
Dunkin' (PDF),"Iced Coffee with Cream and Sugar
- Large",,,,,65,,2,,,,260,,,,,,,,,,,,,,,,,,,,,,,,,,,,,,,,,,,,,,,,Large,12,6,0,35,37,0,36,35,1,330,75,0,,,,,,,,,,,,,,,,"Iced Coffee with Cream and Sugar
- Large",,,,,,,,,,,,,,,,,,,,,,,,,,,,,,,,,,,,,,,,,,,,,,,,,,,,,
Dunkin' (PDF),"Iced Coffee with Cream and Sugar
- Medium",,,,,45,,2,,,,190,,,,,,,,,,,,,,,,,,,,,,,,,,,,,,,,,,,,,,,,Medium,9,4.5,0,25,27,0,27,26,0,247,55,0,,,,,,,,,,,,,,,,"Iced Coffee with Cream and Sugar
- Medium",,,,,,,,,,,,,,,,,,,,,,,,,,,,,,,,,,,,,,,,,,,,,,,,,,,,,
Dunkin' (PDF),"Iced Coffee with Cream and Sugar
- Small",,,,,30,,1,,,,130,,,,,,,,,,,,,,,,,,,,,,,,,,,,,,,,,,,,,,,,Small,6,3,0,20,18,0,18,17,0,165,38,0,,,,,,,,,,,,,,,,"Iced Coffee with Cream and Sugar
- Small",,,,,,,,,,,,,,,,,,,,,,,,,,,,,,,,,,,,,,,,,,,,,,,,,,,,,
Dunkin' (PDF),Iced Coffee with Oatmilk - Large,,,,,60,,1,,,,45,,,,,,,,,,,,,,,,,,,,,,,,,,,,,,,,,,,,,,,,Large,1.5,0,0,0,8,1,2,1,2,380,144,0,,,,,,,,,,,,,,,,Iced Coffee with Oatmilk - Large,,,,,,,,,,,,,,,,,,,,,,,,,,,,,,,,,,,,,,,,,,,,,,,,,,,,,
Dunkin' (PDF),Iced Coffee with Oatmilk - Medium,,,,,40,,1,,,,30,,,,,,,,,,,,,,,,,,,,,,,,,,,,,,,,,,,,,,,,Medium,1,0,0,0,5,1,1,1,1,276,97,0,,,,,,,,,,,,,,,,Iced Coffee with Oatmilk - Medium,,,,,,,,,,,,,,,,,,,,,,,,,,,,,,,,,,,,,,,,,,,,,,,,,,,,,
Dunkin' (PDF),Iced Coffee with Oatmilk - Small,,,,,25,,1,,,,15,,,,,,,,,,,,,,,,,,,,,,,,,,,,,,,,,,,,,,,,Small,0,0,0,0,3,0,1,0,1,172,52,0,,,,,,,,,,,,,,,,Iced Coffee with Oatmilk - Small,,,,,,,,,,,,,,,,,,,,,,,,,,,,,,,,,,,,,,,,,,,,,,,,,,,,,
Dunkin' (PDF),Iced Coffee with Skim Milk - Large,,,,,45,,3,,,,25,,,,,,,,,,,,,,,,,,,,,,,,,,,,,,,,,,,,,,,,Large,0,0,0,0,3,0,3,0,1,343,94,0,,,,,,,,,,,,,,,,Iced Coffee with Skim Milk - Large,,,,,,,,,,,,,,,,,,,,,,,,,,,,,,,,,,,,,,,,,,,,,,,,,,,,,
Dunkin' (PDF),"Iced Coffee with Skim Milk -
Medium",,,,,35,,2,,,,20,,,,,,,,,,,,,,,,,,,,,,,,,,,,,,,,,,,,,,,,Medium,0,0,0,0,2,0,2,0,1,257,70,0,,,,,,,,,,,,,,,,"Iced Coffee with Skim Milk -
Medium",,,,,,,,,,,,,,,,,,,,,,,,,,,,,,,,,,,,,,,,,,,,,,,,,,,,,
Dunkin' (PDF),Iced Coffee with Skim Milk - Small,,,,,25,,1,,,,15,,,,,,,,,,,,,,,,,,,,,,,,,,,,,,,,,,,,,,,,Small,0,0,0,0,2,0,2,0,0,172,47,0,,,,,,,,,,,,,,,,Iced Coffee with Skim Milk - Small,,,,,,,,,,,,,,,,,,,,,,,,,,,,,,,,,,,,,,,,,,,,,,,,,,,,,
Dunkin' (PDF),"Iced Coffee with Skim Milk and
Sugar - Large",,,,,45,,3,,,,160,,,,,,,,,,,,,,,,,,,,,,,,,,,,,,,,,,,,,,,,Large,0,0,0,0,38,0,38,35,1,344,95,0,,,,,,,,,,,,,,,,"Iced Coffee with Skim Milk and
Sugar - Large",,,,,,,,,,,,,,,,,,,,,,,,,,,,,,,,,,,,,,,,,,,,,,,,,,,,,
Dunkin' (PDF),"Iced Coffee with Skim Milk and
Sugar - Medium",,,,,35,,2,,,,120,,,,,,,,,,,,,,,,,,,,,,,,,,,,,,,,,,,,,,,,Medium,0,0,0,0,28,0,28,26,1,257,70,0,,,,,,,,,,,,,,,,"Iced Coffee with Skim Milk and
Sugar - Medium",,,,,,,,,,,,,,,,,,,,,,,,,,,,,,,,,,,,,,,,,,,,,,,,,,,,,
Dunkin' (PDF),"Iced Coffee with Skim Milk and
Sugar - Small",,,,,25,,1,,,,80,,,,,,,,,,,,,,,,,,,,,,,,,,,,,,,,,,,,,,,,Small,0,0,0,0,19,0,19,17,0,172,47,0,,,,,,,,,,,,,,,,"Iced Coffee with Skim Milk and
Sugar - Small",,,,,,,,,,,,,,,,,,,,,,,,,,,,,,,,,,,,,,,,,,,,,,,,,,,,,
Dunkin' (PDF),Iced Coffee with Sugar - Large,,,,,20,,1,,,,140,,,,,,,,,,,,,,,,,,,,,,,,,,,,,,,,,,,,,,,,Large,0,0,0,0,35,0,35,35,0,275,21,0,,,,,,,,,,,,,,,,Iced Coffee with Sugar - Large,,,,,,,,,,,,,,,,,,,,,,,,,,,,,,,,,,,,,,,,,,,,,,,,,,,,,
Dunkin' (PDF),Iced Coffee with Sugar - Medium,,,,,15,,0,,,,110,,,,,,,,,,,,,,,,,,,,,,,,,,,,,,,,,,,,,,,,Medium,0,0,0,0,26,0,26,26,0,206,15,0,,,,,,,,,,,,,,,,Iced Coffee with Sugar - Medium,,,,,,,,,,,,,,,,,,,,,,,,,,,,,,,,,,,,,,,,,,,,,,,,,,,,,
Dunkin' (PDF),Iced Coffee with Sugar - Small,,,,,10,,0,,,,70,,,,,,,,,,,,,,,,,,,,,,,,,,,,,,,,,,,,,,,,Small,0,0,0,0,17,0,17,17,0,138,11,0,,,,,,,,,,,,,,,,Iced Coffee with Sugar - Small,,,,,,,,,,,,,,,,,,,,,,,,,,,,,,,,,,,,,,,,,,,,,,,,,,,,,
Dunkin' (PDF),"Iced Coffee with Whole Milk -
Large",,,,,45,,3,,,,40,,,,,,,,,,,,,,,,,,,,,,,,,,,,,,,,,,,,,,,,Large,2,1,0,5,3,0,3,0,1,328,89,0,,,,,,,,,,,,,,,,"Iced Coffee with Whole Milk -
Large",,,,,,,,,,,,,,,,,,,,,,,,,,,,,,,,,,,,,,,,,,,,,,,,,,,,,
Dunkin' (PDF),"Iced Coffee with Whole Milk -
Medium",,,,,35,,2,,,,30,,,,,,,,,,,,,,,,,,,,,,,,,,,,,,,,,,,,,,,,Medium,1.5,1,0,5,2,0,2,0,1,246,66,0,,,,,,,,,,,,,,,,"Iced Coffee with Whole Milk -
Medium",,,,,,,,,,,,,,,,,,,,,,,,,,,,,,,,,,,,,,,,,,,,,,,,,,,,,
Dunkin' (PDF),"Iced Coffee with Whole Milk -
Small",,,,,25,,1,,,,20,,,,,,,,,,,,,,,,,,,,,,,,,,,,,,,,,,,,,,,,Small,1,0.5,0,5,1,0,1,0,0,164,44,0,,,,,,,,,,,,,,,,"Iced Coffee with Whole Milk -
Small",,,,,,,,,,,,,,,,,,,,,,,,,,,,,,,,,,,,,,,,,,,,,,,,,,,,,
Dunkin' (PDF),"Iced Coffee with Whole Milk and
Sugar - Large",,,,,45,,3,,,,180,,,,,,,,,,,,,,,,,,,,,,,,,,,,,,,,,,,,,,,,Large,2,1,0,5,38,0,38,35,1,329,89,0,,,,,,,,,,,,,,,,"Iced Coffee with Whole Milk and
Sugar - Large",,,,,,,,,,,,,,,,,,,,,,,,,,,,,,,,,,,,,,,,,,,,,,,,,,,,,
Dunkin' (PDF),"Iced Coffee with Whole Milk and
Sugar - Medium",,,,,35,,2,,,,130,,,,,,,,,,,,,,,,,,,,,,,,,,,,,,,,,,,,,,,,Medium,1.5,1,0,5,28,0,28,26,1,246,66,0,,,,,,,,,,,,,,,,"Iced Coffee with Whole Milk and
Sugar - Medium",,,,,,,,,,,,,,,,,,,,,,,,,,,,,,,,,,,,,,,,,,,,,,,,,,,,,
Dunkin' (PDF),"Iced Coffee with Whole Milk and
Sugar - Small",,,,,25,,1,,,,90,,,,,,,,,,,,,,,,,,,,,,,,,,,,,,,,,,,,,,,,Small,1,0.5,0,5,19,0,19,17,0,164,45,0,,,,,,,,,,,,,,,,"Iced Coffee with Whole Milk and
Sugar - Small",,,,,,,,,,,,,,,,,,,,,,,,,,,,,,,,,,,,,,,,,,,,,,,,,,,,,
Dunkin' (PDF),Mocha Swirl Iced Coffee Large,,,,,50,,2,,,,210,,,,,,,,,,,,,,,,,,,,,,,,,,,,,,,,,,,,,,,,Large,1,0,0,0,50,2,46,46,0,598,31,2,,,,,,,,,,,,,,,,Mocha Swirl Iced Coffee Large,,,,,,,,,,,,,,,,,,,,,,,,,,,,,,,,,,,,,,,,,,,,,,,,,,,,,
Dunkin' (PDF),Mocha Swirl Iced Coffee Medium,,,,,35,,2,,,,160,,,,,,,,,,,,,,,,,,,,,,,,,,,,,,,,,,,,,,,,Medium,0.5,0,0,0,38,2,34,34,0,462,23,1,,,,,,,,,,,,,,,,Mocha Swirl Iced Coffee Medium,,,,,,,,,,,,,,,,,,,,,,,,,,,,,,,,,,,,,,,,,,,,,,,,,,,,,
Dunkin' (PDF),Mocha Swirl Iced Coffee Small,,,,,25,,1,,,,110,,,,,,,,,,,,,,,,,,,,,,,,,,,,,,,,,,,,,,,,Small,0,0,0,0,25,1,23,23,0,313,16,1,,,,,,,,,,,,,,,,Mocha Swirl Iced Coffee Small,,,,,,,,,,,,,,,,,,,,,,,,,,,,,,,,,,,,,,,,,,,,,,,,,,,,,
Dunkin' (PDF),"Mocha Swirl Iced Coffee with
Cream - Large",,,,,90,,4,,,,330,,,,,,,,,,,,,,,,,,,,,,,,,,,,,,,,,,,,,,,,Large,12,7,0,35,52,2,47,46,1,653,84,2,,,,,,,,,,,,,,,,"Mocha Swirl Iced Coffee with
Cream - Large",,,,,,,,,,,,,,,,,,,,,,,,,,,,,,,,,,,,,,,,,,,,,,,,,,,,,
Dunkin' (PDF),"Mocha Swirl Iced Coffee with
Cream - Medium",,,,,65,,3,,,,240,,,,,,,,,,,,,,,,,,,,,,,,,,,,,,,,,,,,,,,,Medium,9,5,0,25,39,2,35,34,0,503,63,1,,,,,,,,,,,,,,,,"Mocha Swirl Iced Coffee with
Cream - Medium",,,,,,,,,,,,,,,,,,,,,,,,,,,,,,,,,,,,,,,,,,,,,,,,,,,,,
Dunkin' (PDF),"Mocha Swirl Iced Coffee with
Cream - Small",,,,,45,,2,,,,160,,,,,,,,,,,,,,,,,,,,,,,,,,,,,,,,,,,,,,,,Small,6,3.5,0,20,26,1,24,23,0,340,43,1,,,,,,,,,,,,,,,,"Mocha Swirl Iced Coffee with
Cream - Small",,,,,,,,,,,,,,,,,,,,,,,,,,,,,,,,,,,,,,,,,,,,,,,,,,,,,
Dunkin' (PDF),"Almondmilk Iced Matcha Latte -
Large",,,,,240,,3,,,,230,,,,,,,,,,,,,,,,,,,,,,,,,,,,,,,,,,,,,,,,Large,3.5,0,0,0,48,3,44,44,8,258,702,1,,,,,,,,,,,,,,,,,,"Almondmilk Iced Matcha Latte -
Large",,,,,,,,,,,,,,,,,,,,,,,,,,,,,,,,,,,,,,,,,,,,,,,,,,,
Dunkin' (PDF),"Almondmilk Iced Matcha Latte -
Medium",,,,,180,,3,,,,180,,,,,,,,,,,,,,,,,,,,,,,,,,,,,,,,,,,,,,,,Medium,2.5,0,0,0,36,2,33,33,6,193,526,1,,,,,,,,,,,,,,,,,,"Almondmilk Iced Matcha Latte -
Medium",,,,,,,,,,,,,,,,,,,,,,,,,,,,,,,,,,,,,,,,,,,,,,,,,,,
Dunkin' (PDF),"Almondmilk Iced Matcha Latte -
Small",,,,,120,,2,,,,120,,,,,,,,,,,,,,,,,,,,,,,,,,,,,,,,,,,,,,,,Small,2,0,0,0,24,1,22,22,4,129,351,1,,,,,,,,,,,,,,,,,,"Almondmilk Iced Matcha Latte -
Small",,,,,,,,,,,,,,,,,,,,,,,,,,,,,,,,,,,,,,,,,,,,,,,,,,,
Dunkin' (PDF),"Butter Pecan Swirl Iced Latte with
Skim Milk - Large",,,,,440,,16,,,,350,,,,,,,,,,,,,,,,,,,,,,,,,,,,,,,,,,,,,,,,Large,0.5,0,0,10,70,0,66,42,4,849,596,0,,,,,,,,,,,,,,,,,,"Butter Pecan Swirl Iced Latte with
Skim Milk - Large",,,,,,,,,,,,,,,,,,,,,,,,,,,,,,,,,,,,,,,,,,,,,,,,,,,
Dunkin' (PDF),"Butter Pecan Swirl Iced Latte with
Skim Milk - Medium",,,,,330,,12,,,,260,,,,,,,,,,,,,,,,,,,,,,,,,,,,,,,,,,,,,,,,Medium,0,0,0,5,52,0,50,31,3,632,446,0,,,,,,,,,,,,,,,,,,"Butter Pecan Swirl Iced Latte with
Skim Milk - Medium",,,,,,,,,,,,,,,,,,,,,,,,,,,,,,,,,,,,,,,,,,,,,,,,,,,
Dunkin' (PDF),"Butter Pecan Swirl Iced Latte with
Skim Milk - Small",,,,,220,,8,,,,170,,,,,,,,,,,,,,,,,,,,,,,,,,,,,,,,,,,,,,,,Small,0,0,0,5,35,0,33,21,2,425,298,0,,,,,,,,,,,,,,,,,,"Butter Pecan Swirl Iced Latte with
Skim Milk - Small",,,,,,,,,,,,,,,,,,,,,,,,,,,,,,,,,,,,,,,,,,,,,,,,,,,
Dunkin' (PDF),"Butter Pecan Swirl Iced Latte with
Whole Milk - Large",,,,,440,,15,,,,450,,,,,,,,,,,,,,,,,,,,,,,,,,,,,,,,,,,,,,,,Large,12,7,0,40,69,0,66,42,5,759,561,0,,,,,,,,,,,,,,,,,,"Butter Pecan Swirl Iced Latte with
Whole Milk - Large",,,,,,,,,,,,,,,,,,,,,,,,,,,,,,,,,,,,,,,,,,,,,,,,,,,
Dunkin' (PDF),"Butter Pecan Swirl Iced Latte with
Whole Milk - Medium",,,,,330,,11,,,,330,,,,,,,,,,,,,,,,,,,,,,,,,,,,,,,,,,,,,,,,Medium,9,5,0,30,52,0,49,31,4,565,420,0,,,,,,,,,,,,,,,,,,"Butter Pecan Swirl Iced Latte with
Whole Milk - Medium",,,,,,,,,,,,,,,,,,,,,,,,,,,,,,,,,,,,,,,,,,,,,,,,,,,
Dunkin' (PDF),"Butter Pecan Swirl Iced Latte with
Whole Milk - Small",,,,,220,,7,,,,220,,,,,,,,,,,,,,,,,,,,,,,,,,,,,,,,,,,,,,,,Small,6,3.5,0,20,35,0,33,21,2,380,281,0,,,,,,,,,,,,,,,,,,"Butter Pecan Swirl Iced Latte with
Whole Milk - Small",,,,,,,,,,,,,,,,,,,,,,,,,,,,,,,,,,,,,,,,,,,,,,,,,,,
Dunkin' (PDF),"Caramel Craze Signature Iced
Latte with Skim Milk - Large",,,,,250,,16,,,,430,,,,,,,,,,,,,,,,,,,,,,,,,,,,,,,,,,,,,,,,Large,6,3.5,0,30,79,0,75,51,5,1053,586,0,,,,,,,,,,,,,,,,,,"Caramel Craze Signature Iced
Latte with Skim Milk - Large",,,,,,,,,,,,,,,,,,,,,,,,,,,,,,,,,,,,,,,,,,,,,,,,,,,
Dunkin' (PDF),"Caramel Craze Signature Iced
Latte with Skim Milk - Medium",,,,,190,,12,,,,340,,,,,,,,,,,,,,,,,,,,,,,,,,,,,,,,,,,,,,,,Medium,5,3,0,25,61,0,57,39,3,792,442,0,,,,,,,,,,,,,,,,,,"Caramel Craze Signature Iced
Latte with Skim Milk - Medium",,,,,,,,,,,,,,,,,,,,,,,,,,,,,,,,,,,,,,,,,,,,,,,,,,,
Dunkin' (PDF),"Caramel Craze Signature Iced
Latte with Skim Milk - Small",,,,,130,,8,,,,250,,,,,,,,,,,,,,,,,,,,,,,,,,,,,,,,,,,,,,,,Small,5,3,0,20,43,0,40,27,2,543,303,0,,,,,,,,,,,,,,,,,,"Caramel Craze Signature Iced
Latte with Skim Milk - Small",,,,,,,,,,,,,,,,,,,,,,,,,,,,,,,,,,,,,,,,,,,,,,,,,,,
Dunkin' (PDF),"Caramel Craze Signature Iced
Latte with Whole Milk - Large",,,,,250,,15,,,,530,,,,,,,,,,,,,,,,,,,,,,,,,,,,,,,,,,,,,,,,Large,17,10,0.5,60,79,0,74,51,5,963,551,0,,,,,,,,,,,,,,,,,,"Caramel Craze Signature Iced
Latte with Whole Milk - Large",,,,,,,,,,,,,,,,,,,,,,,,,,,,,,,,,,,,,,,,,,,,,,,,,,,
Dunkin' (PDF),"Caramel Craze Signature Iced
Latte with Whole Milk - Medium",,,,,190,,11,,,,410,,,,,,,,,,,,,,,,,,,,,,,,,,,,,,,,,,,,,,,,Medium,14,8,0,45,61,0,57,39,4,725,416,0,,,,,,,,,,,,,,,,,,"Caramel Craze Signature Iced
Latte with Whole Milk - Medium",,,,,,,,,,,,,,,,,,,,,,,,,,,,,,,,,,,,,,,,,,,,,,,,,,,
Dunkin' (PDF),"Caramel Craze Signature Iced
Latte with Whole Milk - Small",,,,,130,,8,,,,300,,,,,,,,,,,,,,,,,,,,,,,,,,,,,,,,,,,,,,,,Small,11,6,0,35,43,0,39,27,3,499,285,0,,,,,,,,,,,,,,,,,,"Caramel Craze Signature Iced
Latte with Whole Milk - Small",,,,,,,,,,,,,,,,,,,,,,,,,,,,,,,,,,,,,,,,,,,,,,,,,,,
Dunkin' (PDF),"Caramel Swirl Iced Latte with
Skim Milk - Large",,,,,250,,15,,,,350,,,,,,,,,,,,,,,,,,,,,,,,,,,,,,,,,,,,,,,,Large,0,0,0,10,71,0,69,46,4,"1,017",568,0,,,,,,,,,,,,,,,,,,"Caramel Swirl Iced Latte with
Skim Milk - Large",,,,,,,,,,,,,,,,,,,,,,,,,,,,,,,,,,,,,,,,,,,,,,,,,,,
Dunkin' (PDF),"Caramel Swirl Iced Latte with
Skim Milk - Medium",,,,,190,,11,,,,260,,,,,,,,,,,,,,,,,,,,,,,,,,,,,,,,,,,,,,,,Medium,0,0,0,10,53,0,52,35,3,758,426,0,,,,,,,,,,,,,,,,,,"Caramel Swirl Iced Latte with
Skim Milk - Medium",,,,,,,,,,,,,,,,,,,,,,,,,,,,,,,,,,,,,,,,,,,,,,,,,,,
Dunkin' (PDF),"Caramel Swirl Iced Latte with
Skim Milk - Small",,,,,125,,8,,,,180,,,,,,,,,,,,,,,,,,,,,,,,,,,,,,,,,,,,,,,,Small,0,0,0,5,36,0,35,23,2,509,284,0,,,,,,,,,,,,,,,,,,"Caramel Swirl Iced Latte with
Skim Milk - Small",,,,,,,,,,,,,,,,,,,,,,,,,,,,,,,,,,,,,,,,,,,,,,,,,,,
Dunkin' (PDF),"Caramel Swirl Iced Latte with
Whole Milk - Large",,,,,250,,14,,,,450,,,,,,,,,,,,,,,,,,,,,,,,,,,,,,,,,,,,,,,,Large,12,7,0,40,70,0,69,46,5,927,534,0,,,,,,,,,,,,,,,,,,"Caramel Swirl Iced Latte with
Whole Milk - Large",,,,,,,,,,,,,,,,,,,,,,,,,,,,,,,,,,,,,,,,,,,,,,,,,,,
Dunkin' (PDF),"Caramel Swirl Iced Latte with
Whole Milk - Medium",,,,,190,,11,,,,340,,,,,,,,,,,,,,,,,,,,,,,,,,,,,,,,,,,,,,,,Medium,9,5,0,30,53,0,52,35,4,690,400,0,,,,,,,,,,,,,,,,,,"Caramel Swirl Iced Latte with
Whole Milk - Medium",,,,,,,,,,,,,,,,,,,,,,,,,,,,,,,,,,,,,,,,,,,,,,,,,,,
Dunkin' (PDF),"Caramel Swirl Iced Latte with
Whole Milk - Small",,,,,125,,7,,,,230,,,,,,,,,,,,,,,,,,,,,,,,,,,,,,,,,,,,,,,,Small,6,3.5,0,20,35,0,34,23,2,464,267,0,,,,,,,,,,,,,,,,,,"Caramel Swirl Iced Latte with
Whole Milk - Small",,,,,,,,,,,,,,,,,,,,,,,,,,,,,,,,,,,,,,,,,,,,,,,,,,,
Dunkin' (PDF),"Chai Iced Latte with Skim Milk-
Large",,,,,210,,13,,,,290,,,,,,,,,,,,,,,,,,,,,,,,,,,,,,,,,,,,,,,,Large,0.5,0,0,5,58,2,54,36,4,656,466,1,,,,,,,,,,,,,,,,,,"Chai Iced Latte with Skim Milk-
Large",,,,,,,,,,,,,,,,,,,,,,,,,,,,,,,,,,,,,,,,,,,,,,,,,,,
Dunkin' (PDF),"Chai Iced Latte with Skim Milk-
Medium",,,,,160,,10,,,,220,,,,,,,,,,,,,,,,,,,,,,,,,,,,,,,,,,,,,,,,Medium,0,0,0,5,44,2,41,27,3,492,349,0,,,,,,,,,,,,,,,,,,"Chai Iced Latte with Skim Milk-
Medium",,,,,,,,,,,,,,,,,,,,,,,,,,,,,,,,,,,,,,,,,,,,,,,,,,,
Dunkin' (PDF),"Chai Iced Latte with Skim Milk-
Small",,,,,105,,7,,,,150,,,,,,,,,,,,,,,,,,,,,,,,,,,,,,,,,,,,,,,,Small,0,0,0,5,29,1,27,18,2,328,233,0,,,,,,,,,,,,,,,,,,"Chai Iced Latte with Skim Milk-
Small",,,,,,,,,,,,,,,,,,,,,,,,,,,,,,,,,,,,,,,,,,,,,,,,,,,
Dunkin' (PDF),"Chai Iced Latte with Whole Milk-
Large",,,,,220,,12,,,,390,,,,,,,,,,,,,,,,,,,,,,,,,,,,,,,,,,,,,,,,Large,12,7,0,35,57,2,54,36,5,567,431,1,,,,,,,,,,,,,,,,,,"Chai Iced Latte with Whole Milk-
Large",,,,,,,,,,,,,,,,,,,,,,,,,,,,,,,,,,,,,,,,,,,,,,,,,,,
Dunkin' (PDF),"Chai Iced Latte with Whole Milk-
Medium",,,,,160,,9,,,,290,,,,,,,,,,,,,,,,,,,,,,,,,,,,,,,,,,,,,,,,Medium,9,5,0,25,43,2,40,27,4,425,323,0,,,,,,,,,,,,,,,,,,"Chai Iced Latte with Whole Milk-
Medium",,,,,,,,,,,,,,,,,,,,,,,,,,,,,,,,,,,,,,,,,,,,,,,,,,,
Dunkin' (PDF),"Chai Iced Latte with Whole Milk-
Small",,,,,110,,6,,,,200,,,,,,,,,,,,,,,,,,,,,,,,,,,,,,,,,,,,,,,,Small,6,3.5,0,20,29,1,27,18,2,283,216,0,,,,,,,,,,,,,,,,,,"Chai Iced Latte with Whole Milk-
Small",,,,,,,,,,,,,,,,,,,,,,,,,,,,,,,,,,,,,,,,,,,,,,,,,,,
Dunkin' (PDF),"Cocoa Mocha Signature Iced Latte
with Skim Milk - Large",,,,,220,,15,,,,420,,,,,,,,,,,,,,,,,,,,,,,,,,,,,,,,,,,,,,,,Large,6,4,0,25,78,2,69,50,5,1061,495,2,,,,,,,,,,,,,,,,,,"Cocoa Mocha Signature Iced Latte
with Skim Milk - Large",,,,,,,,,,,,,,,,,,,,,,,,,,,,,,,,,,,,,,,,,,,,,,,,,,,
Dunkin' (PDF),"Cocoa Mocha Signature Iced Latte
with Skim Milk - Medium",,,,,160,,11,,,,330,,,,,,,,,,,,,,,,,,,,,,,,,,,,,,,,,,,,,,,,Medium,6,3.5,0,20,60,2,52,38,3,798,373,2,,,,,,,,,,,,,,,,,,"Cocoa Mocha Signature Iced Latte
with Skim Milk - Medium",,,,,,,,,,,,,,,,,,,,,,,,,,,,,,,,,,,,,,,,,,,,,,,,,,,
Dunkin' (PDF),"Cocoa Mocha Signature Iced Latte
with Skim Milk - Small",,,,,115,,8,,,,250,,,,,,,,,,,,,,,,,,,,,,,,,,,,,,,,,,,,,,,,Small,5,3.5,0,20,43,1,36,27,2,548,255,1,,,,,,,,,,,,,,,,,,"Cocoa Mocha Signature Iced Latte
with Skim Milk - Small",,,,,,,,,,,,,,,,,,,,,,,,,,,,,,,,,,,,,,,,,,,,,,,,,,,
Dunkin' (PDF),"Cocoa Mocha Signature Iced Latte
with Whole Milk - Large",,,,,220,,14,,,,520,,,,,,,,,,,,,,,,,,,,,,,,,,,,,,,,,,,,,,,,Large,18,11,0.5,55,77,2,68,50,5,971,460,2,,,,,,,,,,,,,,,,,,"Cocoa Mocha Signature Iced Latte
with Whole Milk - Large",,,,,,,,,,,,,,,,,,,,,,,,,,,,,,,,,,,,,,,,,,,,,,,,,,,
Dunkin' (PDF),"Cocoa Mocha Signature Iced Latte
with Whole Milk - Medium",,,,,170,,10,,,,400,,,,,,,,,,,,,,,,,,,,,,,,,,,,,,,,,,,,,,,,Medium,14,9,0,45,60,2,52,38,4,731,347,2,,,,,,,,,,,,,,,,,,"Cocoa Mocha Signature Iced Latte
with Whole Milk - Medium",,,,,,,,,,,,,,,,,,,,,,,,,,,,,,,,,,,,,,,,,,,,,,,,,,,
Dunkin' (PDF),"Cocoa Mocha Signature Iced Latte
with Whole Milk - Small",,,,,115,,7,,,,300,,,,,,,,,,,,,,,,,,,,,,,,,,,,,,,,,,,,,,,,Small,11,7,0,35,42,1,36,27,3,503,238,1,,,,,,,,,,,,,,,,,,"Cocoa Mocha Signature Iced Latte
with Whole Milk - Small",,,,,,,,,,,,,,,,,,,,,,,,,,,,,,,,,,,,,,,,,,,,,,,,,,,
Dunkin' (PDF),"French Vanilla Swirl Iced Latte
with Skim Milk - Large",,,,,240,,15,,,,350,,,,,,,,,,,,,,,,,,,,,,,,,,,,,,,,,,,,,,,,Large,0,0,0,10,71,0,67,42,4,980,549,0,,,,,,,,,,,,,,,,,,"French Vanilla Swirl Iced Latte
with Skim Milk - Large",,,,,,,,,,,,,,,,,,,,,,,,,,,,,,,,,,,,,,,,,,,,,,,,,,,
Dunkin' (PDF),"French Vanilla Swirl Iced Latte
with Skim Milk - Medium",,,,,180,,11,,,,260,,,,,,,,,,,,,,,,,,,,,,,,,,,,,,,,,,,,,,,,Medium,0,0,0,10,53,0,50,31,3,730,411,0,,,,,,,,,,,,,,,,,,"French Vanilla Swirl Iced Latte
with Skim Milk - Medium",,,,,,,,,,,,,,,,,,,,,,,,,,,,,,,,,,,,,,,,,,,,,,,,,,,
Dunkin' (PDF),"French Vanilla Swirl Iced Latte
with Skim Milk - Small",,,,,120,,7,,,,170,,,,,,,,,,,,,,,,,,,,,,,,,,,,,,,,,,,,,,,,Small,0,0,0,5,35,0,33,21,2,490,275,0,,,,,,,,,,,,,,,,,,"French Vanilla Swirl Iced Latte
with Skim Milk - Small",,,,,,,,,,,,,,,,,,,,,,,,,,,,,,,,,,,,,,,,,,,,,,,,,,,
Dunkin' (PDF),"French Vanilla Swirl Iced Latte
with Whole Milk - Large",,,,,240,,14,,,,450,,,,,,,,,,,,,,,,,,,,,,,,,,,,,,,,,,,,,,,,Large,12,7,0,40,70,0,66,42,5,891,515,0,,,,,,,,,,,,,,,,,,"French Vanilla Swirl Iced Latte
with Whole Milk - Large",,,,,,,,,,,,,,,,,,,,,,,,,,,,,,,,,,,,,,,,,,,,,,,,,,,
Dunkin' (PDF),"French Vanilla Swirl Iced Latte
with Whole Milk - Medium",,,,,180,,11,,,,330,,,,,,,,,,,,,,,,,,,,,,,,,,,,,,,,,,,,,,,,Medium,9,5,0,30,52,0,50,31,4,663,385,0,,,,,,,,,,,,,,,,,,"French Vanilla Swirl Iced Latte
with Whole Milk - Medium",,,,,,,,,,,,,,,,,,,,,,,,,,,,,,,,,,,,,,,,,,,,,,,,,,,
Dunkin' (PDF),"French Vanilla Swirl Iced Latte
with Whole Milk - Small",,,,,120,,7,,,,220,,,,,,,,,,,,,,,,,,,,,,,,,,,,,,,,,,,,,,,,Small,6,3.5,0,20,35,0,33,21,2,445,258,0,,,,,,,,,,,,,,,,,,"French Vanilla Swirl Iced Latte
with Whole Milk - Small",,,,,,,,,,,,,,,,,,,,,,,,,,,,,,,,,,,,,,,,,,,,,,,,,,,
Dunkin' (PDF),"Iced Latte with AlmondMilk -
Large",,,,,260,,2,,,,130,,,,,,,,,,,,,,,,,,,,,,,,,,,,,,,,,,,,,,,,Large,3.5,0,0,0,23,1,20,19,4,374,715,1,,,,,,,,,,,,,,,,,,"Iced Latte with AlmondMilk -
Large",,,,,,,,,,,,,,,,,,,,,,,,,,,,,,,,,,,,,,,,,,,,,,,,,,,
Dunkin' (PDF),"Iced Latte with AlmondMilk -
Medium",,,,,190,,1,,,,100,,,,,,,,,,,,,,,,,,,,,,,,,,,,,,,,,,,,,,,,Medium,3,0,0,0,17,1,15,15,3,276,536,1,,,,,,,,,,,,,,,,,,"Iced Latte with AlmondMilk -
Medium",,,,,,,,,,,,,,,,,,,,,,,,,,,,,,,,,,,,,,,,,,,,,,,,,,,
Dunkin' (PDF),"Iced Latte with AlmondMilk -
Small",,,,,130,,1,,,,70,,,,,,,,,,,,,,,,,,,,,,,,,,,,,,,,,,,,,,,,Small,2,0,0,0,11,0,10,10,2,187,358,1,,,,,,,,,,,,,,,,,,"Iced Latte with AlmondMilk -
Small",,,,,,,,,,,,,,,,,,,,,,,,,,,,,,,,,,,,,,,,,,,,,,,,,,,
Dunkin' (PDF),Iced Latte with Oatmilk - Large,,,,,200,,3,,,,180,,,,,,,,,,,,,,,,,,,,,,,,,,,,,,,,,,,,,,,,Large,5,1,0,0,32,4,7,5,9,681,518,1,,,,,,,,,,,,,,,,,,Iced Latte with Oatmilk - Large,,,,,,,,,,,,,,,,,,,,,,,,,,,,,,,,,,,,,,,,,,,,,,,,,,,
Dunkin' (PDF),Iced Latte with Oatmilk - Medium,,,,,150,,2,,,,130,,,,,,,,,,,,,,,,,,,,,,,,,,,,,,,,,,,,,,,,Medium,4,0.5,0,0,24,3,5,4,7,506,388,0,,,,,,,,,,,,,,,,,,Iced Latte with Oatmilk - Medium,,,,,,,,,,,,,,,,,,,,,,,,,,,,,,,,,,,,,,,,,,,,,,,,,,,
Dunkin' (PDF),Iced Latte with Oatmilk - Small,,,,,100,,1,,,,90,,,,,,,,,,,,,,,,,,,,,,,,,,,,,,,,,,,,,,,,Small,2.5,0,0,0,16,2,4,3,4,340,259,0,,,,,,,,,,,,,,,,,,Iced Latte with Oatmilk - Small,,,,,,,,,,,,,,,,,,,,,,,,,,,,,,,,,,,,,,,,,,,,,,,,,,,
Dunkin' (PDF),Iced Latte with Skim Milk - Large,,,,,180,,12,,,,130,,,,,,,,,,,,,,,,,,,,,,,,,,,,,,,,,,,,,,,,Large,0,0,0,5,20,0,18,0,4,670,465,0,,,,,,,,,,,,,,,,,,Iced Latte with Skim Milk - Large,,,,,,,,,,,,,,,,,,,,,,,,,,,,,,,,,,,,,,,,,,,,,,,,,,,
Dunkin' (PDF),"Iced Latte with Skim Milk -
Medium",,,,,135,,9,,,,100,,,,,,,,,,,,,,,,,,,,,,,,,,,,,,,,,,,,,,,,Medium,0,0,0,5,15,0,14,0,3,498,348,0,,,,,,,,,,,,,,,,,,"Iced Latte with Skim Milk -
Medium",,,,,,,,,,,,,,,,,,,,,,,,,,,,,,,,,,,,,,,,,,,,,,,,,,,
Dunkin' (PDF),Iced Latte with Skim Milk - Small,,,,,90,,6,,,,70,,,,,,,,,,,,,,,,,,,,,,,,,,,,,,,,,,,,,,,,Small,0,0,0,5,10,0,9,0,2,335,233,0,,,,,,,,,,,,,,,,,,Iced Latte with Skim Milk - Small,,,,,,,,,,,,,,,,,,,,,,,,,,,,,,,,,,,,,,,,,,,,,,,,,,,
Dunkin' (PDF),"Iced Latte with Skim Milk and
Sugar - Large",,,,,180,,12,,,,270,,,,,,,,,,,,,,,,,,,,,,,,,,,,,,,,,,,,,,,,Large,0,0,0,5,54,0,53,35,4,671,465,0,,,,,,,,,,,,,,,,,,"Iced Latte with Skim Milk and
Sugar - Large",,,,,,,,,,,,,,,,,,,,,,,,,,,,,,,,,,,,,,,,,,,,,,,,,,,
Dunkin' (PDF),"Iced Latte with Skim Milk and
Sugar - Medium",,,,,135,,9,,,,200,,,,,,,,,,,,,,,,,,,,,,,,,,,,,,,,,,,,,,,,Medium,0,0,0,5,41,0,40,26,3,498,348,0,,,,,,,,,,,,,,,,,,"Iced Latte with Skim Milk and
Sugar - Medium",,,,,,,,,,,,,,,,,,,,,,,,,,,,,,,,,,,,,,,,,,,,,,,,,,,
Dunkin' (PDF),"Iced Latte with Skim Milk and
Sugar - Small",,,,,90,,6,,,,130,,,,,,,,,,,,,,,,,,,,,,,,,,,,,,,,,,,,,,,,Small,0,0,0,5,27,0,26,17,2,335,233,0,,,,,,,,,,,,,,,,,,"Iced Latte with Skim Milk and
Sugar - Small",,,,,,,,,,,,,,,,,,,,,,,,,,,,,,,,,,,,,,,,,,,,,,,,,,,
Dunkin' (PDF),Iced Latte with Whole Milk - Large,,,,,180,,12,,,,230,,,,,,,,,,,,,,,,,,,,,,,,,,,,,,,,,,,,,,,,Large,12,7,0,35,19,0,18,0,5,580,431,0,,,,,,,,,,,,,,,,,,Iced Latte with Whole Milk - Large,,,,,,,,,,,,,,,,,,,,,,,,,,,,,,,,,,,,,,,,,,,,,,,,,,,
Dunkin' (PDF),"Iced Latte with Whole Milk -
Medium",,,,,135,,9,,,,170,,,,,,,,,,,,,,,,,,,,,,,,,,,,,,,,,,,,,,,,Medium,9,5,0,25,14,0,13,0,4,430,322,0,,,,,,,,,,,,,,,,,,"Iced Latte with Whole Milk -
Medium",,,,,,,,,,,,,,,,,,,,,,,,,,,,,,,,,,,,,,,,,,,,,,,,,,,
Dunkin' (PDF),Iced Latte with Whole Milk - Small,,,,,90,,6,,,,120,,,,,,,,,,,,,,,,,,,,,,,,,,,,,,,,,,,,,,,,Small,6,3.5,0,20,9,0,9,0,2,290,216,0,,,,,,,,,,,,,,,,,,Iced Latte with Whole Milk - Small,,,,,,,,,,,,,,,,,,,,,,,,,,,,,,,,,,,,,,,,,,,,,,,,,,,
Dunkin' (PDF),"Iced Latte with Whole Milk and
Sugar - Large",,,,,180,,12,,,,370,,,,,,,,,,,,,,,,,,,,,,,,,,,,,,,,,,,,,,,,Large,12,7,0,35,54,0,52,35,5,581,431,0,,,,,,,,,,,,,,,,,,"Iced Latte with Whole Milk and
Sugar - Large",,,,,,,,,,,,,,,,,,,,,,,,,,,,,,,,,,,,,,,,,,,,,,,,,,,
Dunkin' (PDF),"Iced Latte with Whole Milk and
Sugar - Medium",,,,,135,,9,,,,270,,,,,,,,,,,,,,,,,,,,,,,,,,,,,,,,,,,,,,,,Medium,9,5,0,25,40,0,39,26,4,431,323,0,,,,,,,,,,,,,,,,,,"Iced Latte with Whole Milk and
Sugar - Medium",,,,,,,,,,,,,,,,,,,,,,,,,,,,,,,,,,,,,,,,,,,,,,,,,,,
Dunkin' (PDF),"Iced Latte with Whole Milk and
Sugar - Small",,,,,90,,6,,,,180,,,,,,,,,,,,,,,,,,,,,,,,,,,,,,,,,,,,,,,,Small,6,3.5,0,20,27,0,26,17,2,291,216,0,,,,,,,,,,,,,,,,,,"Iced Latte with Whole Milk and
Sugar - Small",,,,,,,,,,,,,,,,,,,,,,,,,,,,,,,,,,,,,,,,,,,,,,,,,,,
Dunkin' (PDF),"Matcha Iced Latte with Skim
+H567+H563",,,,,125,,11,,,,180,,,,,,,,,,,,,,,,,,,,,,,,,,,,,,,,,,,,,,,,Medium,0,0,0,5,34,1,32,19,6,433,347,0,,,,,,,,,,,,,,,,,,"Matcha Iced Latte with Skim
+H567+H563",,,,,,,,,,,,,,,,,,,,,,,,,,,,,,,,,,,,,,,,,,,,,,,,,,,
Dunkin' (PDF),"Matcha Iced Latte with Skim Milk
- Large",,,,,170,,14,,,,240,,,,,,,,,,,,,,,,,,,,,,,,,,,,,,,,,,,,,,,,Large,0,0,0,5,45,2,43,25,8,578,464,0,,,,,,,,,,,,,,,,,,"Matcha Iced Latte with Skim Milk
- Large",,,,,,,,,,,,,,,,,,,,,,,,,,,,,,,,,,,,,,,,,,,,,,,,,,,
Dunkin' (PDF),"Matcha Iced Latte with Skim Milk
- Small",,,,,85,,7,,,,120,,,,,,,,,,,,,,,,,,,,,,,,,,,,,,,,,,,,,,,,Small,0,0,0,5,23,1,22,12,4,289,232,0,,,,,,,,,,,,,,,,,,"Matcha Iced Latte with Skim Milk
- Small",,,,,,,,,,,,,,,,,,,,,,,,,,,,,,,,,,,,,,,,,,,,,,,,,,,
Dunkin' (PDF),"Matcha Iced Latte with Whole
Milk - Large",,,,,170,,13,,,,340,,,,,,,,,,,,,,,,,,,,,,,,,,,,,,,,,,,,,,,,Large,12,7,0,35,44,2,43,25,9,488,429,0,,,,,,,,,,,,,,,,,,"Matcha Iced Latte with Whole
Milk - Large",,,,,,,,,,,,,,,,,,,,,,,,,,,,,,,,,,,,,,,,,,,,,,,,,,,
Dunkin' (PDF),"Matcha Iced Latte with Whole
Milk - Medium",,,,,130,,10,,,,250,,,,,,,,,,,,,,,,,,,,,,,,,,,,,,,,,,,,,,,,Medium,9,5,0,25,33,1,32,19,6,366,321,0,,,,,,,,,,,,,,,,,,"Matcha Iced Latte with Whole
Milk - Medium",,,,,,,,,,,,,,,,,,,,,,,,,,,,,,,,,,,,,,,,,,,,,,,,,,,
Dunkin' (PDF),"Matcha Iced Latte with Whole
Milk - Small",,,,,85,,7,,,,170,,,,,,,,,,,,,,,,,,,,,,,,,,,,,,,,,,,,,,,,Small,6,3.5,0,20,22,1,21,12,4,244,215,0,,,,,,,,,,,,,,,,,,"Matcha Iced Latte with Whole
Milk - Small",,,,,,,,,,,,,,,,,,,,,,,,,,,,,,,,,,,,,,,,,,,,,,,,,,,
Dunkin' (PDF),"Mocha Swirl Iced Latte with Skim
Milk - Large",,,,,210,,14,,,,340,,,,,,,,,,,,,,,,,,,,,,,,,,,,,,,,,,,,,,,,Large,1,0.5,0,5,70,2,64,46,4,"1,021",476,2,,,,,,,,,,,,,,,,,,"Mocha Swirl Iced Latte with Skim
Milk - Large",,,,,,,,,,,,,,,,,,,,,,,,,,,,,,,,,,,,,,,,,,,,,,,,,,,
Dunkin' (PDF),"Mocha Swirl Iced Latte with Skim
Milk - Medium",,,,,160,,10,,,,250,,,,,,,,,,,,,,,,,,,,,,,,,,,,,,,,,,,,,,,,Medium,1,0.5,0,5,52,2,48,34,3,761,356,1,,,,,,,,,,,,,,,,,,"Mocha Swirl Iced Latte with Skim
Milk - Medium",,,,,,,,,,,,,,,,,,,,,,,,,,,,,,,,,,,,,,,,,,,,,,,,,,,
Dunkin' (PDF),"Mocha Swirl Iced Latte with Skim
Milk - Small",,,,,105,,7,,,,170,,,,,,,,,,,,,,,,,,,,,,,,,,,,,,,,,,,,,,,,Small,0.5,0,0,5,35,1,32,23,2,510,238,1,,,,,,,,,,,,,,,,,,"Mocha Swirl Iced Latte with Skim
Milk - Small",,,,,,,,,,,,,,,,,,,,,,,,,,,,,,,,,,,,,,,,,,,,,,,,,,,
Dunkin' (PDF),"Mocha Swirl Iced Latte with Whole
Milk - Large",,,,,220,,13,,,,440,,,,,,,,,,,,,,,,,,,,,,,,,,,,,,,,,,,,,,,,Large,13,7,0,35,69,2,63,46,5,931,442,2,,,,,,,,,,,,,,,,,,"Mocha Swirl Iced Latte with Whole
Milk - Large",,,,,,,,,,,,,,,,,,,,,,,,,,,,,,,,,,,,,,,,,,,,,,,,,,,
Dunkin' (PDF),"Mocha Swirl Iced Latte with Whole
Milk - Medium",,,,,160,,10,,,,330,,,,,,,,,,,,,,,,,,,,,,,,,,,,,,,,,,,,,,,,Medium,10,6,0,25,52,2,47,34,4,694,330,1,,,,,,,,,,,,,,,,,,"Mocha Swirl Iced Latte with Whole
Milk - Medium",,,,,,,,,,,,,,,,,,,,,,,,,,,,,,,,,,,,,,,,,,,,,,,,,,,
Dunkin' (PDF),"Mocha Swirl Iced Latte with Whole
Milk - Small",,,,,110,,7,,,,220,,,,,,,,,,,,,,,,,,,,,,,,,,,,,,,,,,,,,,,,Small,6,3.5,0,20,35,1,32,23,2,466,221,1,,,,,,,,,,,,,,,,,,"Mocha Swirl Iced Latte with Whole
Milk - Small",,,,,,,,,,,,,,,,,,,,,,,,,,,,,,,,,,,,,,,,,,,,,,,,,,,
Dunkin' (PDF),"Butter Pecan Swirl Iced Macchiato
with Skim Milk - Large",,,,,390,,12,,,,310,,,,,,,,,,,,,,,,,,,,,,,,,,,,,,,,,,,,,,,,Large,0,0,0,5,64,0,60,42,3,704,447,0,,,,,,,,,,,,,,,,,,,,,,,,,,,,,,,,,,,,,,,,,,"Butter Pecan Swirl Iced Macchiato
with Skim Milk - Large",,,,,,,,,,,,,,,,,,,,,,,,,,,
Dunkin' (PDF),"Butter Pecan Swirl Iced Macchiato
with Skim Milk - Medium",,,,,290,,9,,,,230,,,,,,,,,,,,,,,,,,,,,,,,,,,,,,,,,,,,,,,,Medium,0,0,0,5,48,0,45,31,2,535,335,0,,,,,,,,,,,,,,,,,,,,,,,,,,,,,,,,,,,,,,,,,,"Butter Pecan Swirl Iced Macchiato
with Skim Milk - Medium",,,,,,,,,,,,,,,,,,,,,,,,,,,
Dunkin' (PDF),"Butter Pecan Swirl Iced Macchiato
with Skim Milk - Small",,,,,200,,6,,,,160,,,,,,,,,,,,,,,,,,,,,,,,,,,,,,,,,,,,,,,,Small,0,0,0,5,33,0,30,21,1,375,224,0,,,,,,,,,,,,,,,,,,,,,,,,,,,,,,,,,,,,,,,,,,"Butter Pecan Swirl Iced Macchiato
with Skim Milk - Small",,,,,,,,,,,,,,,,,,,,,,,,,,,
Dunkin' (PDF),"Butter Pecan Swirl Iced Macchiato
with Whole Milk - Large",,,,,390,,11,,,,380,,,,,,,,,,,,,,,,,,,,,,,,,,,,,,,,,,,,,,,,Large,8,4.5,0,25,64,0,60,42,3,644,424,0,,,,,,,,,,,,,,,,,,,,,,,,,,,,,,,,,,,,,,,,,,"Butter Pecan Swirl Iced Macchiato
with Whole Milk - Large",,,,,,,,,,,,,,,,,,,,,,,,,,,
Dunkin' (PDF),"Butter Pecan Swirl Iced Macchiato
with Whole Milk - Medium",,,,,300,,8,,,,280,,,,,,,,,,,,,,,,,,,,,,,,,,,,,,,,,,,,,,,,Medium,6,3.5,0,20,48,0,45,31,2,490,318,0,,,,,,,,,,,,,,,,,,,,,,,,,,,,,,,,,,,,,,,,,,"Butter Pecan Swirl Iced Macchiato
with Whole Milk - Medium",,,,,,,,,,,,,,,,,,,,,,,,,,,
Dunkin' (PDF),"Butter Pecan Swirl Iced Macchiato
with Whole Milk - Small",,,,,200,,6,,,,190,,,,,,,,,,,,,,,,,,,,,,,,,,,,,,,,,,,,,,,,Small,4,2.5,0,15,32,0,30,21,2,345,213,0,,,,,,,,,,,,,,,,,,,,,,,,,,,,,,,,,,,,,,,,,,"Butter Pecan Swirl Iced Macchiato
with Whole Milk - Small",,,,,,,,,,,,,,,,,,,,,,,,,,,
Dunkin' (PDF),"Caramel Swirl Iced Macchiato with
Skim Milk - Large",,,,,200,,11,,,,310,,,,,,,,,,,,,,,,,,,,,,,,,,,,,,,,,,,,,,,,Large,0,0,0,10,66,0,63,46,3,872,420,0,,,,,,,,,,,,,,,,,,,,,,,,,,,,,,,,,,,,,,,,,,"Caramel Swirl Iced Macchiato with
Skim Milk - Large",,,,,,,,,,,,,,,,,,,,,,,,,,,
Dunkin' (PDF),"Caramel Swirl Iced Macchiato with
Skim Milk - Medium",,,,,150,,8,,,,240,,,,,,,,,,,,,,,,,,,,,,,,,,,,,,,,,,,,,,,,Medium,0,0,0,5,49,0,47,35,2,661,314,0,,,,,,,,,,,,,,,,,,,,,,,,,,,,,,,,,,,,,,,,,,"Caramel Swirl Iced Macchiato with
Skim Milk - Medium",,,,,,,,,,,,,,,,,,,,,,,,,,,
Dunkin' (PDF),"Caramel Swirl Iced Macchiato with
Skim Milk - Small",,,,,105,,6,,,,160,,,,,,,,,,,,,,,,,,,,,,,,,,,,,,,,,,,,,,,,Small,0,0,0,5,33,0,32,23,1,459,211,0,,,,,,,,,,,,,,,,,,,,,,,,,,,,,,,,,,,,,,,,,,"Caramel Swirl Iced Macchiato with
Skim Milk - Small",,,,,,,,,,,,,,,,,,,,,,,,,,,
Dunkin' (PDF),"Caramel Swirl Iced Macchiato with
Whole Milk - Large",,,,,200,,11,,,,380,,,,,,,,,,,,,,,,,,,,,,,,,,,,,,,,,,,,,,,,Large,8,4.5,0,30,65,0,63,46,3,812,397,0,,,,,,,,,,,,,,,,,,,,,,,,,,,,,,,,,,,,,,,,,,"Caramel Swirl Iced Macchiato with
Whole Milk - Large",,,,,,,,,,,,,,,,,,,,,,,,,,,
Dunkin' (PDF),"Caramel Swirl Iced Macchiato with
Whole Milk - Medium",,,,,150,,8,,,,290,,,,,,,,,,,,,,,,,,,,,,,,,,,,,,,,,,,,,,,,Medium,6,3.5,0,20,49,0,47,35,2,616,297,0,,,,,,,,,,,,,,,,,,,,,,,,,,,,,,,,,,,,,,,,,,"Caramel Swirl Iced Macchiato with
Whole Milk - Medium",,,,,,,,,,,,,,,,,,,,,,,,,,,
Dunkin' (PDF),"Caramel Swirl Iced Macchiato with
Whole Milk - Small",,,,,105,,5,,,,190,,,,,,,,,,,,,,,,,,,,,,,,,,,,,,,,,,,,,,,,Small,4,2.5,0,15,33,0,31,23,2,429,199,0,,,,,,,,,,,,,,,,,,,,,,,,,,,,,,,,,,,,,,,,,,"Caramel Swirl Iced Macchiato with
Whole Milk - Small",,,,,,,,,,,,,,,,,,,,,,,,,,,
Dunkin' (PDF),"French Vanilla Swirl Iced
Macchiato with Skim Milk - Large",,,,,190,,11,,,,310,,,,,,,,,,,,,,,,,,,,,,,,,,,,,,,,,,,,,,,,Large,0,0,0,10,65,0,61,42,3,835,401,0,,,,,,,,,,,,,,,,,,,,,,,,,,,,,,,,,,,,,,,,,,"French Vanilla Swirl Iced
Macchiato with Skim Milk - Large",,,,,,,,,,,,,,,,,,,,,,,,,,,
Dunkin' (PDF),"French Vanilla Swirl Iced
Macchiato with Skim Milk -
Medium",,,,,150,,8,,,,230,,,,,,,,,,,,,,,,,,,,,,,,,,,,,,,,,,,,,,,,Medium,0,0,0,5,49,0,46,31,2,633,300,0,,,,,,,,,,,,,,,,,,,,,,,,,,,,,,,,,,,,,,,,,,"French Vanilla Swirl Iced
Macchiato with Skim Milk -
Medium",,,,,,,,,,,,,,,,,,,,,,,,,,,
Dunkin' (PDF),"French Vanilla Swirl Iced
Macchiato with Skim Milk - Small",,,,,100,,5,,,,160,,,,,,,,,,,,,,,,,,,,,,,,,,,,,,,,,,,,,,,,Small,0,0,0,5,33,0,30,21,1,441,201,0,,,,,,,,,,,,,,,,,,,,,,,,,,,,,,,,,,,,,,,,,,"French Vanilla Swirl Iced
Macchiato with Skim Milk - Small",,,,,,,,,,,,,,,,,,,,,,,,,,,
Dunkin' (PDF),"French Vanilla Swirl Iced
Macchiato with Whole Milk -
Large",,,,,200,,10,,,,380,,,,,,,,,,,,,,,,,,,,,,,,,,,,,,,,,,,,,,,,Large,8,4.5,0,30,65,0,60,42,3,776,378,0,,,,,,,,,,,,,,,,,,,,,,,,,,,,,,,,,,,,,,,,,,"French Vanilla Swirl Iced
Macchiato with Whole Milk -
Large",,,,,,,,,,,,,,,,,,,,,,,,,,,
Dunkin' (PDF),"French Vanilla Swirl Iced
Macchiato with Whole Milk -
Medium",,,,,150,,8,,,,280,,,,,,,,,,,,,,,,,,,,,,,,,,,,,,,,,,,,,,,,Medium,6,3.5,0,20,49,0,45,31,2,588,283,0,,,,,,,,,,,,,,,,,,,,,,,,,,,,,,,,,,,,,,,,,,"French Vanilla Swirl Iced
Macchiato with Whole Milk -
Medium",,,,,,,,,,,,,,,,,,,,,,,,,,,
Dunkin' (PDF),"French Vanilla Swirl Iced
Macchiato with Whole Milk - Small",,,,,100,,5,,,,190,,,,,,,,,,,,,,,,,,,,,,,,,,,,,,,,,,,,,,,,Small,4,2.5,0,15,33,0,30,21,2,411,189,0,,,,,,,,,,,,,,,,,,,,,,,,,,,,,,,,,,,,,,,,,,"French Vanilla Swirl Iced
Macchiato with Whole Milk - Small",,,,,,,,,,,,,,,,,,,,,,,,,,,
Dunkin' (PDF),"Iced Macchiato with Oatmilk -
Large",,,,,150,,2,,,,120,,,,,,,,,,,,,,,,,,,,,,,,,,,,,,,,,,,,,,,,Large,3.5,0.5,0,0,23,3,5,4,6,532,352,0,,,,,,,,,,,,,,,,,,,,,,,,,,,,,,,,,,,,,,,,,,"Iced Macchiato with Oatmilk -
Large",,,,,,,,,,,,,,,,,,,,,,,,,,,
Dunkin' (PDF),"Iced Macchiato with Oatmilk -
Medium",,,,,110,,2,,,,90,,,,,,,,,,,,,,,,,,,,,,,,,,,,,,,,,,,,,,,,Medium,2.5,0,0,0,17,2,4,3,4,406,263,0,,,,,,,,,,,,,,,,,,,,,,,,,,,,,,,,,,,,,,,,,,"Iced Macchiato with Oatmilk -
Medium",,,,,,,,,,,,,,,,,,,,,,,,,,,
Dunkin' (PDF),"Iced Macchiato with Oatmilk -
Small",,,,,75,,1,,,,60,,,,,,,,,,,,,,,,,,,,,,,,,,,,,,,,,,,,,,,,Small,2,0,0,0,12,1,2,2,3,289,177,0,,,,,,,,,,,,,,,,,,,,,,,,,,,,,,,,,,,,,,,,,,"Iced Macchiato with Oatmilk -
Small",,,,,,,,,,,,,,,,,,,,,,,,,,,
Dunkin' (PDF),"Iced Macchiato with Skim Milk -
Large",,,,,135,,8,,,,90,,,,,,,,,,,,,,,,,,,,,,,,,,,,,,,,,,,,,,,,Large,0,0,0,5,14,0,12,0,3,525,317,0,,,,,,,,,,,,,,,,,,,,,,,,,,,,,,,,,,,,,,,,,,"Iced Macchiato with Skim Milk -
Large",,,,,,,,,,,,,,,,,,,,,,,,,,,
Dunkin' (PDF),"Iced Macchiato with Skim Milk -
Medium",,,,,100,,6,,,,70,,,,,,,,,,,,,,,,,,,,,,,,,,,,,,,,,,,,,,,,Medium,0,0,0,5,11,0,9,0,2,400,237,0,,,,,,,,,,,,,,,,,,,,,,,,,,,,,,,,,,,,,,,,,,"Iced Macchiato with Skim Milk -
Medium",,,,,,,,,,,,,,,,,,,,,,,,,,,
Dunkin' (PDF),"Iced Macchiato with Skim Milk -
Small",,,,,70,,4,,,,50,,,,,,,,,,,,,,,,,,,,,,,,,,,,,,,,,,,,,,,,Small,0,0,0,0,7,0,6,0,1,286,159,0,,,,,,,,,,,,,,,,,,,,,,,,,,,,,,,,,,,,,,,,,,"Iced Macchiato with Skim Milk -
Small",,,,,,,,,,,,,,,,,,,,,,,,,,,
Dunkin' (PDF),"Iced Macchiato with Skim Milk
and Sugar - Large",,,,,135,,8,,,,230,,,,,,,,,,,,,,,,,,,,,,,,,,,,,,,,,,,,,,,,Large,0,0,0,5,49,0,47,35,3,526,317,0,,,,,,,,,,,,,,,,,,,,,,,,,,,,,,,,,,,,,,,,,,"Iced Macchiato with Skim Milk
and Sugar - Large",,,,,,,,,,,,,,,,,,,,,,,,,,,
Dunkin' (PDF),"Iced Macchiato with Skim Milk
and Sugar - Medium",,,,,100,,6,,,,170,,,,,,,,,,,,,,,,,,,,,,,,,,,,,,,,,,,,,,,,Medium,0,0,0,5,37,0,35,26,2,401,237,0,,,,,,,,,,,,,,,,,,,,,,,,,,,,,,,,,,,,,,,,,,"Iced Macchiato with Skim Milk
and Sugar - Medium",,,,,,,,,,,,,,,,,,,,,,,,,,,
Dunkin' (PDF),"Iced Macchiato with Skim Milk
and Sugar - Small",,,,,70,,4,,,,120,,,,,,,,,,,,,,,,,,,,,,,,,,,,,,,,,,,,,,,,Small,0,0,0,0,25,0,23,17,1,286,159,0,,,,,,,,,,,,,,,,,,,,,,,,,,,,,,,,,,,,,,,,,,"Iced Macchiato with Skim Milk
and Sugar - Small",,,,,,,,,,,,,,,,,,,,,,,,,,,
Dunkin' (PDF),"Iced Macchiato with Whole Milk -
Large",,,,,135,,8,,,,160,,,,,,,,,,,,,,,,,,,,,,,,,,,,,,,,,,,,,,,,Large,8,4.5,0,25,14,0,12,0,3,465,294,0,,,,,,,,,,,,,,,,,,,,,,,,,,,,,,,,,,,,,,,,,,"Iced Macchiato with Whole Milk -
Large",,,,,,,,,,,,,,,,,,,,,,,,,,,
Dunkin' (PDF),"Iced Macchiato with Whole Milk -
Medium",,,,,105,,6,,,,120,,,,,,,,,,,,,,,,,,,,,,,,,,,,,,,,,,,,,,,,Medium,6,3.5,0,20,10,0,9,0,2,356,220,0,,,,,,,,,,,,,,,,,,,,,,,,,,,,,,,,,,,,,,,,,,"Iced Macchiato with Whole Milk -
Medium",,,,,,,,,,,,,,,,,,,,,,,,,,,
Dunkin' (PDF),"Iced Macchiato with Whole Milk -
Small",,,,,70,,4,,,,80,,,,,,,,,,,,,,,,,,,,,,,,,,,,,,,,,,,,,,,,Small,4,2.5,0,10,7,0,6,0,2,256,147,0,,,,,,,,,,,,,,,,,,,,,,,,,,,,,,,,,,,,,,,,,,"Iced Macchiato with Whole Milk -
Small",,,,,,,,,,,,,,,,,,,,,,,,,,,
Dunkin' (PDF),"Iced Macchiato with Whole Milk
and Sugar - Large",,,,,140,,8,,,,290,,,,,,,,,,,,,,,,,,,,,,,,,,,,,,,,,,,,,,,,Large,8,4.5,0,25,49,0,46,35,3,466,294,0,,,,,,,,,,,,,,,,,,,,,,,,,,,,,,,,,,,,,,,,,,"Iced Macchiato with Whole Milk
and Sugar - Large",,,,,,,,,,,,,,,,,,,,,,,,,,,
Dunkin' (PDF),"Iced Macchiato with Whole Milk
and Sugar - Small",,,,,70,,4,,,,150,,,,,,,,,,,,,,,,,,,,,,,,,,,,,,,,,,,,,,,,Small,4,2.5,0,10,25,0,23,17,2,256,148,0,,,,,,,,,,,,,,,,,,,,,,,,,,,,,,,,,,,,,,,,,,"Iced Macchiato with Whole Milk
and Sugar - Small",,,,,,,,,,,,,,,,,,,,,,,,,,,
Dunkin' (PDF),"Iced Macchiato with Whole Milk
and Sugar- Medium",,,,,105,,6,,,,220,,,,,,,,,,,,,,,,,,,,,,,,,,,,,,,,,,,,,,,,Medium,6,3.5,0,20,37,0,35,26,2,356,220,0,,,,,,,,,,,,,,,,,,,,,,,,,,,,,,,,,,,,,,,,,,"Iced Macchiato with Whole Milk
and Sugar- Medium",,,,,,,,,,,,,,,,,,,,,,,,,,,
Dunkin' (PDF),"Mocha Swirl Iced Macchiato with
Skim Milk - Large",,,,,160,,10,,,,300,,,,,,,,,,,,,,,,,,,,,,,,,,,,,,,,,,,,,,,,Large,1,0.5,0,5,65,2,58,46,3,876,327,2,,,,,,,,,,,,,,,,,,,,,,,,,,,,,,,,,,,,,,,,,,"Mocha Swirl Iced Macchiato with
Skim Milk - Large",,,,,,,,,,,,,,,,,,,,,,,,,,,
Dunkin' (PDF),"Mocha Swirl Iced Macchiato with
Skim Milk - Medium",,,,,125,,7,,,,230,,,,,,,,,,,,,,,,,,,,,,,,,,,,,,,,,,,,,,,,Medium,1,0.5,0,5,49,2,43,34,2,664,245,2,,,,,,,,,,,,,,,,,,,,,,,,,,,,,,,,,,,,,,,,,,"Mocha Swirl Iced Macchiato with
Skim Milk - Medium",,,,,,,,,,,,,,,,,,,,,,,,,,,
Dunkin' (PDF),"Mocha Swirl Iced Macchiato with
Skim Milk - Small",,,,,85,,5,,,,150,,,,,,,,,,,,,,,,,,,,,,,,,,,,,,,,,,,,,,,,Small,0.5,0,0,0,33,1,29,23,1,461,164,1,,,,,,,,,,,,,,,,,,,,,,,,,,,,,,,,,,,,,,,,,,"Mocha Swirl Iced Macchiato with
Skim Milk - Small",,,,,,,,,,,,,,,,,,,,,,,,,,,
Dunkin' (PDF),"Mocha Swirl Iced Macchiato with
Whole Milk - Large",,,,,170,,9,,,,370,,,,,,,,,,,,,,,,,,,,,,,,,,,,,,,,,,,,,,,,Large,9,5,0,25,64,2,57,46,3,816,305,2,,,,,,,,,,,,,,,,,,,,,,,,,,,,,,,,,,,,,,,,,,"Mocha Swirl Iced Macchiato with
Whole Milk - Large",,,,,,,,,,,,,,,,,,,,,,,,,,,
Dunkin' (PDF),"Mocha Swirl Iced Macchiato with
Whole Milk - Medium",,,,,125,,7,,,,280,,,,,,,,,,,,,,,,,,,,,,,,,,,,,,,,,,,,,,,,Medium,7,4,0,20,48,2,43,34,2,619,228,2,,,,,,,,,,,,,,,,,,,,,,,,,,,,,,,,,,,,,,,,,,"Mocha Swirl Iced Macchiato with
Whole Milk - Medium",,,,,,,,,,,,,,,,,,,,,,,,,,,
Dunkin' (PDF),"Mocha Swirl Iced Macchiato with
Whole Milk - Small",,,,,85,,5,,,,180,,,,,,,,,,,,,,,,,,,,,,,,,,,,,,,,,,,,,,,,Small,4.5,2.5,0,10,32,1,29,23,2,431,153,1,,,,,,,,,,,,,,,,,,,,,,,,,,,,,,,,,,,,,,,,,,"Mocha Swirl Iced Macchiato with
Whole Milk - Small",,,,,,,,,,,,,,,,,,,,,,,,,,,
Dunkin' (PDF),Iced Green Tea Sweetened - Large,,,,,15,,1,,,,140,,,,,,,,,,,,,,,,,,,,,,,,,,,,,,,,,,,,,,,,Large,0,0,0,0,33,0,33,33,0,49,10,0,,,,,,,,,,,,,,,,,,,Iced Green Tea Sweetened - Large,,,,,,,,,,,,,,,,,,,,,,,,,,,,,,,,,,,,,,,,,,,,,,,,,,
Dunkin' (PDF),"Iced Green Tea Sweetened -
Medium",,,,,10,,1,,,,100,,,,,,,,,,,,,,,,,,,,,,,,,,,,,,,,,,,,,,,,Medium,0,0,0,0,25,0,25,25,0,36,6,0,,,,,,,,,,,,,,,,,,,"Iced Green Tea Sweetened -
Medium",,,,,,,,,,,,,,,,,,,,,,,,,,,,,,,,,,,,,,,,,,,,,,,,,,
Dunkin' (PDF),Iced Green Tea Sweetened - Small,,,,,10,,1,,,,70,,,,,,,,,,,,,,,,,,,,,,,,,,,,,,,,,,,,,,,,Small,0,0,0,0,16,0,16,16,0,24,5,0,,,,,,,,,,,,,,,,,,,Iced Green Tea Sweetened - Small,,,,,,,,,,,,,,,,,,,,,,,,,,,,,,,,,,,,,,,,,,,,,,,,,,
Dunkin' (PDF),"Iced Green Tea Unsweetened -
Large",,,,,15,,1,,,,5,,,,,,,,,,,,,,,,,,,,,,,,,,,,,,,,,,,,,,,,Large,0,0,0,0,0,0,0,0,0,49,10,0,,,,,,,,,,,,,,,,,,,"Iced Green Tea Unsweetened -
Large",,,,,,,,,,,,,,,,,,,,,,,,,,,,,,,,,,,,,,,,,,,,,,,,,,
Dunkin' (PDF),"Iced Green Tea Unsweetened -
Medium",,,,,10,,1,,,,5,,,,,,,,,,,,,,,,,,,,,,,,,,,,,,,,,,,,,,,,Medium,0,0,0,0,0,0,0,0,0,36,6,0,,,,,,,,,,,,,,,,,,,"Iced Green Tea Unsweetened -
Medium",,,,,,,,,,,,,,,,,,,,,,,,,,,,,,,,,,,,,,,,,,,,,,,,,,
Dunkin' (PDF),"Iced Green Tea Unsweetened -
Small",,,,,10,,1,,,,5,,,,,,,,,,,,,,,,,,,,,,,,,,,,,,,,,,,,,,,,Small,0,0,0,0,0,0,0,0,0,24,5,0,,,,,,,,,,,,,,,,,,,"Iced Green Tea Unsweetened -
Small",,,,,,,,,,,,,,,,,,,,,,,,,,,,,,,,,,,,,,,,,,,,,,,,,,
Dunkin' (PDF),Iced Tea Sweetened - Large,,,,,25,,0,,,,140,,,,,,,,,,,,,,,,,,,,,,,,,,,,,,,,,,,,,,,,Large,0,0,0,0,35,0,33,33,0,213,10,0,,,,,,,,,,,,,,,,,,,Iced Tea Sweetened - Large,,,,,,,,,,,,,,,,,,,,,,,,,,,,,,,,,,,,,,,,,,,,,,,,,,
Dunkin' (PDF),Iced Tea Sweetened - Medium,,,,,20,,0,,,,100,,,,,,,,,,,,,,,,,,,,,,,,,,,,,,,,,,,,,,,,Medium,0,0,0,0,26,0,25,25,0,159,6,0,,,,,,,,,,,,,,,,,,,Iced Tea Sweetened - Medium,,,,,,,,,,,,,,,,,,,,,,,,,,,,,,,,,,,,,,,,,,,,,,,,,,
Dunkin' (PDF),Iced Tea Sweetened - Small,,,,,15,,0,,,,70,,,,,,,,,,,,,,,,,,,,,,,,,,,,,,,,,,,,,,,,Small,0,0,0,0,17,0,16,16,0,107,5,0,,,,,,,,,,,,,,,,,,,Iced Tea Sweetened - Small,,,,,,,,,,,,,,,,,,,,,,,,,,,,,,,,,,,,,,,,,,,,,,,,,,
Dunkin' (PDF),"Iced Tea Sweetened Blueberry
Flavored - Medium",,,,,20,,0,,,,110,,,,,,,,,,,,,,,,,,,,,,,,,,,,,,,,,,,,,,,,Medium,0,0,0,0,27,0,25,25,0,149,6,0,,,,,,,,,,,,,,,,,,,"Iced Tea Sweetened Blueberry
Flavored - Medium",,,,,,,,,,,,,,,,,,,,,,,,,,,,,,,,,,,,,,,,,,,,,,,,,,
Dunkin' (PDF),"Iced Tea Sweetened Blueberry
Flavored - Large",,,,,25,,0,,,,150,,,,,,,,,,,,,,,,,,,,,,,,,,,,,,,,,,,,,,,,Large,0,0,0,0,35,0,33,33,0,199,10,0,,,,,,,,,,,,,,,,,,,"Iced Tea Sweetened Blueberry
Flavored - Large",,,,,,,,,,,,,,,,,,,,,,,,,,,,,,,,,,,,,,,,,,,,,,,,,,
Dunkin' (PDF),"Iced Tea Sweetened Blueberry
Flavored - Small",,,,,15,,0,,,,70,,,,,,,,,,,,,,,,,,,,,,,,,,,,,,,,,,,,,,,,Small,0,0,0,0,18,0,17,17,0,99,5,0,,,,,,,,,,,,,,,,,,,"Iced Tea Sweetened Blueberry
Flavored - Small",,,,,,,,,,,,,,,,,,,,,,,,,,,,,,,,,,,,,,,,,,,,,,,,,,
Dunkin' (PDF),"Iced Tea Sweetened Raspberry
Flavored - Large",,,,,25,,0,,,,150,,,,,,,,,,,,,,,,,,,,,,,,,,,,,,,,,,,,,,,,Large,0,0,0,0,38,0,33,33,0,199,10,0,,,,,,,,,,,,,,,,,,,"Iced Tea Sweetened Raspberry
Flavored - Large",,,,,,,,,,,,,,,,,,,,,,,,,,,,,,,,,,,,,,,,,,,,,,,,,,
Dunkin' (PDF),"Iced Tea Sweetened Raspberry
Flavored - Medium",,,,,20,,0,,,,110,,,,,,,,,,,,,,,,,,,,,,,,,,,,,,,,,,,,,,,,Medium,0,0,0,0,29,0,25,25,0,149,6,0,,,,,,,,,,,,,,,,,,,"Iced Tea Sweetened Raspberry
Flavored - Medium",,,,,,,,,,,,,,,,,,,,,,,,,,,,,,,,,,,,,,,,,,,,,,,,,,
Dunkin' (PDF),"Iced Tea Sweetened Raspberry
Flavored - Small",,,,,15,,0,,,,80,,,,,,,,,,,,,,,,,,,,,,,,,,,,,,,,,,,,,,,,Small,0,0,0,0,19,0,17,17,0,99,5,0,,,,,,,,,,,,,,,,,,,"Iced Tea Sweetened Raspberry
Flavored - Small",,,,,,,,,,,,,,,,,,,,,,,,,,,,,,,,,,,,,,,,,,,,,,,,,,
Dunkin' (PDF),Iced Tea Unsweetened - Large,,,,,25,,0,,,,5,,,,,,,,,,,,,,,,,,,,,,,,,,,,,,,,,,,,,,,,Large,0,0,0,0,2,0,0,0,0,196,10,0,,,,,,,,,,,,,,,,,,,Iced Tea Unsweetened - Large,,,,,,,,,,,,,,,,,,,,,,,,,,,,,,,,,,,,,,,,,,,,,,,,,,
Dunkin' (PDF),Iced Tea Unsweetened - Medium,,,,,20,,0,,,,5,,,,,,,,,,,,,,,,,,,,,,,,,,,,,,,,,,,,,,,,Medium,0,0,0,0,1,0,0,0,0,148,6,0,,,,,,,,,,,,,,,,,,,Iced Tea Unsweetened - Medium,,,,,,,,,,,,,,,,,,,,,,,,,,,,,,,,,,,,,,,,,,,,,,,,,,
Dunkin' (PDF),Iced Tea Unsweetened - Small,,,,,15,,0,,,,5,,,,,,,,,,,,,,,,,,,,,,,,,,,,,,,,,,,,,,,,Small,0,0,0,0,1,0,0,0,0,102,5,0,,,,,,,,,,,,,,,,,,,Iced Tea Unsweetened - Small,,,,,,,,,,,,,,,,,,,,,,,,,,,,,,,,,,,,,,,,,,,,,,,,,,
Dunkin' (PDF),"Iced Tea Unsweetened Blueberry
Flavored - Large",,,,,25,,0,,,,15,,,,,,,,,,,,,,,,,,,,,,,,,,,,,,,,,,,,,,,,Large,0,0,0,0,2,0,0,0,0,199,10,0,,,,,,,,,,,,,,,,,,,"Iced Tea Unsweetened Blueberry
Flavored - Large",,,,,,,,,,,,,,,,,,,,,,,,,,,,,,,,,,,,,,,,,,,,,,,,,,
Dunkin' (PDF),"Iced Tea Unsweetened Blueberry
Flavored - Medium",,,,,20,,0,,,,10,,,,,,,,,,,,,,,,,,,,,,,,,,,,,,,,,,,,,,,,Medium,0,0,0,0,2,0,0,0,0,149,6,0,,,,,,,,,,,,,,,,,,,"Iced Tea Unsweetened Blueberry
Flavored - Medium",,,,,,,,,,,,,,,,,,,,,,,,,,,,,,,,,,,,,,,,,,,,,,,,,,
Dunkin' (PDF),"Iced Tea Unsweetened Blueberry
Flavored - Small",,,,,15,,0,,,,5,,,,,,,,,,,,,,,,,,,,,,,,,,,,,,,,,,,,,,,,Small,0,0,0,0,1,0,0,0,0,99,5,0,,,,,,,,,,,,,,,,,,,"Iced Tea Unsweetened Blueberry
Flavored - Small",,,,,,,,,,,,,,,,,,,,,,,,,,,,,,,,,,,,,,,,,,,,,,,,,,
Dunkin' (PDF),"Iced Tea Unsweetened Raspberry
Flavored - Large",,,,,25,,0,,,,20,,,,,,,,,,,,,,,,,,,,,,,,,,,,,,,,,,,,,,,,Large,0,0,0,0,5,0,0,0,0,199,10,0,,,,,,,,,,,,,,,,,,,"Iced Tea Unsweetened Raspberry
Flavored - Large",,,,,,,,,,,,,,,,,,,,,,,,,,,,,,,,,,,,,,,,,,,,,,,,,,
Dunkin' (PDF),"Iced Tea Unsweetened Raspberry
Flavored - Medium",,,,,20,,0,,,,15,,,,,,,,,,,,,,,,,,,,,,,,,,,,,,,,,,,,,,,,Medium,0,0,0,0,4,0,0,0,0,149,6,0,,,,,,,,,,,,,,,,,,,"Iced Tea Unsweetened Raspberry
Flavored - Medium",,,,,,,,,,,,,,,,,,,,,,,,,,,,,,,,,,,,,,,,,,,,,,,,,,
Dunkin' (PDF),"Iced Tea Unsweetened Raspberry
Flavored - Small",,,,,15,,0,,,,10,,,,,,,,,,,,,,,,,,,,,,,,,,,,,,,,,,,,,,,,Small,0,0,0,0,3,0,0,0,0,99,5,0,,,,,,,,,,,,,,,,,,,"Iced Tea Unsweetened Raspberry
Flavored - Small",,,,,,,,,,,,,,,,,,,,,,,,,,,,,,,,,,,,,,,,,,,,,,,,,,
Dunkin' (PDF),Sweet Tea - Large,,,,,25,,0,,,,310,,,,,,,,,,,,,,,,,,,,,,,,,,,,,,,,,,,,,,,,Large,0,0,0,0,79,0,78,78,0,206,10,0,,,,,,,,,,,,,,,,,,,Sweet Tea - Large,,,,,,,,,,,,,,,,,,,,,,,,,,,,,,,,,,,,,,,,,,,,,,,,,,
Dunkin' (PDF),Sweet Tea - Medium,,,,,20,,0,,,,230,,,,,,,,,,,,,,,,,,,,,,,,,,,,,,,,,,,,,,,,Medium,0,0,0,0,60,0,58,58,0,154,7,0,,,,,,,,,,,,,,,,,,,Sweet Tea - Medium,,,,,,,,,,,,,,,,,,,,,,,,,,,,,,,,,,,,,,,,,,,,,,,,,,
Dunkin' (PDF),Sweet Tea - Small,,,,,15,,0,,,,150,,,,,,,,,,,,,,,,,,,,,,,,,,,,,,,,,,,,,,,,Small,0,0,0,0,40,0,39,39,0,103,5,0,,,,,,,,,,,,,,,,,,,Sweet Tea - Small,,,,,,,,,,,,,,,,,,,,,,,,,,,,,,,,,,,,,,,,,,,,,,,,,,
Dunkin' (PDF),"Sweet Tea Blueberry Flavored -
Large",,,,,30,,0,,,,330,,,,,,,,,,,,,,,,,,,,,,,,,,,,,,,,,,,,,,,,Large,0,0,0,0,86,0,81,81,0,224,10,0,,,,,,,,,,,,,,,,,,,"Sweet Tea Blueberry Flavored -
Large",,,,,,,,,,,,,,,,,,,,,,,,,,,,,,,,,,,,,,,,,,,,,,,,,,
Dunkin' (PDF),"Sweet Tea Blueberry Flavored -
Medium",,,,,20,,0,,,,250,,,,,,,,,,,,,,,,,,,,,,,,,,,,,,,,,,,,,,,,Medium,0,0,0,0,64,0,60,60,0,167,7,0,,,,,,,,,,,,,,,,,,,"Sweet Tea Blueberry Flavored -
Medium",,,,,,,,,,,,,,,,,,,,,,,,,,,,,,,,,,,,,,,,,,,,,,,,,,
Dunkin' (PDF),"Sweet Tea Blueberry Flavored -
Small",,,,,15,,0,,,,170,,,,,,,,,,,,,,,,,,,,,,,,,,,,,,,,,,,,,,,,Small,0,0,0,0,43,0,40,40,0,112,5,0,,,,,,,,,,,,,,,,,,,"Sweet Tea Blueberry Flavored -
Small",,,,,,,,,,,,,,,,,,,,,,,,,,,,,,,,,,,,,,,,,,,,,,,,,,
Dunkin' (PDF),"Sweet Tea Raspberry Flavored -
Large",,,,,30,,0,,,,330,,,,,,,,,,,,,,,,,,,,,,,,,,,,,,,,,,,,,,,,Large,0,0,0,0,86,0,81,81,0,224,10,0,,,,,,,,,,,,,,,,,,,"Sweet Tea Raspberry Flavored -
Large",,,,,,,,,,,,,,,,,,,,,,,,,,,,,,,,,,,,,,,,,,,,,,,,,,
Dunkin' (PDF),"Sweet Tea Raspberry Flavored -
Medium",,,,,20,,0,,,,250,,,,,,,,,,,,,,,,,,,,,,,,,,,,,,,,,,,,,,,,Medium,0,0,0,0,65,0,60,60,0,167,7,0,,,,,,,,,,,,,,,,,,,"Sweet Tea Raspberry Flavored -
Medium",,,,,,,,,,,,,,,,,,,,,,,,,,,,,,,,,,,,,,,,,,,,,,,,,,
Dunkin' (PDF),"Sweet Tea Raspberry Flavored -
Small",,,,,15,,0,,,,170,,,,,,,,,,,,,,,,,,,,,,,,,,,,,,,,,,,,,,,,Small,0,0,0,0,43,0,40,40,0,112,5,0,,,,,,,,,,,,,,,,,,,"Sweet Tea Raspberry Flavored -
Small",,,,,,,,,,,,,,,,,,,,,,,,,,,,,,,,,,,,,,,,,,,,,,,,,,
Dunkin' (PDF),Kolache,,,,,1020,,15,,,,390,,,,,,,,,,,,,,,,,,,,,,,,,,,,,,,,,,,,,,,,1 Kolache,23,7,0,60,31,1,7,6,0,197,86,1,,,,,,,,,,,,,,,,,,,,,,,,,,,,,,,,,,,,,,,,,,,Kolache,,,,,,,,,,,,,,,,,,,,,,,,,,
Dunkin' (PDF),"Kosher Dunkin' Double Veggie
Sausage Sandwich",,,,,1460,,37,,,,600,,,,,,,,,,,,,,,,,,,,,,,,,,,,,,,,,,,,,,,,1 Sandwich,18,6,0,180,74,6,8,5,1,439,163,8,,,,,,,,,,,,,,,,,,,,,,,,,,,,,,,,,,,,,,,,,,,,"Kosher Dunkin' Double Veggie
Sausage Sandwich",,,,,,,,,,,,,,,,,,,,,,,,,
Dunkin' (PDF),"Kosher Egg and Cheese Wake Up
Wrap",,,,,410,,7,,,,170,,,,,,,,,,,,,,,,,,,,,,,,,,,,,,,,,,,,,,,,1 Wrap,10,4,0,95,14,0,1,0,1,86,120,1,,,,,,,,,,,,,,,,,,,,,,,,,,,,,,,,,,,,,,,,,,,,"Kosher Egg and Cheese Wake Up
Wrap",,,,,,,,,,,,,,,,,,,,,,,,,
Dunkin' (PDF),"Kosher Egg and Cheese on an
English Muffin",,,,,600,,14,,,,340,,,,,,,,,,,,,,,,,,,,,,,,,,,,,,,,,,,,,,,,1 Sandwich,14,5,0,180,38,1,3,3,2,164,112,3,,,,,,,,,,,,,,,,,,,,,,,,,,,,,,,,,,,,,,,,,,,,"Kosher Egg and Cheese on an
English Muffin",,,,,,,,,,,,,,,,,,,,,,,,,
Dunkin' (PDF),"Kosher Sourdough Breakfast
Sandwich",,,,,1470,,29,,,,660,,,,,,,,,,,,,,,,,,,,,,,,,,,,,,,,,,,,,,,,1 Sandwich,34,10,0,345,61,3,1,0,2,323,234,6,,,,,,,,,,,,,,,,,,,,,,,,,,,,,,,,,,,,,,,,,,,,"Kosher Sourdough Breakfast
Sandwich",,,,,,,,,,,,,,,,,,,,,,,,,
Dunkin' (PDF),Kosher Tuna Melt on a Croissant,,,,,800,,24,,,,570,,,,,,,,,,,,,,,,,,,,,,,,,,,,,,,,,,,,,,,,1 Sandwich,38,17,0,110,32,1,4,3,13,102,172,2,,,,,,,,,,,,,,,,,,,,,,,,,,,,,,,,,,,,,,,,,,,,Kosher Tuna Melt on a Croissant,,,,,,,,,,,,,,,,,,,,,,,,,
Dunkin' (PDF),"Kosher Tuna Salad on a Plain
Bagel",,,,,1060,,24,,,,510,,,,,,,,,,,,,,,,,,,,,,,,,,,,,,,,,,,,,,,,1 Sandwich,17,3,0,45,64,4,7,4,0,130,23,4,,,,,,,,,,,,,,,,,,,,,,,,,,,,,,,,,,,,,,,,,,,,"Kosher Tuna Salad on a Plain
Bagel",,,,,,,,,,,,,,,,,,,,,,,,,
Dunkin' (PDF),"Kosher Veggie Bacon Egg and
Cheese on a Plain Bagel",,,,,1170,,21,,,,510,,,,,,,,,,,,,,,,,,,,,,,,,,,,,,,,,,,,,,,,1 Sandwich,17,5,0,180,68,4,7,4,1,251,130,5,,,,,,,,,,,,,,,,,,,,,,,,,,,,,,,,,,,,,,,,,,,,"Kosher Veggie Bacon Egg and
Cheese on a Plain Bagel",,,,,,,,,,,,,,,,,,,,,,,,,
Dunkin' (PDF),"Kosher Veggie Bacon Wake-Up
Wrap",,,,,520,,8,,,,200,,,,,,,,,,,,,,,,,,,,,,,,,,,,,,,,,,,,,,,,1 Wrap,12,4.5,0,95,15,0,1,0,1,94,124,1,,,,,,,,,,,,,,,,,,,,,,,,,,,,,,,,,,,,,,,,,,,,"Kosher Veggie Bacon Wake-Up
Wrap",,,,,,,,,,,,,,,,,,,,,,,,,
Dunkin' (PDF),"Kosher Veggie Sausage Egg and
Cheese on a Croissant",,,,,820,,23,,,,500,,,,,,,,,,,,,,,,,,,,,,,,,,,,,,,,,,,,,,,,1 Sandwich,30,14,0,220,37,2,5,4,14,288,139,4,,,,,,,,,,,,,,,,,,,,,,,,,,,,,,,,,,,,,,,,,,,,"Kosher Veggie Sausage Egg and
Cheese on a Croissant",,,,,,,,,,,,,,,,,,,,,,,,,
Dunkin' (PDF),"Kosher Veggie Sausage Wake-Up
Wrap",,,,,540,,11,,,,210,,,,,,,,,,,,,,,,,,,,,,,,,,,,,,,,,,,,,,,,1 Wrap,11,4,0,95,16,1,1,1,1,138,130,2,,,,,,,,,,,,,,,,,,,,,,,,,,,,,,,,,,,,,,,,,,,,"Kosher Veggie Sausage Wake-Up
Wrap",,,,,,,,,,,,,,,,,,,,,,,,,
Dunkin' (PDF),Kosher Grilled Cheese,,,,,840,,17,,,,420,,,,,,,,,,,,,,,,,,,,,,,,,,,,,,,,,,,,,,,,1 Sandwich,23,12,0,55,36,0,3,2,1,146,326,2,,,,,,,,,,,,,,,,,,,,,,,,,,,,,,,,,,,,,,,,,,,,,Kosher Grilled Cheese,,,,,,,,,,,,,,,,,,,,,,,,
Dunkin' (PDF),"Kosher Grilled Cheese with Veggie
Bacon",,,,,1060,,19,,,,480,,,,,,,,,,,,,,,,,,,,,,,,,,,,,,,,,,,,,,,,1 Sandwich,27,12,0,55,38,0,3,2,1,162,334,3,,,,,,,,,,,,,,,,,,,,,,,,,,,,,,,,,,,,,,,,,,,,,"Kosher Grilled Cheese with Veggie
Bacon",,,,,,,,,,,,,,,,,,,,,,,,
Dunkin' (PDF),Lemonade - Large,,,,,25,,0,,,,240,,,,,,,,,,,,,,,,,,,,,,,,,,,,,,,,,,,,,,,,Large,0,0,0,0,60,0,59,59,0,27,27,0,,,,,,,,,,,,,,,,,,,,,,,,,,,,,,,,,,,,,,,,,,,,,,Lemonade - Large,,,,,,,,,,,,,,,,,,,,,,,
Dunkin' (PDF),Lemonade - Medium,,,,,20,,0,,,,180,,,,,,,,,,,,,,,,,,,,,,,,,,,,,,,,,,,,,,,,Medium,0,0,0,0,45,0,44,44,0,20,19,0,,,,,,,,,,,,,,,,,,,,,,,,,,,,,,,,,,,,,,,,,,,,,,Lemonade - Medium,,,,,,,,,,,,,,,,,,,,,,,
Dunkin' (PDF),Lemonade - Small,,,,,15,,0,,,,120,,,,,,,,,,,,,,,,,,,,,,,,,,,,,,,,,,,,,,,,Small,0,0,0,0,30,0,30,30,0,13,13,0,,,,,,,,,,,,,,,,,,,,,,,,,,,,,,,,,,,,,,,,,,,,,,Lemonade - Small,,,,,,,,,,,,,,,,,,,,,,,
Dunkin' (PDF),Blueberry Muffin,,,,,390,,6,,,,460,,,,,,,,,,,,,,,,,,,,,,,,,,,,,,,,,,,,,,,,1 Muffin,15,3,0,60,77,1,44,41,0,93,21,2,,,,,,,,,,,,,,,,,,,,,,,,,,,,,,,,,,,,,,,,,,,,,,,Blueberry Muffin,,,,,,,,,,,,,,,,,,,,,,
Dunkin' (PDF),Chocolate Chip Muffin,,,,,400,,7,,,,550,,,,,,,,,,,,,,,,,,,,,,,,,,,,,,,,,,,,,,,,1 Muffin,21,6,0,65,85,2,49,49,0,175,29,3,,,,,,,,,,,,,,,,,,,,,,,,,,,,,,,,,,,,,,,,,,,,,,,Chocolate Chip Muffin,,,,,,,,,,,,,,,,,,,,,,
Dunkin' (PDF),Coffee Cake Muffin,,,,,370,,7,,,,590,,,,,,,,,,,,,,,,,,,,,,,,,,,,,,,,,,,,,,,,1 Muffin,24,8,0,65,88,2,51,50,0,101,36,3,,,,,,,,,,,,,,,,,,,,,,,,,,,,,,,,,,,,,,,,,,,,,,,Coffee Cake Muffin,,,,,,,,,,,,,,,,,,,,,,
Dunkin' (PDF),Corn Muffin,,,,,670,,7,,,,460,,,,,,,,,,,,,,,,,,,,,,,,,,,,,,,,,,,,,,,,1 Muffin,16,3,0,70,73,1,30,30,0,85,17,2,,,,,,,,,,,,,,,,,,,,,,,,,,,,,,,,,,,,,,,,,,,,,,,Corn Muffin,,,,,,,,,,,,,,,,,,,,,,
Dunkin' (PDF),Cinnamon Munchkins,,,,,65,,1,,,,60,,,,,,,,,,,,,,,,,,,,,,,,,,,,,,,,,,,,,,,,1 Donut Hole,3.5,1.5,0,5,6,0,2,2,0,7,4,0,,,,,,,,,,,,,,,,,,,,,Cinnamon Munchkins,,,,,,,,,,,,,,,,,,,,,,,,,,,,,,,,,,,,,,,,,,,,,,,,
Dunkin' (PDF),Glazed Blueberry Munchkins,,,,,75,,1,,,,60,,,,,,,,,,,,,,,,,,,,,,,,,,,,,,,,,,,,,,,,1 Donut Hole,2.5,1,0,5,9,0,5,4,0,12,5,0,,,,,,,,,,,,,,,,,,,,,Glazed Blueberry Munchkins,,,,,,,,,,,,,,,,,,,,,,,,,,,,,,,,,,,,,,,,,,,,,,,,
Dunkin' (PDF),Glazed Chocolate Munchkins,,,,,80,,1,,,,60,,,,,,,,,,,,,,,,,,,,,,,,,,,,,,,,,,,,,,,,1 Donut Hole,3.5,1.5,0,0,8,0,4,4,0,31,6,0,,,,,,,,,,,,,,,,,,,,,Glazed Chocolate Munchkins,,,,,,,,,,,,,,,,,,,,,,,,,,,,,,,,,,,,,,,,,,,,,,,,
Dunkin' (PDF),Glazed Munchkins,,,,,60,,1,,,,60,,,,,,,,,,,,,,,,,,,,,,,,,,,,,,,,,,,,,,,,1 Donut Hole,3,1.5,0,0,7,0,3,3,0,11,2,0,,,,,,,,,,,,,,,,,,,,,Glazed Munchkins,,,,,,,,,,,,,,,,,,,,,,,,,,,,,,,,,,,,,,,,,,,,,,,,
Dunkin' (PDF),Glazed Old Fashioned Munchkins,,,,,65,,1,,,,70,,,,,,,,,,,,,,,,,,,,,,,,,,,,,,,,,,,,,,,,1 Donut Hole,3,1.5,0,5,8,0,4,4,0,7,3,0,,,,,,,,,,,,,,,,,,,,,Glazed Old Fashioned Munchkins,,,,,,,,,,,,,,,,,,,,,,,,,,,,,,,,,,,,,,,,,,,,,,,,
Dunkin' (PDF),Jelly Munchkins,,,,,65,,1,,,,60,,,,,,,,,,,,,,,,,,,,,,,,,,,,,,,,,,,,,,,,1 Donut Hole,3,1.5,0,0,8,0,3,3,0,11,3,0,,,,,,,,,,,,,,,,,,,,,Jelly Munchkins,,,,,,,,,,,,,,,,,,,,,,,,,,,,,,,,,,,,,,,,,,,,,,,,
Dunkin' (PDF),Old Fashioned Munchkins,,,,,65,,1,,,,50,,,,,,,,,,,,,,,,,,,,,,,,,,,,,,,,,,,,,,,,1 Donut Hole,3,1.5,0,5,6,0,2,1,0,6,3,0,,,,,,,,,,,,,,,,,,,,,Old Fashioned Munchkins,,,,,,,,,,,,,,,,,,,,,,,,,,,,,,,,,,,,,,,,,,,,,,,,
Dunkin' (PDF),Powdered Munchkins,,,,,65,,1,,,,60,,,,,,,,,,,,,,,,,,,,,,,,,,,,,,,,,,,,,,,,1 Donut Hole,3.5,1.5,0,5,7,0,2,2,0,6,3,0,,,,,,,,,,,,,,,,,,,,,Powdered Munchkins,,,,,,,,,,,,,,,,,,,,,,,,,,,,,,,,,,,,,,,,,,,,,,,,
Dunkin' (PDF),English Muffin,,,,,270,,6,,,,190,,,,,,,,,,,,,,,,,,,,,,,,,,,,,,,,,,,,,,,,1 Muffin,2,0,0,0,35,1,3,3,0,56,10,2,,,,,,,,,,,,,,,,,,,,,,,,,,,,,,,,,,,,,,,,,,,,,,,,English Muffin,,,,,,,,,,,,,,,,,,,,,
Dunkin' (PDF),Plain Butter Croissant,,,,,240,,6,,,,280,,,,,,,,,,,,,,,,,,,,,,,,,,,,,,,,,,,,,,,,1 Croissant,15,10,0,45,31,1,3,6,13,77,16,2,,,,,,,,,,,,,,,,,,,,,,,,,,,,,,,,,,,,,,,,,,,,,,,,Plain Butter Croissant,,,,,,,,,,,,,,,,,,,,,
Dunkin' (PDF),Biscuit,,,,,640,,5,,,,270,,,,,,,,,,,,,,,,,,,,,,,,,,,,,,,,,,,,,,,,1 Biscuit,14,9,0,10,32,1,2,0,0,80,64,2,,,,,,,,,,,,,,,,,,,,,,,,,,,,,,,,,,,,,,,,,,,,,,,,,Biscuit,,,,,,,,,,,,,,,,,,,,
Dunkin' (PDF),Dunkin' Decaf K-Cup® Pod,,,,,,,,,,,,,,,,,,,,,,,,,,,,,,,,,,,,,,,,,,,,,,,,,,,,,,,,,,,,,,,,,,,,,,,,,,,,,,,,,,,,,,,,,,,,,,,,,,,,,,,,,,,,,,,,,Dunkin' Decaf K-Cup® Pod,,,,,,,,,,,,,,,,,,,
Dunkin' (PDF),Dunkin' Midnight K-Cup® Pod,,,,,,,,,,,,,,,,,,,,,,,,,,,,,,,,,,,,,,,,,,,,,,,,,,,,,,,,,,,,,,,,,,,,,,,,,,,,,,,,,,,,,,,,,,,,,,,,,,,,,,,,,,,,,,,,,Dunkin' Midnight K-Cup® Pod,,,,,,,,,,,,,,,,,,,
Dunkin' (PDF),French Vanilla K-Cup® Pod,,,,,,,,,,,,,,,,,,,,,,,,,,,,,,,,,,,,,,,,,,,,,,,,,,,,,,,,,,,,,,,,,,,,,,,,,,,,,,,,,,,,,,,,,,,,,,,,,,,,,,,,,,,,,,,,,French Vanilla K-Cup® Pod,,,,,,,,,,,,,,,,,,,
Dunkin' (PDF),"Ground Dunkin Decaf Packaged
Coffee",,,,,,,,,,,,,,,,,,,,,,,,,,,,,,,,,,,,,,,,,,,,,,,,,,,,,,,,,,,,,,,,,,,,,,,,,,,,,,,,,,,,,,,,,,,,,,,,,,,,,,,,,,,,,,,,,"Ground Dunkin Decaf Packaged
Coffee",,,,,,,,,,,,,,,,,,,
Dunkin' (PDF),"Ground Dunkin' Midnight
Packaged Coffee",,,,,,,,,,,,,,,,,,,,,,,,,,,,,,,,,,,,,,,,,,,,,,,,,,,,,,,,,,,,,,,,,,,,,,,,,,,,,,,,,,,,,,,,,,,,,,,,,,,,,,,,,,,,,,,,,"Ground Dunkin' Midnight
Packaged Coffee",,,,,,,,,,,,,,,,,,,
Dunkin' (PDF),"Ground French Vanilla Packaged
Coffee",,,,,,,,,,,,,,,,,,,,,,,,,,,,,,,,,,,,,,,,,,,,,,,,,,,,,,,,,,,,,,,,,,,,,,,,,,,,,,,,,,,,,,,,,,,,,,,,,,,,,,,,,,,,,,,,,"Ground French Vanilla Packaged
Coffee",,,,,,,,,,,,,,,,,,,
Dunkin' (PDF),Ground Hazelnut Packaged Coffee,,,,,,,,,,,,,,,,,,,,,,,,,,,,,,,,,,,,,,,,,,,,,,,,,,,,,,,,,,,,,,,,,,,,,,,,,,,,,,,,,,,,,,,,,,,,,,,,,,,,,,,,,,,,,,,,,Ground Hazelnut Packaged Coffee,,,,,,,,,,,,,,,,,,,
Dunkin' (PDF),"Ground Original Blend Packaged
Coffee",,,,,,,,,,,,,,,,,,,,,,,,,,,,,,,,,,,,,,,,,,,,,,,,,,,,,,,,,,,,,,,,,,,,,,,,,,,,,,,,,,,,,,,,,,,,,,,,,,,,,,,,,,,,,,,,,"Ground Original Blend Packaged
Coffee",,,,,,,,,,,,,,,,,,,
Dunkin' (PDF),Original Blend K-Cup® Pod,,,,,,,,,,,,,,,,,,,,,,,,,,,,,,,,,,,,,,,,,,,,,,,,,,,,,,,,,,,,,,,,,,,,,,,,,,,,,,,,,,,,,,,,,,,,,,,,,,,,,,,,,,,,,,,,,Original Blend K-Cup® Pod,,,,,,,,,,,,,,,,,,,
Dunkin' (PDF),"Whole Bean Original Blend
Packaged Coffee",,,,,,,,,,,,,,,,,,,,,,,,,,,,,,,,,,,,,,,,,,,,,,,,,,,,,,,,,,,,,,,,,,,,,,,,,,,,,,,,,,,,,,,,,,,,,,,,,,,,,,,,,,,,,,,,,"Whole Bean Original Blend
Packaged Coffee",,,,,,,,,,,,,,,,,,,
Dunkin' (PDF),"Bold Breakfast Black Packaged
Tea",,,,,,,,,,,,,,,,,,,,,,,,,,,,,,,,,,,,,,,,,,,,,,,,,,,,,,,,,,,,,,,,,,,,,,,,,,,,,,,,,,,,,,,,,,,,,,,,,,,,,,,,,,,,,,,,,,"Bold Breakfast Black Packaged
Tea",,,,,,,,,,,,,,,,,,
Dunkin' (PDF),"Chamomile Fields Herbal Infusion
Packaged Tea",,,,,,,,,,,,,,,,,,,,,,,,,,,,,,,,,,,,,,,,,,,,,,,,,,,,,,,,,,,,,,,,,,,,,,,,,,,,,,,,,,,,,,,,,,,,,,,,,,,,,,,,,,,,,,,,,,"Chamomile Fields Herbal Infusion
Packaged Tea",,,,,,,,,,,,,,,,,,
Dunkin' (PDF),"Cool Mint Herbal Infusion
Packaged Tea",,,,,,,,,,,,,,,,,,,,,,,,,,,,,,,,,,,,,,,,,,,,,,,,,,,,,,,,,,,,,,,,,,,,,,,,,,,,,,,,,,,,,,,,,,,,,,,,,,,,,,,,,,,,,,,,,,"Cool Mint Herbal Infusion
Packaged Tea",,,,,,,,,,,,,,,,,,
Dunkin' (PDF),"Harmony Leaf Green Packaged
Tea",,,,,,,,,,,,,,,,,,,,,,,,,,,,,,,,,,,,,,,,,,,,,,,,,,,,,,,,,,,,,,,,,,,,,,,,,,,,,,,,,,,,,,,,,,,,,,,,,,,,,,,,,,,,,,,,,,"Harmony Leaf Green Packaged
Tea",,,,,,,,,,,,,,,,,,
Dunkin' (PDF),"Hibiscus Kiss Herbal Infusion
Packaged Tea",,,,,,,,,,,,,,,,,,,,,,,,,,,,,,,,,,,,,,,,,,,,,,,,,,,,,,,,,,,,,,,,,,,,,,,,,,,,,,,,,,,,,,,,,,,,,,,,,,,,,,,,,,,,,,,,,,"Hibiscus Kiss Herbal Infusion
Packaged Tea",,,,,,,,,,,,,,,,,,
Dunkin' (PDF),"Decaf Breakfast Black Packaged
Tea",,,,,,,,,,,,,,,,,,,,,,,,,,,,,,,,,,,,,,,,,,,,,,,,,,,,,,,,,,,,,,,,,,,,,,,,,,,,,,,,,,,,,,,,,,,,,,,,,,,,,,,,,,,,,,,,,,,"Decaf Breakfast Black Packaged
Tea",,,,,,,,,,,,,,,,,
Dunkin' (PDF),"Bacon, Egg and Cheese Wake-Up
Wrap",,,,,590,,10,,,,220,,,,,,,,,,,,,,,,,,,,,,,,,,,,,,,,,,,,,,,,1 Wrap,13,5,0,105,15,0,1,1,1,112,134,1,,,,,,,,,,,,,,,,,,,,,,,,,,"Bacon, Egg and Cheese Wake-Up
Wrap",,,,,,,,,,,,,,,,,,,,,,,,,,,,,,,,,,,,,,,,,,,
Dunkin' (PDF),"Bacon, Egg and Cheese on
Croissant",,,,,870,,19,,,,520,,,,,,,,,,,,,,,,,,,,,,,,,,,,,,,,,,,,,,,,1 Sandwich,34,16,0,235,34,1,5,4,14,250,133,3,,,,,,,,,,,,,,,,,,,,,,,,,,"Bacon, Egg and Cheese on
Croissant",,,,,,,,,,,,,,,,,,,,,,,,,,,,,,,,,,,,,,,,,,,
Dunkin' (PDF),"Bacon, Egg and Cheese on English
Muffin",,,,,900,,19,,,,420,,,,,,,,,,,,,,,,,,,,,,,,,,,,,,,,,,,,,,,,1 Sandwich,21,7,0,195,39,1,4,4,2,230,130,3,,,,,,,,,,,,,,,,,,,,,,,,,,"Bacon, Egg and Cheese on English
Muffin",,,,,,,,,,,,,,,,,,,,,,,,,,,,,,,,,,,,,,,,,,,
Dunkin' (PDF),"Bacon, Egg and Cheese on a Plain
Bagel",,,,,"1,260",,24,,,,540,,,,,,,,,,,,,,,,,,,,,,,,,,,,,,,,,,,,,,,,1 Sandwich,19,7,0,195,67,4,8,5,1,300,140,5,,,,,,,,,,,,,,,,,,,,,,,,,,"Bacon, Egg and Cheese on a Plain
Bagel",,,,,,,,,,,,,,,,,,,,,,,,,,,,,,,,,,,,,,,,,,,
Dunkin' (PDF),"Double Sausage Breakfast
Sandwich",,,,,1980,,33,,,,900,,,,,,,,,,,,,,,,,,,,,,,,,,,,,,,,,,,,,,,,1 Sandwich,54,19,0,265,70,5,8,4,2,439,189,6,,,,,,,,,,,,,,,,,,,,,,,,,,"Double Sausage Breakfast
Sandwich",,,,,,,,,,,,,,,,,,,,,,,,,,,,,,,,,,,,,,,,,,,
Dunkin' (PDF),Egg and Cheese Wake-Up Wrap,,,,,470,,7,,,,180,,,,,,,,,,,,,,,,,,,,,,,,,,,,,,,,,,,,,,,,1 Wrap,10,4,0,95,14,0,1,0,1,74,132,1,,,,,,,,,,,,,,,,,,,,,,,,,,Egg and Cheese Wake-Up Wrap,,,,,,,,,,,,,,,,,,,,,,,,,,,,,,,,,,,,,,,,,,,
Dunkin' (PDF),Egg and Cheese on Croissant,,,,,620,,14,,,,440,,,,,,,,,,,,,,,,,,,,,,,,,,,,,,,,,,,,,,,,1 Sandwich,28,14,0,220,33,1,4,3,14,173,131,3,,,,,,,,,,,,,,,,,,,,,,,,,,Egg and Cheese on Croissant,,,,,,,,,,,,,,,,,,,,,,,,,,,,,,,,,,,,,,,,,,,
Dunkin' (PDF),Egg and Cheese on Croissant,,,,,620,,14,,,,440,,,,,,,,,,,,,,,,,,,,,,,,,,,,,,,,,,,,,,,,1 Sandwich,28,14,0,220,33,1,4,3,14,173,131,3,,,,,,,,,,,,,,,,,,,,,,,,,,Egg and Cheese on Croissant,,,,,,,,,,,,,,,,,,,,,,,,,,,,,,,,,,,,,,,,,,,
Dunkin' (PDF),Egg and Cheese on English Muffin,,,,,650,,14,,,,340,,,,,,,,,,,,,,,,,,,,,,,,,,,,,,,,,,,,,,,,1 Sandwich,15,5,0,175,38,1,4,3,2,151,124,3,,,,,,,,,,,,,,,,,,,,,,,,,,Egg and Cheese on English Muffin,,,,,,,,,,,,,,,,,,,,,,,,,,,,,,,,,,,,,,,,,,,
Dunkin' (PDF),Egg and Cheese on a Plain Bagel,,,,,1010,,19,,,,460,,,,,,,,,,,,,,,,,,,,,,,,,,,,,,,,,,,,,,,,1 Sandwich,13,5,0,175,66,4,8,4,1,222,135,4,,,,,,,,,,,,,,,,,,,,,,,,,,Egg and Cheese on a Plain Bagel,,,,,,,,,,,,,,,,,,,,,,,,,,,,,,,,,,,,,,,,,,,
Dunkin' (PDF),Grilled Cheese,,,,,1120,,21,,,,480,,,,,,,,,,,,,,,,,,,,,,,,,,,,,,,,,,,,,,,,1 Sandwich,20,11,0,55,54,3,1,0,0,167,407,4,,,,,,,,,,,,,,,,,,,,,,,,,,Grilled Cheese,,,,,,,,,,,,,,,,,,,,,,,,,,,,,,,,,,,,,,,,,,,
Dunkin' (PDF),"Sausage, Egg and Cheese Wake-Up
Wrap",,,,,690,,10,,,,280,,,,,,,,,,,,,,,,,,,,,,,,,,,,,,,,,,,,,,,,1 Wrap,20,7,0,115,15,1,1,0,1,122,145,2,,,,,,,,,,,,,,,,,,,,,,,,,,"Sausage, Egg and Cheese Wake-Up
Wrap",,,,,,,,,,,,,,,,,,,,,,,,,,,,,,,,,,,,,,,,,,,
Dunkin' (PDF),"Sausage, Egg and Cheese on
English Muffin",,,,,"1,140",,21,,,,560,,,,,,,,,,,,,,,,,,,,,,,,,,,,,,,,,,,,,,,,1 Sandwich,35,12,0,220,40,2,4,3,2,260,151,3,,,,,,,,,,,,,,,,,,,,,,,,,,"Sausage, Egg and Cheese on
English Muffin",,,,,,,,,,,,,,,,,,,,,,,,,,,,,,,,,,,,,,,,,,,
Dunkin' (PDF),"Sausage, Egg and Cheese on a Plain
Bagel",,,,,"1,500",,26,,,,680,,,,,,,,,,,,,,,,,,,,,,,,,,,,,,,,,,,,,,,,1 Sandwich,34,12,0,220,68,5,8,4,2,330,162,5,,,,,,,,,,,,,,,,,,,,,,,,,,"Sausage, Egg and Cheese on a Plain
Bagel",,,,,,,,,,,,,,,,,,,,,,,,,,,,,,,,,,,,,,,,,,,
Dunkin' (PDF),Sourdough Breakfast Sandwich,,,,,1300,,30,,,,630,,,,,,,,,,,,,,,,,,,,,,,,,,,,,,,,,,,,,,,,1 Sandwich,31,10,0,360,58,3,2,1,2,360,220,5,,,,,,,,,,,,,,,,,,,,,,,,,,Sourdough Breakfast Sandwich,,,,,,,,,,,,,,,,,,,,,,,,,,,,,,,,,,,,,,,,,,,
Dunkin' (PDF),Spam Breakfast Sandwich,,,,,1210,,20,,,,630,,,,,,,,,,,,,,,,,,,,,,,,,,,,,,,,,,,,,,,,1 Sandwich,42,17,0,200,41,1,6,5,4,251,129,3,,,,,,,,,,,,,,,,,,,,,,,,,,Spam Breakfast Sandwich,,,,,,,,,,,,,,,,,,,,,,,,,,,,,,,,,,,,,,,,,,,
Dunkin' (PDF),"Turkey Sausage Sandwich on
English Muffin",,,,,1040,,22,,,,460,,,,,,,,,,,,,,,,,,,,,,,,,,,,,,,,,,,,,,,,1 Sandwich,24,8,0,210,39,1,4,3,2,239,130,3,,,,,,,,,,,,,,,,,,,,,,,,,,"Turkey Sausage Sandwich on
English Muffin",,,,,,,,,,,,,,,,,,,,,,,,,,,,,,,,,,,,,,,,,,,
Dunkin' (PDF),Turkey Sausage Wake Up Wrap,,,,,660,,11,,,,230,,,,,,,,,,,,,,,,,,,,,,,,,,,,,,,,,,,,,,,,1 Wrap,15,5,0,115,15,0,1,1,1,118,135,2,,,,,,,,,,,,,,,,,,,,,,,,,,Turkey Sausage Wake Up Wrap,,,,,,,,,,,,,,,,,,,,,,,,,,,,,,,,,,,,,,,,,,,
Dunkin' (PDF),"Biscuit, Bacon, Egg and Cheese",,,,,1210,,17,,,,490,,,,,,,,,,,,,,,,,,,,,,,,,,,,,,,,,,,,,,,,1 Sandwich,31,15,0,195,35,1,3,1,1,233,181,3,,,,,,,,,,,,,,,,,,,,,,,,,,,,,,,,,,,,,,,,,,,,,,,,,,,,,"Biscuit, Bacon, Egg and Cheese",,,,,,,,,,,,,,,,
Dunkin' (PDF),Chicken Biscuit,,,,,1080,,21,,,,460,,,,,,,,,,,,,,,,,,,,,,,,,,,,,,,,,,,,,,,,1 Sandwich,22,11,0,45,46,1,3,1,0,269,73,3,,,,,,,,,,,,,,,,,,,,,,,,,,,,,,,,,,,,,,,,,,,,,,,,,,,,,Chicken Biscuit,,,,,,,,,,,,,,,,
Dunkin' (PDF),Chicken Croissant Sandwich,,,,,1160,,28,,,,590,,,,,,,,,,,,,,,,,,,,,,,,,,,,,,,,,,,,,,,,1 Sandwich,33,15,0,110,47,2,6,5,16,352,120,3,,,,,,,,,,,,,,,,,,,,,,,,,,,,,,,,,,,,,,,,,,,,,,,,,,,,,Chicken Croissant Sandwich,,,,,,,,,,,,,,,,
Dunkin' (PDF),Sausage Biscuit,,,,,1070,,11,,,,470,,,,,,,,,,,,,,,,,,,,,,,,,,,,,,,,,,,,,,,,1 Sandwich,33,16,0,50,33,1,2,0,1,177,89,3,,,,,,,,,,,,,,,,,,,,,,,,,,,,,,,,,,,,,,,,,,,,,,,,,,,,,Sausage Biscuit,,,,,,,,,,,,,,,,
Olive Garden (PDF),APPETIZERS,,,,,,,,,,,,,,,,,,,,,,,,,,,,,,,,,,,,,,,,,,,,,,,,,,,,,,,,,,,,,,,,,,,,,,,,,,,,,,,,,,,,,,,,,,,,,,,,,,,,,,,,,,,,,,,,,,,,,APPETIZERS,,,,,,,,,,,,,,,
Olive Garden (PDF),Calamari,,,,,,,,,,,,,,,,,,,,,,,,,,,,,,,,,,,,,,,,,,,,,,,,,,,,,,,,,,,,,,,,,,,,,,,,,,,,,,,,,,,,,,,,,,,,,,,,,,,,,,,,,,,,,,,,,,,,,Calamari,670.0,380,42,3.5,0,300,1600,48,2,3,24,,,,
Olive Garden (PDF),add marinara,,,,,,,,,,,,,,,,,,,,,,,,,,,,,,,,,,,,,,,,,,,,,,,,,,,,,,,,,,,,,,,,,,,,,,,,,,,,,,,,,,,,,,,,,,,,,,,,,,,,,,,,,,,,,,,,,,,,,add marinara,35.0,20,2,0,0,0,320,4,less than 1 g,2,less than 1 g,,,,
Olive Garden (PDF),add spicy ranch,,,,,,,,,,,,,,,,,,,,,,,,,,,,,,,,,,,,,,,,,,,,,,,,,,,,,,,,,,,,,,,,,,,,,,,,,,,,,,,,,,,,,,,,,,,,,,,,,,,,,,,,,,,,,,,,,,,,,add spicy ranch,240.0,230,26,4.5,0,15,740,2,0,less than 1 g,1,,,,
Olive Garden (PDF),Shrimp Fritto Misto,,,,,,,,,,,,,,,,,,,,,,,,,,,,,,,,,,,,,,,,,,,,,,,,,,,,,,,,,,,,,,,,,,,,,,,,,,,,,,,,,,,,,,,,,,,,,,,,,,,,,,,,,,,,,,,,,,,,,Shrimp Fritto Misto,1280.0,710,79,5,0,240,5010,101,9,9,41,,,,
Olive Garden (PDF),add marinara,,,,,,,,,,,,,,,,,,,,,,,,,,,,,,,,,,,,,,,,,,,,,,,,,,,,,,,,,,,,,,,,,,,,,,,,,,,,,,,,,,,,,,,,,,,,,,,,,,,,,,,,,,,,,,,,,,,,,add marinara,35.0,20,2,0,0,0,320,4,less than 1 g,2,less than 1 g,,,,
Olive Garden (PDF),add spicy ranch,,,,,,,,,,,,,,,,,,,,,,,,,,,,,,,,,,,,,,,,,,,,,,,,,,,,,,,,,,,,,,,,,,,,,,,,,,,,,,,,,,,,,,,,,,,,,,,,,,,,,,,,,,,,,,,,,,,,,add spicy ranch,240.0,230,26,4.5,0,15,740,2,0,less than 1 g,1,,,,
Olive Garden (PDF),Fried Mozzarella,,,,,,,,,,,,,,,,,,,,,,,,,,,,,,,,,,,,,,,,,,,,,,,,,,,,,,,,,,,,,,,,,,,,,,,,,,,,,,,,,,,,,,,,,,,,,,,,,,,,,,,,,,,,,,,,,,,,,Fried Mozzarella,800.0,450,49,17,0,65,1990,57,4,3,33,,,,
Olive Garden (PDF),add marinara,,,,,,,,,,,,,,,,,,,,,,,,,,,,,,,,,,,,,,,,,,,,,,,,,,,,,,,,,,,,,,,,,,,,,,,,,,,,,,,,,,,,,,,,,,,,,,,,,,,,,,,,,,,,,,,,,,,,,add marinara,35.0,20,2,0,0,0,320,4,less than 1 g,2,less than 1 g,,,,
Olive Garden (PDF),Lasagna Fritta,,,,,,,,,,,,,,,,,,,,,,,,,,,,,,,,,,,,,,,,,,,,,,,,,,,,,,,,,,,,,,,,,,,,,,,,,,,,,,,,,,,,,,,,,,,,,,,,,,,,,,,,,,,,,,,,,,,,,Lasagna Fritta,1130.0,680,76,31,1.5,185,1800,75,5,6,39,,,,
Olive Garden (PDF),Meatballs Parmigiana,,,,,,,,,,,,,,,,,,,,,,,,,,,,,,,,,,,,,,,,,,,,,,,,,,,,,,,,,,,,,,,,,,,,,,,,,,,,,,,,,,,,,,,,,,,,,,,,,,,,,,,,,,,,,,,,,,,,,Meatballs Parmigiana,1040.0,750,83,40,3.5,145,2800,27,6,5,51,,,,
Olive Garden (PDF),Spinach-Artichoke Dip with flatbread crisps,,,,,,,,,,,,,,,,,,,,,,,,,,,,,,,,,,,,,,,,,,,,,,,,,,,,,,,,,,,,,,,,,,,,,,,,,,,,,,,,,,,,,,,,,,,,,,,,,,,,,,,,,,,,,,,,,,,,,Spinach-Artichoke Dip with flatbread crisps,1160.0,730,81,21,1,70,2440,75,7,8,33,,,,
Olive Garden (PDF),Stuffed Ziti Fritta,,,,,,,,,,,,,,,,,,,,,,,,,,,,,,,,,,,,,,,,,,,,,,,,,,,,,,,,,,,,,,,,,,,,,,,,,,,,,,,,,,,,,,,,,,,,,,,,,,,,,,,,,,,,,,,,,,,,,Stuffed Ziti Fritta,500.0,240,26,11,0,60,1040,40,3,less than 1 g,27,,,,
Olive Garden (PDF),add alfredo,,,,,,,,,,,,,,,,,,,,,,,,,,,,,,,,,,,,,,,,,,,,,,,,,,,,,,,,,,,,,,,,,,,,,,,,,,,,,,,,,,,,,,,,,,,,,,,,,,,,,,,,,,,,,,,,,,,,,add alfredo,220.0,190,22,14,0.5,70,300,3,0,less than 1 g,4,,,,
Olive Garden (PDF),add marinara,,,,,,,,,,,,,,,,,,,,,,,,,,,,,,,,,,,,,,,,,,,,,,,,,,,,,,,,,,,,,,,,,,,,,,,,,,,,,,,,,,,,,,,,,,,,,,,,,,,,,,,,,,,,,,,,,,,,,add marinara,35.0,20,2,0,0,0,320,4,less than 1 g,2,less than 1 g,,,,
Olive Garden (PDF),Toasted Ravioli,,,,,,,,,,,,,,,,,,,,,,,,,,,,,,,,,,,,,,,,,,,,,,,,,,,,,,,,,,,,,,,,,,,,,,,,,,,,,,,,,,,,,,,,,,,,,,,,,,,,,,,,,,,,,,,,,,,,,Toasted Ravioli,650.0,280,31,10,0,45,1330,69,4,5,25,,,,
Olive Garden (PDF),add marinara,,,,,,,,,,,,,,,,,,,,,,,,,,,,,,,,,,,,,,,,,,,,,,,,,,,,,,,,,,,,,,,,,,,,,,,,,,,,,,,,,,,,,,,,,,,,,,,,,,,,,,,,,,,,,,,,,,,,,add marinara,35.0,20,2,0,0,0,320,4,less than 1 g,2,less than 1 g,,,,
Olive Garden (PDF),Dipping Sauces for Breadsticks:,,,,,,,,,,,,,,,,,,,,,,,,,,,,,,,,,,,,,,,,,,,,,,,,,,,,,,,,,,,,,,,,,,,,,,,,,,,,,,,,,,,,,,,,,,,,,,,,,,,,,,,,,,,,,,,,,,,,,Dipping Sauces for Breadsticks:,,,,,,,,,,,,,,,
Olive Garden (PDF),Alfredo,,,,,,,,,,,,,,,,,,,,,,,,,,,,,,,,,,,,,,,,,,,,,,,,,,,,,,,,,,,,,,,,,,,,,,,,,,,,,,,,,,,,,,,,,,,,,,,,,,,,,,,,,,,,,,,,,,,,,Alfredo,440.0,390,43,27,1,140,600,5,0,1,8,,,,
Olive Garden (PDF),Alfredo (Large),,,,,,,,,,,,,,,,,,,,,,,,,,,,,,,,,,,,,,,,,,,,,,,,,,,,,,,,,,,,,,,,,,,,,,,,,,,,,,,,,,,,,,,,,,,,,,,,,,,,,,,,,,,,,,,,,,,,,Alfredo (Large),870.0,780,87,54,2,285,1200,11,0,2,15,,,,
Olive Garden (PDF),Five Cheese Marinara,,,,,,,,,,,,,,,,,,,,,,,,,,,,,,,,,,,,,,,,,,,,,,,,,,,,,,,,,,,,,,,,,,,,,,,,,,,,,,,,,,,,,,,,,,,,,,,,,,,,,,,,,,,,,,,,,,,,,Five Cheese Marinara,200.0,150,17,9,0.5,40,650,9,1,5,5,,,,
Olive Garden (PDF),Five Cheese Marinara (Large),,,,,,,,,,,,,,,,,,,,,,,,,,,,,,,,,,,,,,,,,,,,,,,,,,,,,,,,,,,,,,,,,,,,,,,,,,,,,,,,,,,,,,,,,,,,,,,,,,,,,,,,,,,,,,,,,,,,,Five Cheese Marinara (Large),400.0,300,33,17,1,80,1300,17,3,10,11,,,,
Olive Garden (PDF),Marinara,,,,,,,,,,,,,,,,,,,,,,,,,,,,,,,,,,,,,,,,,,,,,,,,,,,,,,,,,,,,,,,,,,,,,,,,,,,,,,,,,,,,,,,,,,,,,,,,,,,,,,,,,,,,,,,,,,,,,Marinara,70.0,40,4.5,0,0,0,640,8,2,5,2,,,,
Olive Garden (PDF),Marinara (Large),,,,,,,,,,,,,,,,,,,,,,,,,,,,,,,,,,,,,,,,,,,,,,,,,,,,,,,,,,,,,,,,,,,,,,,,,,,,,,,,,,,,,,,,,,,,,,,,,,,,,,,,,,,,,,,,,,,,,Marinara (Large),150.0,80,9,0.5,0,0,1280,17,4,10,4,,,,
Olive Garden (PDF),"SOUPS, SALAD & BREADSTICKS",,,,,,,,,,,,,,,,,,,,,,,,,,,,,,,,,,,,,,,,,,,,,,,,,,,,,,,,,,,,,,,,,,,,,,,,,,,,,,,,,,,,,,,,,,,,,,,,,,,,,,,,,,,,,,,,,,,,,"SOUPS, SALAD & BREADSTICKS",,,,,,,,,,,,,,,
Olive Garden (PDF),Breadstick with garlic topping (1 ea.),,,,,,,,,,,,,,,,,,,,,,,,,,,,,,,,,,,,,,,,,,,,,,,,,,,,,,,,,,,,,,,,,,,,,,,,,,,,,,,,,,,,,,,,,,,,,,,,,,,,,,,,,,,,,,,,,,,,,Breadstick with garlic topping (1 ea.),140.0,20,2.5,0.5,0,0,460,25,less than 1 g,1,4,,,,
Olive Garden (PDF),"Breadstick, plain (no garlic topping, 1 ea.)",,,,,,,,,,,,,,,,,,,,,,,,,,,,,,,,,,,,,,,,,,,,,,,,,,,,,,,,,,,,,,,,,,,,,,,,,,,,,,,,,,,,,,,,,,,,,,,,,,,,,,,,,,,,,,,,,,,,,"Breadstick, plain (no garlic topping, 1 ea.)",130.0,10,1,0,0,0,280,25,1,2,4,,,,
Olive Garden (PDF),Chicken & Gnocchi Soup,,,,,,,,,,,,,,,,,,,,,,,,,,,,,,,,,,,,,,,,,,,,,,,,,,,,,,,,,,,,,,,,,,,,,,,,,,,,,,,,,,,,,,,,,,,,,,,,,,,,,,,,,,,,,,,,,,,,,Chicken & Gnocchi Soup,230.0,100,12,4.5,0,55,1290,22,1,4,11,,,,
Olive Garden (PDF),Minestrone Soup,,,,,,,,,,,,,,,,,,,,,,,,,,,,,,,,,,,,,,,,,,,,,,,,,,,,,,,,,,,,,,,,,,,,,,,,,,,,,,,,,,,,,,,,,,,,,,,,,,,,,,,,,,,,,,,,,,,,,Minestrone Soup,110.0,10,1,0,0,0,810,17,4,4,5,,,,
Olive Garden (PDF),Pasta Fagioli Soup,,,,,,,,,,,,,,,,,,,,,,,,,,,,,,,,,,,,,,,,,,,,,,,,,,,,,,,,,,,,,,,,,,,,,,,,,,,,,,,,,,,,,,,,,,,,,,,,,,,,,,,,,,,,,,,,,,,,,Pasta Fagioli Soup,150.0,50,5,2,0,15,710,16,3,4,8,,,,
Olive Garden (PDF),Zuppa Toscana Soup,,,,,,,,,,,,,,,,,,,,,,,,,,,,,,,,,,,,,,,,,,,,,,,,,,,,,,,,,,,,,,,,,,,,,,,,,,,,,,,,,,,,,,,,,,,,,,,,,,,,,,,,,,,,,,,,,,,,,Zuppa Toscana Soup,220.0,130,15,7,0,40,790,15,2,2,7,,,,
Olive Garden (PDF),Stellini Soup (Regional),,,,,,,,,,,,,,,,,,,,,,,,,,,,,,,,,,,,,,,,,,,,,,,,,,,,,,,,,,,,,,,,,,,,,,,,,,,,,,,,,,,,,,,,,,,,,,,,,,,,,,,,,,,,,,,,,,,,,Stellini Soup (Regional),200.0,70,7,2.5,0,20,1240,22,1,2,9,,,,
Olive Garden (PDF),Salad with Signature Italian Dressing,,,,,,,,,,,,,,,,,,,,,,,,,,,,,,,,,,,,,,,,,,,,,,,,,,,,,,,,,,,,,,,,,,,,,,,,,,,,,,,,,,,,,,,,,,,,,,,,,,,,,,,,,,,,,,,,,,,,,Salad with Signature Italian Dressing,150.0,90,10,1.5,0,less than 5 mg,770,13,2,4,3,,,,
Olive Garden (PDF),Salad without Dressing,,,,,,,,,,,,,,,,,,,,,,,,,,,,,,,,,,,,,,,,,,,,,,,,,,,,,,,,,,,,,,,,,,,,,,,,,,,,,,,,,,,,,,,,,,,,,,,,,,,,,,,,,,,,,,,,,,,,,Salad without Dressing,70.0,15,2,0,0,0,250,11,2,2,2,,,,
Olive Garden (PDF),Italian Dressing (1 fl oz),,,,,,,,,,,,,,,,,,,,,,,,,,,,,,,,,,,,,,,,,,,,,,,,,,,,,,,,,,,,,,,,,,,,,,,,,,,,,,,,,,,,,,,,,,,,,,,,,,,,,,,,,,,,,,,,,,,,,Italian Dressing (1 fl oz),80.0,70,8,1.5,0,less than 5 mg,520,2,0,2,0,,,,
Olive Garden (PDF),Low-Fat Italian Dressing (1 fl oz),,,,,,,,,,,,,,,,,,,,,,,,,,,,,,,,,,,,,,,,,,,,,,,,,,,,,,,,,,,,,,,,,,,,,,,,,,,,,,,,,,,,,,,,,,,,,,,,,,,,,,,,,,,,,,,,,,,,,Low-Fat Italian Dressing (1 fl oz),30.0,20,2,0,0,5,410,2,0,2,0,,,,
Olive Garden (PDF),CREATE YOUR OWN PASTA,,,,,,,,,,,,,,,,,,,,,,,,,,,,,,,,,,,,,,,,,,,,,,,,,,,,,,,,,,,,,,,,,,,,,,,,,,,,,,,,,,,,,,,,,,,,,,,,,,,,,,,,,,,,,,,,,,,,,CREATE YOUR OWN PASTA,,,,,,,,,,,,,,,
Olive Garden (PDF),Angel Hair,,,,,,,,,,,,,,,,,,,,,,,,,,,,,,,,,,,,,,,,,,,,,,,,,,,,,,,,,,,,,,,,,,,,,,,,,,,,,,,,,,,,,,,,,,,,,,,,,,,,,,,,,,,,,,,,,,,,,Angel Hair,350.0,25,2.5,0,0,0,10,67,3,2,12,,,,
Olive Garden (PDF),Bucatini,,,,,,,,,,,,,,,,,,,,,,,,,,,,,,,,,,,,,,,,,,,,,,,,,,,,,,,,,,,,,,,,,,,,,,,,,,,,,,,,,,,,,,,,,,,,,,,,,,,,,,,,,,,,,,,,,,,,,Bucatini,410.0,25,3,0,0,0,0,81,3,3,15,,,,
Olive Garden (PDF),Gluten-Free Rotini,,,,,,,,,,,,,,,,,,,,,,,,,,,,,,,,,,,,,,,,,,,,,,,,,,,,,,,,,,,,,,,,,,,,,,,,,,,,,,,,,,,,,,,,,,,,,,,,,,,,,,,,,,,,,,,,,,,,,Gluten-Free Rotini,380.0,30,3.5,0,0,100,260,77,5,0,9,,,,
Olive Garden (PDF),Rigatoni,,,,,,,,,,,,,,,,,,,,,,,,,,,,,,,,,,,,,,,,,,,,,,,,,,,,,,,,,,,,,,,,,,,,,,,,,,,,,,,,,,,,,,,,,,,,,,,,,,,,,,,,,,,,,,,,,,,,,Rigatoni,440.0,50,6,0.5,0,0,10,83,3,5,14,,,,
Olive Garden (PDF),Spaghetti,,,,,,,,,,,,,,,,,,,,,,,,,,,,,,,,,,,,,,,,,,,,,,,,,,,,,,,,,,,,,,,,,,,,,,,,,,,,,,,,,,,,,,,,,,,,,,,,,,,,,,,,,,,,,,,,,,,,,Spaghetti,340.0,30,3.5,0,0,0,10,67,3,4,12,,,,
Olive Garden (PDF),Creamy Mushroom Sauce,,,,,,,,,,,,,,,,,,,,,,,,,,,,,,,,,,,,,,,,,,,,,,,,,,,,,,,,,,,,,,,,,,,,,,,,,,,,,,,,,,,,,,,,,,,,,,,,,,,,,,,,,,,,,,,,,,,,,Creamy Mushroom Sauce,860.0,780,87,54,2,250,1090,13,0,7,10,,,,
Olive Garden (PDF),Five Cheese Marinara,,,,,,,,,,,,,,,,,,,,,,,,,,,,,,,,,,,,,,,,,,,,,,,,,,,,,,,,,,,,,,,,,,,,,,,,,,,,,,,,,,,,,,,,,,,,,,,,,,,,,,,,,,,,,,,,,,,,,Five Cheese Marinara,400.0,300,33,17,1,80,1300,17,3,10,11,,,,
Olive Garden (PDF),Marinara,,,,,,,,,,,,,,,,,,,,,,,,,,,,,,,,,,,,,,,,,,,,,,,,,,,,,,,,,,,,,,,,,,,,,,,,,,,,,,,,,,,,,,,,,,,,,,,,,,,,,,,,,,,,,,,,,,,,,Marinara,150.0,80,9,0.5,0,0,1280,17,4,10,4,,,,
Olive Garden (PDF),Meat Sauce,,,,,,,,,,,,,,,,,,,,,,,,,,,,,,,,,,,,,,,,,,,,,,,,,,,,,,,,,,,,,,,,,,,,,,,,,,,,,,,,,,,,,,,,,,,,,,,,,,,,,,,,,,,,,,,,,,,,,Meat Sauce,300.0,170,19,7,0,60,1040,19,2,13,14,,,,
Olive Garden (PDF),Crispy Chicken Fritta,,,,,,,,,,,,,,,,,,,,,,,,,,,,,,,,,,,,,,,,,,,,,,,,,,,,,,,,,,,,,,,,,,,,,,,,,,,,,,,,,,,,,,,,,,,,,,,,,,,,,,,,,,,,,,,,,,,,,Crispy Chicken Fritta,240.0,110,12,1.5,0,50,730,14,1,less than 1 g,20,,,,
Olive Garden (PDF),Grilled Chicken,,,,,,,,,,,,,,,,,,,,,,,,,,,,,,,,,,,,,,,,,,,,,,,,,,,,,,,,,,,,,,,,,,,,,,,,,,,,,,,,,,,,,,,,,,,,,,,,,,,,,,,,,,,,,,,,,,,,,Grilled Chicken,130.0,25,2.5,0.5,0,75,540,less than 1 g,0,0,26,,,,
Olive Garden (PDF),Italian Sausage (2 Links),,,,,,,,,,,,,,,,,,,,,,,,,,,,,,,,,,,,,,,,,,,,,,,,,,,,,,,,,,,,,,,,,,,,,,,,,,,,,,,,,,,,,,,,,,,,,,,,,,,,,,,,,,,,,,,,,,,,,Italian Sausage (2 Links),470.0,360,39,14,0,115,1140,2,less than 1 g,2,27,,,,
Olive Garden (PDF),Meatballs (3),,,,,,,,,,,,,,,,,,,,,,,,,,,,,,,,,,,,,,,,,,,,,,,,,,,,,,,,,,,,,,,,,,,,,,,,,,,,,,,,,,,,,,,,,,,,,,,,,,,,,,,,,,,,,,,,,,,,,Meatballs (3),480.0,360,40,19,2,65,1060,7,3,0,23,,,,
Olive Garden (PDF),Sauteed Shrimp,,,,,,,,,,,,,,,,,,,,,,,,,,,,,,,,,,,,,,,,,,,,,,,,,,,,,,,,,,,,,,,,,,,,,,,,,,,,,,,,,,,,,,,,,,,,,,,,,,,,,,,,,,,,,,,,,,,,,Sauteed Shrimp,170.0,30,3.5,0,0,245,410,1,less than 1 g,0,33,,,,
Olive Garden (PDF),Broccoli,,,,,,,,,,,,,,,,,,,,,,,,,,,,,,,,,,,,,,,,,,,,,,,,,,,,,,,,,,,,,,,,,,,,,,,,,,,,,,,,,,,,,,,,,,,,,,,,,,,,,,,,,,,,,,,,,,,,,Broccoli,150.0,110,13,1,0,0,220,8,3,2,4,,,,
Olive Garden (PDF),ENTRÉES,,,,,,,,,,,,,,,,,,,,,,,,,,,,,,,,,,,,,,,,,,,,,,,,,,,,,,,,,,,,,,,,,,,,,,,,,,,,,,,,,,,,,,,,,,,,,,,,,,,,,,,,,,,,,,,,,,,,,ENTRÉES,,,,,,,,,,,,,,,
Olive Garden (PDF),Lunch-Sized Favorites,,,,,,,,,,,,,,,,,,,,,,,,,,,,,,,,,,,,,,,,,,,,,,,,,,,,,,,,,,,,,,,,,,,,,,,,,,,,,,,,,,,,,,,,,,,,,,,,,,,,,,,,,,,,,,,,,,,,,Lunch-Sized Favorites,,,,,,,,,,,,,,,
Olive Garden (PDF),Cheese Ravioli with Marinara Sauce,,,,,,,,,,,,,,,,,,,,,,,,,,,,,,,,,,,,,,,,,,,,,,,,,,,,,,,,,,,,,,,,,,,,,,,,,,,,,,,,,,,,,,,,,,,,,,,,,,,,,,,,,,,,,,,,,,,,,Cheese Ravioli with Marinara Sauce,440.0,200,22,11,0,75,1330,38,3,4,25,,,,
Olive Garden (PDF),Cheese Ravioli with Meat Sauce,,,,,,,,,,,,,,,,,,,,,,,,,,,,,,,,,,,,,,,,,,,,,,,,,,,,,,,,,,,,,,,,,,,,,,,,,,,,,,,,,,,,,,,,,,,,,,,,,,,,,,,,,,,,,,,,,,,,,Cheese Ravioli with Meat Sauce,500.0,230,26,14,0,100,1240,39,2,6,29,,,,
Olive Garden (PDF),Chicken Parmigiana,,,,,,,,,,,,,,,,,,,,,,,,,,,,,,,,,,,,,,,,,,,,,,,,,,,,,,,,,,,,,,,,,,,,,,,,,,,,,,,,,,,,,,,,,,,,,,,,,,,,,,,,,,,,,,,,,,,,,Chicken Parmigiana,630.0,260,29,7,0,75,1970,61,5,10,36,,,,
Olive Garden (PDF),Eggplant Parmigiana,,,,,,,,,,,,,,,,,,,,,,,,,,,,,,,,,,,,,,,,,,,,,,,,,,,,,,,,,,,,,,,,,,,,,,,,,,,,,,,,,,,,,,,,,,,,,,,,,,,,,,,,,,,,,,,,,,,,,Eggplant Parmigiana,660.0,290,32,7,0,30,1540,75,7,13,21,,,,
Olive Garden (PDF),Fettuccine Alfredo,,,,,,,,,,,,,,,,,,,,,,,,,,,,,,,,,,,,,,,,,,,,,,,,,,,,,,,,,,,,,,,,,,,,,,,,,,,,,,,,,,,,,,,,,,,,,,,,,,,,,,,,,,,,,,,,,,,,,Fettuccine Alfredo,920.0,600,67,41,1.5,215,910,58,2,3,20,,,,
Olive Garden (PDF),add broccoli,,,,,,,,,,,,,,,,,,,,,,,,,,,,,,,,,,,,,,,,,,,,,,,,,,,,,,,,,,,,,,,,,,,,,,,,,,,,,,,,,,,,,,,,,,,,,,,,,,,,,,,,,,,,,,,,,,,,,add broccoli,130.0,110,12,1,0,0,200,4,2,1,2,,,,
Olive Garden (PDF),Five Cheese Ziti al Forno,,,,,,,,,,,,,,,,,,,,,,,,,,,,,,,,,,,,,,,,,,,,,,,,,,,,,,,,,,,,,,,,,,,,,,,,,,,,,,,,,,,,,,,,,,,,,,,,,,,,,,,,,,,,,,,,,,,,,Five Cheese Ziti al Forno,630.0,310,35,18,0.5,85,1220,57,4,9,24,,,,
Olive Garden (PDF),Lasagna Classico,,,,,,,,,,,,,,,,,,,,,,,,,,,,,,,,,,,,,,,,,,,,,,,,,,,,,,,,,,,,,,,,,,,,,,,,,,,,,,,,,,,,,,,,,,,,,,,,,,,,,,,,,,,,,,,,,,,,,Lasagna Classico,500.0,270,30,16,0.5,105,1290,33,3,7,29,,,,
Olive Garden (PDF),Shrimp Scampi,,,,,,,,,,,,,,,,,,,,,,,,,,,,,,,,,,,,,,,,,,,,,,,,,,,,,,,,,,,,,,,,,,,,,,,,,,,,,,,,,,,,,,,,,,,,,,,,,,,,,,,,,,,,,,,,,,,,,Shrimp Scampi,460.0,160,18,7,0,100,1020,52,4,5,20,,,,
Olive Garden (PDF),Spaghetti with Marinara,,,,,,,,,,,,,,,,,,,,,,,,,,,,,,,,,,,,,,,,,,,,,,,,,,,,,,,,,,,,,,,,,,,,,,,,,,,,,,,,,,,,,,,,,,,,,,,,,,,,,,,,,,,,,,,,,,,,,Spaghetti with Marinara,370.0,80,9,0.5,0,0,970,63,5,10,11,,,,
Olive Garden (PDF),Spaghetti with Meat Sauce,,,,,,,,,,,,,,,,,,,,,,,,,,,,,,,,,,,,,,,,,,,,,,,,,,,,,,,,,,,,,,,,,,,,,,,,,,,,,,,,,,,,,,,,,,,,,,,,,,,,,,,,,,,,,,,,,,,,,Spaghetti with Meat Sauce,480.0,150,17,5,0,45,790,64,3,13,19,,,,
Olive Garden (PDF),Spaghetti & Meatballs:,,,,,,,,,,,,,,,,,,,,,,,,,,,,,,,,,,,,,,,,,,,,,,,,,,,,,,,,,,,,,,,,,,,,,,,,,,,,,,,,,,,,,,,,,,,,,,,,,,,,,,,,,,,,,,,,,,,,,Spaghetti & Meatballs:,,,,,,,,,,,,,,,
Olive Garden (PDF),with Meat Sauce,,,,,,,,,,,,,,,,,,,,,,,,,,,,,,,,,,,,,,,,,,,,,,,,,,,,,,,,,,,,,,,,,,,,,,,,,,,,,,,,,,,,,,,,,,,,,,,,,,,,,,,,,,,,,,,,,,,,,with Meat Sauce,800.0,390,43,18,1.5,90,1490,69,5,13,35,,,,
Olive Garden (PDF),with Marinara,,,,,,,,,,,,,,,,,,,,,,,,,,,,,,,,,,,,,,,,,,,,,,,,,,,,,,,,,,,,,,,,,,,,,,,,,,,,,,,,,,,,,,,,,,,,,,,,,,,,,,,,,,,,,,,,,,,,,with Marinara,690.0,320,36,14,1.5,45,1670,67,6,10,27,,,,
Olive Garden (PDF),Spaghetti with Meat Sauce & Italian Sausage,,,,,,,,,,,,,,,,,,,,,,,,,,,,,,,,,,,,,,,,,,,,,,,,,,,,,,,,,,,,,,,,,,,,,,,,,,,,,,,,,,,,,,,,,,,,,,,,,,,,,,,,,,,,,,,,,,,,,Spaghetti with Meat Sauce & Italian Sausage,720.0,330,36,12,0,105,1360,65,4,14,33,,,,
Olive Garden (PDF),Dinner Entrées,,,,,,,,,,,,,,,,,,,,,,,,,,,,,,,,,,,,,,,,,,,,,,,,,,,,,,,,,,,,,,,,,,,,,,,,,,,,,,,,,,,,,,,,,,,,,,,,,,,,,,,,,,,,,,,,,,,,,Dinner Entrées,,,,,,,,,,,,,,,
Olive Garden (PDF),Four-Cheese Manicotti,,,,,,,,,,,,,,,,,,,,,,,,,,,,,,,,,,,,,,,,,,,,,,,,,,,,,,,,,,,,,,,,,,,,,,,,,,,,,,,,,,,,,,,,,,,,,,,,,,,,,,,,,,,,,,,,,,,,,Four-Cheese Manicotti,770.0,360,40,22,0,160,2200,58,4,8,48,,,,
Olive Garden (PDF),Braised Beef Tortelloni,,,,,,,,,,,,,,,,,,,,,,,,,,,,,,,,,,,,,,,,,,,,,,,,,,,,,,,,,,,,,,,,,,,,,,,,,,,,,,,,,,,,,,,,,,,,,,,,,,,,,,,,,,,,,,,,,,,,,Braised Beef Tortelloni,1300.0,630,70,34,1.5,270,2870,98,5,15,67,,,,
Olive Garden (PDF),Ravioli di Portobello,,,,,,,,,,,,,,,,,,,,,,,,,,,,,,,,,,,,,,,,,,,,,,,,,,,,,,,,,,,,,,,,,,,,,,,,,,,,,,,,,,,,,,,,,,,,,,,,,,,,,,,,,,,,,,,,,,,,,Ravioli di Portobello,1020.0,710,79,47,2.5,240,1870,64,7,10,23,,,,
Olive Garden (PDF),Calabrian Steak & Shrimp Bucatini,,,,,,,,,,,,,,,,,,,,,,,,,,,,,,,,,,,,,,,,,,,,,,,,,,,,,,,,,,,,,,,,,,,,,,,,,,,,,,,,,,,,,,,,,,,,,,,,,,,,,,,,,,,,,,,,,,,,,Calabrian Steak & Shrimp Bucatini,1220.0,580,65,31,2,360,2960,82,6,11,78,,,,
Olive Garden (PDF),Calabrian Steak Bucatini,,,,,,,,,,,,,,,,,,,,,,,,,,,,,,,,,,,,,,,,,,,,,,,,,,,,,,,,,,,,,,,,,,,,,,,,,,,,,,,,,,,,,,,,,,,,,,,,,,,,,,,,,,,,,,,,,,,,,Calabrian Steak Bucatini,1130.0,580,65,31,2,225,2730,81,6,11,59,,,,
Olive Garden (PDF),Calabrian Shrimp Bucatini,,,,,,,,,,,,,,,,,,,,,,,,,,,,,,,,,,,,,,,,,,,,,,,,,,,,,,,,,,,,,,,,,,,,,,,,,,,,,,,,,,,,,,,,,,,,,,,,,,,,,,,,,,,,,,,,,,,,,Calabrian Shrimp Bucatini,1040.0,520,58,29,2,360,2160,81,6,11,51,,,,
Olive Garden (PDF),Cheese Ravioli with Marinara Sauce,,,,,,,,,,,,,,,,,,,,,,,,,,,,,,,,,,,,,,,,,,,,,,,,,,,,,,,,,,,,,,,,,,,,,,,,,,,,,,,,,,,,,,,,,,,,,,,,,,,,,,,,,,,,,,,,,,,,,Cheese Ravioli with Marinara Sauce,750.0,340,38,19,0,125,2370,63,5,8,41,,,,
Olive Garden (PDF),Cheese Ravioli with Meat Sauce,,,,,,,,,,,,,,,,,,,,,,,,,,,,,,,,,,,,,,,,,,,,,,,,,,,,,,,,,,,,,,,,,,,,,,,,,,,,,,,,,,,,,,,,,,,,,,,,,,,,,,,,,,,,,,,,,,,,,Cheese Ravioli with Meat Sauce,860.0,410,46,24,0,170,2190,65,4,11,50,,,,
Olive Garden (PDF),Chicken & Shrimp Carbonara,,,,,,,,,,,,,,,,,,,,,,,,,,,,,,,,,,,,,,,,,,,,,,,,,,,,,,,,,,,,,,,,,,,,,,,,,,,,,,,,,,,,,,,,,,,,,,,,,,,,,,,,,,,,,,,,,,,,,Chicken & Shrimp Carbonara,1370.0,820,91,47,2.5,390,2050,75,3,10,64,,,,
Olive Garden (PDF),Chicken Alfredo (with crispy chicken fritta),,,,,,,,,,,,,,,,,,,,,,,,,,,,,,,,,,,,,,,,,,,,,,,,,,,,,,,,,,,,,,,,,,,,,,,,,,,,,,,,,,,,,,,,,,,,,,,,,,,,,,,,,,,,,,,,,,,,,Chicken Alfredo (with crispy chicken fritta),1710.0,1020,113,57,2,385,2670,106,5,6,67,,,,
Olive Garden (PDF),Chicken Alfredo (with grilled chicken),,,,,,,,,,,,,,,,,,,,,,,,,,,,,,,,,,,,,,,,,,,,,,,,,,,,,,,,,,,,,,,,,,,,,,,,,,,,,,,,,,,,,,,,,,,,,,,,,,,,,,,,,,,,,,,,,,,,,Chicken Alfredo (with grilled chicken),1480.0,850,95,56,2,430,2290,79,4,5,79,,,,
Olive Garden (PDF),add broccoli,,,,,,,,,,,,,,,,,,,,,,,,,,,,,,,,,,,,,,,,,,,,,,,,,,,,,,,,,,,,,,,,,,,,,,,,,,,,,,,,,,,,,,,,,,,,,,,,,,,,,,,,,,,,,,,,,,,,,add broccoli,150.0,110,13,1,0,0,220,8,3,2,4,,,,
Olive Garden (PDF),Chicken Parmigiana,,,,,,,,,,,,,,,,,,,,,,,,,,,,,,,,,,,,,,,,,,,,,,,,,,,,,,,,,,,,,,,,,,,,,,,,,,,,,,,,,,,,,,,,,,,,,,,,,,,,,,,,,,,,,,,,,,,,,Chicken Parmigiana,1020.0,460,51,14,0,155,3300,80,7,13,64,,,,
Olive Garden (PDF),Chicken Scampi,,,,,,,,,,,,,,,,,,,,,,,,,,,,,,,,,,,,,,,,,,,,,,,,,,,,,,,,,,,,,,,,,,,,,,,,,,,,,,,,,,,,,,,,,,,,,,,,,,,,,,,,,,,,,,,,,,,,,Chicken Scampi,1050.0,400,45,16,1,130,2470,106,5,8,49,,,,
Olive Garden (PDF),Chicken Tortelloni Alfredo,,,,,,,,,,,,,,,,,,,,,,,,,,,,,,,,,,,,,,,,,,,,,,,,,,,,,,,,,,,,,,,,,,,,,,,,,,,,,,,,,,,,,,,,,,,,,,,,,,,,,,,,,,,,,,,,,,,,,Chicken Tortelloni Alfredo,1980.0,1180,131,76,2.5,650,3720,95,5,9,112,,,,
Olive Garden (PDF),Eggplant Parmigiana,,,,,,,,,,,,,,,,,,,,,,,,,,,,,,,,,,,,,,,,,,,,,,,,,,,,,,,,,,,,,,,,,,,,,,,,,,,,,,,,,,,,,,,,,,,,,,,,,,,,,,,,,,,,,,,,,,,,,Eggplant Parmigiana,1070.0,520,58,14,0,60,2440,108,11,20,35,,,,
Olive Garden (PDF),Fettuccine Alfredo,,,,,,,,,,,,,,,,,,,,,,,,,,,,,,,,,,,,,,,,,,,,,,,,,,,,,,,,,,,,,,,,,,,,,,,,,,,,,,,,,,,,,,,,,,,,,,,,,,,,,,,,,,,,,,,,,,,,,Fettuccine Alfredo,1220.0,800,89,55,2,285,1210,78,3,5,27,,,,
Olive Garden (PDF),add broccoli,,,,,,,,,,,,,,,,,,,,,,,,,,,,,,,,,,,,,,,,,,,,,,,,,,,,,,,,,,,,,,,,,,,,,,,,,,,,,,,,,,,,,,,,,,,,,,,,,,,,,,,,,,,,,,,,,,,,,add broccoli,150.0,110,13,1,0,0,220,8,3,2,4,,,,
Olive Garden (PDF),Five Cheese Ziti al Forno,,,,,,,,,,,,,,,,,,,,,,,,,,,,,,,,,,,,,,,,,,,,,,,,,,,,,,,,,,,,,,,,,,,,,,,,,,,,,,,,,,,,,,,,,,,,,,,,,,,,,,,,,,,,,,,,,,,,,Five Cheese Ziti al Forno,1170.0,620,69,36,1.5,170,2440,98,6,16,46,,,,
Olive Garden (PDF),Grilled Chicken Margherita,,,,,,,,,,,,,,,,,,,,,,,,,,,,,,,,,,,,,,,,,,,,,,,,,,,,,,,,,,,,,,,,,,,,,,,,,,,,,,,,,,,,,,,,,,,,,,,,,,,,,,,,,,,,,,,,,,,,,Grilled Chicken Margherita,650.0,350,39,11,0,185,2120,15,5,5,65,,,,
Olive Garden (PDF),Herb-Grilled Salmon,,,,,,,,,,,,,,,,,,,,,,,,,,,,,,,,,,,,,,,,,,,,,,,,,,,,,,,,,,,,,,,,,,,,,,,,,,,,,,,,,,,,,,,,,,,,,,,,,,,,,,,,,,,,,,,,,,,,,Herb-Grilled Salmon,610.0,400,45,11,0,130,1360,9,4,3,45,,,,
Olive Garden (PDF),Herb-Grilled Salmon Coho (Regional),,,,,,,,,,,,,,,,,,,,,,,,,,,,,,,,,,,,,,,,,,,,,,,,,,,,,,,,,,,,,,,,,,,,,,,,,,,,,,,,,,,,,,,,,,,,,,,,,,,,,,,,,,,,,,,,,,,,,Herb-Grilled Salmon Coho (Regional),510.0,270,31,9,0,130,1020,9,4,2,50,,,,
Olive Garden (PDF),Lasagna Classico,,,,,,,,,,,,,,,,,,,,,,,,,,,,,,,,,,,,,,,,,,,,,,,,,,,,,,,,,,,,,,,,,,,,,,,,,,,,,,,,,,,,,,,,,,,,,,,,,,,,,,,,,,,,,,,,,,,,,Lasagna Classico,940.0,490,55,30,1,200,2260,61,6,11,54,,,,
Olive Garden (PDF),Ravioli Carbonara,,,,,,,,,,,,,,,,,,,,,,,,,,,,,,,,,,,,,,,,,,,,,,,,,,,,,,,,,,,,,,,,,,,,,,,,,,,,,,,,,,,,,,,,,,,,,,,,,,,,,,,,,,,,,,,,,,,,,Ravioli Carbonara,1390.0,930,104,63,2.5,325,2660,63,3,6,53,,,,
Olive Garden (PDF),Seafood Alfredo,,,,,,,,,,,,,,,,,,,,,,,,,,,,,,,,,,,,,,,,,,,,,,,,,,,,,,,,,,,,,,,,,,,,,,,,,,,,,,,,,,,,,,,,,,,,,,,,,,,,,,,,,,,,,,,,,,,,,Seafood Alfredo,1370.0,830,93,55,2,435,1690,81,3,5,53,,,,
Olive Garden (PDF),Shrimp Alfredo,,,,,,,,,,,,,,,,,,,,,,,,,,,,,,,,,,,,,,,,,,,,,,,,,,,,,,,,,,,,,,,,,,,,,,,,,,,,,,,,,,,,,,,,,,,,,,,,,,,,,,,,,,,,,,,,,,,,,Shrimp Alfredo,1390.0,830,93,55,2,525,1620,79,4,5,60,,,,
Olive Garden (PDF),Shrimp Carbonara,,,,,,,,,,,,,,,,,,,,,,,,,,,,,,,,,,,,,,,,,,,,,,,,,,,,,,,,,,,,,,,,,,,,,,,,,,,,,,,,,,,,,,,,,,,,,,,,,,,,,,,,,,,,,,,,,,,,,Shrimp Carbonara,1200.0,720,81,46,2.5,450,1710,63,4,10,58,,,,
Olive Garden (PDF),Shrimp Scampi,,,,,,,,,,,,,,,,,,,,,,,,,,,,,,,,,,,,,,,,,,,,,,,,,,,,,,,,,,,,,,,,,,,,,,,,,,,,,,,,,,,,,,,,,,,,,,,,,,,,,,,,,,,,,,,,,,,,,Shrimp Scampi,490.0,160,18,7,0.5,165,1120,52,4,5,29,,,,
Olive Garden (PDF),Spaghetti with Marinara,,,,,,,,,,,,,,,,,,,,,,,,,,,,,,,,,,,,,,,,,,,,,,,,,,,,,,,,,,,,,,,,,,,,,,,,,,,,,,,,,,,,,,,,,,,,,,,,,,,,,,,,,,,,,,,,,,,,,Spaghetti with Marinara,490.0,110,12,1,0,0,1290,83,6,13,15,,,,
Olive Garden (PDF),Spaghetti with Meat Sauce,,,,,,,,,,,,,,,,,,,,,,,,,,,,,,,,,,,,,,,,,,,,,,,,,,,,,,,,,,,,,,,,,,,,,,,,,,,,,,,,,,,,,,,,,,,,,,,,,,,,,,,,,,,,,,,,,,,,,Spaghetti with Meat Sauce,640.0,200,22,7,0,60,1050,85,4,17,26,,,,
Olive Garden (PDF),Spaghetti with Meat Sauce & Meatballs (3),,,,,,,,,,,,,,,,,,,,,,,,,,,,,,,,,,,,,,,,,,,,,,,,,,,,,,,,,,,,,,,,,,,,,,,,,,,,,,,,,,,,,,,,,,,,,,,,,,,,,,,,,,,,,,,,,,,,,Spaghetti with Meat Sauce & Meatballs (3),1120.0,560,62,27,2.5,130,2110,92,7,17,49,,,,
Olive Garden (PDF),Spaghetti with Meat Sauce & Sausage (2),,,,,,,,,,,,,,,,,,,,,,,,,,,,,,,,,,,,,,,,,,,,,,,,,,,,,,,,,,,,,,,,,,,,,,,,,,,,,,,,,,,,,,,,,,,,,,,,,,,,,,,,,,,,,,,,,,,,,Spaghetti with Meat Sauce & Sausage (2),1110.0,560,62,21,0,180,2190,87,5,19,52,,,,
Olive Garden (PDF),Steak Gorgonzola Alfredo,,,,,,,,,,,,,,,,,,,,,,,,,,,,,,,,,,,,,,,,,,,,,,,,,,,,,,,,,,,,,,,,,,,,,,,,,,,,,,,,,,,,,,,,,,,,,,,,,,,,,,,,,,,,,,,,,,,,,Steak Gorgonzola Alfredo,1580.0,950,105,63,2.5,410,2750,85,5,8,74,,,,
Olive Garden (PDF),Stuffed Chicken Marsala,,,,,,,,,,,,,,,,,,,,,,,,,,,,,,,,,,,,,,,,,,,,,,,,,,,,,,,,,,,,,,,,,,,,,,,,,,,,,,,,,,,,,,,,,,,,,,,,,,,,,,,,,,,,,,,,,,,,,Stuffed Chicken Marsala,1090.0,580,65,30,1.5,270,3300,53,6,9,72,,,,
Olive Garden (PDF),Tour of Italy,,,,,,,,,,,,,,,,,,,,,,,,,,,,,,,,,,,,,,,,,,,,,,,,,,,,,,,,,,,,,,,,,,,,,,,,,,,,,,,,,,,,,,,,,,,,,,,,,,,,,,,,,,,,,,,,,,,,,Tour of Italy,1550.0,880,97,50,1.5,325,3220,99,7,12,72,,,,
Olive Garden (PDF),6 oz. Sirloin,,,,,,,,,,,,,,,,,,,,,,,,,,,,,,,,,,,,,,,,,,,,,,,,,,,,,,,,,,,,,,,,,,,,,,,,,,,,,,,,,,,,,,,,,,,,,,,,,,,,,,,,,,,,,,,,,,,,,6 oz. Sirloin,980.0,560,62,36,2,275,1840,49,2,3,57,,,,
Olive Garden (PDF),Tuscan Pork Chop (where available),,,,,,,,,,,,,,,,,,,,,,,,,,,,,,,,,,,,,,,,,,,,,,,,,,,,,,,,,,,,,,,,,,,,,,,,,,,,,,,,,,,,,,,,,,,,,,,,,,,,,,,,,,,,,,,,,,,,,Tuscan Pork Chop (where available),640.0,260,29,8,0,165,1800,38,5,5,57,,,,
Olive Garden (PDF),Lighter Portions,,,,,,,,,,,,,,,,,,,,,,,,,,,,,,,,,,,,,,,,,,,,,,,,,,,,,,,,,,,,,,,,,,,,,,,,,,,,,,,,,,,,,,,,,,,,,,,,,,,,,,,,,,,,,,,,,,,,,Lighter Portions,,,,,,,,,,,,,,,
Olive Garden (PDF),Cheese Ravioli with Marinara Sauce,,,,,,,,,,,,,,,,,,,,,,,,,,,,,,,,,,,,,,,,,,,,,,,,,,,,,,,,,,,,,,,,,,,,,,,,,,,,,,,,,,,,,,,,,,,,,,,,,,,,,,,,,,,,,,,,,,,,,Cheese Ravioli with Marinara Sauce,440.0,200,22,11,0,75,1330,38,3,4,25,,,,
Olive Garden (PDF),Cheese Ravioli with Meat Sauce,,,,,,,,,,,,,,,,,,,,,,,,,,,,,,,,,,,,,,,,,,,,,,,,,,,,,,,,,,,,,,,,,,,,,,,,,,,,,,,,,,,,,,,,,,,,,,,,,,,,,,,,,,,,,,,,,,,,,Cheese Ravioli with Meat Sauce,500.0,230,26,14,0,100,1240,39,2,6,29,,,,
Olive Garden (PDF),Chicken Parmigiana,,,,,,,,,,,,,,,,,,,,,,,,,,,,,,,,,,,,,,,,,,,,,,,,,,,,,,,,,,,,,,,,,,,,,,,,,,,,,,,,,,,,,,,,,,,,,,,,,,,,,,,,,,,,,,,,,,,,,Chicken Parmigiana,630.0,260,29,7,0,75,1970,61,5,10,36,,,,
Olive Garden (PDF),Eggplant Parmigiana,,,,,,,,,,,,,,,,,,,,,,,,,,,,,,,,,,,,,,,,,,,,,,,,,,,,,,,,,,,,,,,,,,,,,,,,,,,,,,,,,,,,,,,,,,,,,,,,,,,,,,,,,,,,,,,,,,,,,Eggplant Parmigiana,660.0,290,32,7,0,30,1540,75,7,13,21,,,,
Olive Garden (PDF),Fettuccine Alfredo,,,,,,,,,,,,,,,,,,,,,,,,,,,,,,,,,,,,,,,,,,,,,,,,,,,,,,,,,,,,,,,,,,,,,,,,,,,,,,,,,,,,,,,,,,,,,,,,,,,,,,,,,,,,,,,,,,,,,Fettuccine Alfredo,920.0,600,67,41,1.5,215,910,58,2,3,20,,,,
Olive Garden (PDF),add broccoli,,,,,,,,,,,,,,,,,,,,,,,,,,,,,,,,,,,,,,,,,,,,,,,,,,,,,,,,,,,,,,,,,,,,,,,,,,,,,,,,,,,,,,,,,,,,,,,,,,,,,,,,,,,,,,,,,,,,,add broccoli,130.0,110,12,1,0,0,200,4,2,1,2,,,,
Olive Garden (PDF),Five Cheese Ziti al Forno,,,,,,,,,,,,,,,,,,,,,,,,,,,,,,,,,,,,,,,,,,,,,,,,,,,,,,,,,,,,,,,,,,,,,,,,,,,,,,,,,,,,,,,,,,,,,,,,,,,,,,,,,,,,,,,,,,,,,Five Cheese Ziti al Forno,630.0,310,35,18,0.5,85,1220,57,4,9,24,,,,
Olive Garden (PDF),Lasagna Classico,,,,,,,,,,,,,,,,,,,,,,,,,,,,,,,,,,,,,,,,,,,,,,,,,,,,,,,,,,,,,,,,,,,,,,,,,,,,,,,,,,,,,,,,,,,,,,,,,,,,,,,,,,,,,,,,,,,,,Lasagna Classico,500.0,270,30,16,0.5,105,1290,33,3,7,29,,,,
Olive Garden (PDF),Spaghetti & Meatballs with Meat Sauce,,,,,,,,,,,,,,,,,,,,,,,,,,,,,,,,,,,,,,,,,,,,,,,,,,,,,,,,,,,,,,,,,,,,,,,,,,,,,,,,,,,,,,,,,,,,,,,,,,,,,,,,,,,,,,,,,,,,,Spaghetti & Meatballs with Meat Sauce,800.0,390,43,18,1.5,90,1490,69,5,13,35,,,,
Olive Garden (PDF),Spaghetti with Meat Sauce & Italian Sausage,,,,,,,,,,,,,,,,,,,,,,,,,,,,,,,,,,,,,,,,,,,,,,,,,,,,,,,,,,,,,,,,,,,,,,,,,,,,,,,,,,,,,,,,,,,,,,,,,,,,,,,,,,,,,,,,,,,,,Spaghetti with Meat Sauce & Italian Sausage,720.0,330,36,12,0,105,1360,65,4,14,33,,,,
Olive Garden (PDF),SIDES,,,,,,,,,,,,,,,,,,,,,,,,,,,,,,,,,,,,,,,,,,,,,,,,,,,,,,,,,,,,,,,,,,,,,,,,,,,,,,,,,,,,,,,,,,,,,,,,,,,,,,,,,,,,,,,,,,,,,SIDES,,,,,,,,,,,,,,,
Olive Garden (PDF),Grilled Chicken,,,,,,,,,,,,,,,,,,,,,,,,,,,,,,,,,,,,,,,,,,,,,,,,,,,,,,,,,,,,,,,,,,,,,,,,,,,,,,,,,,,,,,,,,,,,,,,,,,,,,,,,,,,,,,,,,,,,,Grilled Chicken,130.0,25,2.5,0.5,0,75,540,less than 1 g,0,0,26,,,,
Olive Garden (PDF),Italian Sausage (2),,,,,,,,,,,,,,,,,,,,,,,,,,,,,,,,,,,,,,,,,,,,,,,,,,,,,,,,,,,,,,,,,,,,,,,,,,,,,,,,,,,,,,,,,,,,,,,,,,,,,,,,,,,,,,,,,,,,,Italian Sausage (2),510.0,370,42,14,0,115,1460,6,2,4,27,,,,
Olive Garden (PDF),Mashed Potatoes,,,,,,,,,,,,,,,,,,,,,,,,,,,,,,,,,,,,,,,,,,,,,,,,,,,,,,,,,,,,,,,,,,,,,,,,,,,,,,,,,,,,,,,,,,,,,,,,,,,,,,,,,,,,,,,,,,,,,Mashed Potatoes,200.0,80,8,3,0,10,580,27,3,1,4,,,,
Olive Garden (PDF),Meatballs (3),,,,,,,,,,,,,,,,,,,,,,,,,,,,,,,,,,,,,,,,,,,,,,,,,,,,,,,,,,,,,,,,,,,,,,,,,,,,,,,,,,,,,,,,,,,,,,,,,,,,,,,,,,,,,,,,,,,,,Meatballs (3),520.0,380,42,20,2,65,1380,11,4,3,24,,,,
Olive Garden (PDF),Parmesan Garlic Broccoli,,,,,,,,,,,,,,,,,,,,,,,,,,,,,,,,,,,,,,,,,,,,,,,,,,,,,,,,,,,,,,,,,,,,,,,,,,,,,,,,,,,,,,,,,,,,,,,,,,,,,,,,,,,,,,,,,,,,,Parmesan Garlic Broccoli,150.0,110,13,1,0,0,450,8,3,2,5,,,,
Olive Garden (PDF),DESSERTS,,,,,,,,,,,,,,,,,,,,,,,,,,,,,,,,,,,,,,,,,,,,,,,,,,,,,,,,,,,,,,,,,,,,,,,,,,,,,,,,,,,,,,,,,,,,,,,,,,,,,,,,,,,,,,,,,,,,,DESSERTS,,,,,,,,,,,,,,,
Olive Garden (PDF),Black Tie Mousse Cake,,,,,,,,,,,,,,,,,,,,,,,,,,,,,,,,,,,,,,,,,,,,,,,,,,,,,,,,,,,,,,,,,,,,,,,,,,,,,,,,,,,,,,,,,,,,,,,,,,,,,,,,,,,,,,,,,,,,,Black Tie Mousse Cake,750.0,450,50,30,1,155,290,76,4,59,9,,,,
Olive Garden (PDF),Chocolate Lasagna,,,,,,,,,,,,,,,,,,,,,,,,,,,,,,,,,,,,,,,,,,,,,,,,,,,,,,,,,,,,,,,,,,,,,,,,,,,,,,,,,,,,,,,,,,,,,,,,,,,,,,,,,,,,,,,,,,,,,Chocolate Lasagna,980.0,520,58,27,0,140,630,116,6,86,13,,,,
Olive Garden (PDF),Sicilian Cheesecake with Strawberry Topping,,,,,,,,,,,,,,,,,,,,,,,,,,,,,,,,,,,,,,,,,,,,,,,,,,,,,,,,,,,,,,,,,,,,,,,,,,,,,,,,,,,,,,,,,,,,,,,,,,,,,,,,,,,,,,,,,,,,,Sicilian Cheesecake with Strawberry Topping,730.0,380,42,26,1.5,155,450,78,2,63,12,,,,
Olive Garden (PDF),Strawberry Cream Cake,,,,,,,,,,,,,,,,,,,,,,,,,,,,,,,,,,,,,,,,,,,,,,,,,,,,,,,,,,,,,,,,,,,,,,,,,,,,,,,,,,,,,,,,,,,,,,,,,,,,,,,,,,,,,,,,,,,,,Strawberry Cream Cake,540.0,240,26,17,0.5,170,370,69,2,47,9,,,,
Olive Garden (PDF),Tiramisu,,,,,,,,,,,,,,,,,,,,,,,,,,,,,,,,,,,,,,,,,,,,,,,,,,,,,,,,,,,,,,,,,,,,,,,,,,,,,,,,,,,,,,,,,,,,,,,,,,,,,,,,,,,,,,,,,,,,,Tiramisu,470.0,240,27,17,0,215,125,54,0,35,6,,,,
Olive Garden (PDF),Warm Italian Doughnuts,,,,,,,,,,,,,,,,,,,,,,,,,,,,,,,,,,,,,,,,,,,,,,,,,,,,,,,,,,,,,,,,,,,,,,,,,,,,,,,,,,,,,,,,,,,,,,,,,,,,,,,,,,,,,,,,,,,,,Warm Italian Doughnuts,810.0,250,28,3.5,0,0,510,119,6,25,20,,,,
Olive Garden (PDF),add chocolate sauce,,,,,,,,,,,,,,,,,,,,,,,,,,,,,,,,,,,,,,,,,,,,,,,,,,,,,,,,,,,,,,,,,,,,,,,,,,,,,,,,,,,,,,,,,,,,,,,,,,,,,,,,,,,,,,,,,,,,,add chocolate sauce,220.0,25,3,2,0,10,110,48,less than 1 g,42,2,,,,
Olive Garden (PDF),add raspberry sauce,,,,,,,,,,,,,,,,,,,,,,,,,,,,,,,,,,,,,,,,,,,,,,,,,,,,,,,,,,,,,,,,,,,,,,,,,,,,,,,,,,,,,,,,,,,,,,,,,,,,,,,,,,,,,,,,,,,,,add raspberry sauce,210.0,0,0,0,0,0,10,51,0,35,0,,,,
Olive Garden (PDF),Mint candy (1 ea.),,,,,,,,,,,,,,,,,,,,,,,,,,,,,,,,,,,,,,,,,,,,,,,,,,,,,,,,,,,,,,,,,,,,,,,,,,,,,,,,,,,,,,,,,,,,,,,,,,,,,,,,,,,,,,,,,,,,,Mint candy (1 ea.),25.0,15,1.5,1.5,0,0,0,3,0,2,0,,,,
Olive Garden (PDF),KIDS MENU,,,,,,,,,,,,,,,,,,,,,,,,,,,,,,,,,,,,,,,,,,,,,,,,,,,,,,,,,,,,,,,,,,,,,,,,,,,,,,,,,,,,,,,,,,,,,,,,,,,,,,,,,,,,,,,,,,,,,KIDS MENU,,,,,,,,,,,,,,,
Olive Garden (PDF),Create Your Own Pasta,,,,,,,,,,,,,,,,,,,,,,,,,,,,,,,,,,,,,,,,,,,,,,,,,,,,,,,,,,,,,,,,,,,,,,,,,,,,,,,,,,,,,,,,,,,,,,,,,,,,,,,,,,,,,,,,,,,,,Create Your Own Pasta,,,,,,,,,,,,,,,
Olive Garden (PDF),Fettuccine,,,,,,,,,,,,,,,,,,,,,,,,,,,,,,,,,,,,,,,,,,,,,,,,,,,,,,,,,,,,,,,,,,,,,,,,,,,,,,,,,,,,,,,,,,,,,,,,,,,,,,,,,,,,,,,,,,,,,Fettuccine,220.0,15,1.5,0,0,0,5,42,2,2,7,,,,
Olive Garden (PDF),Small Shells,,,,,,,,,,,,,,,,,,,,,,,,,,,,,,,,,,,,,,,,,,,,,,,,,,,,,,,,,,,,,,,,,,,,,,,,,,,,,,,,,,,,,,,,,,,,,,,,,,,,,,,,,,,,,,,,,,,,,Small Shells,210.0,20,2,0,0,0,5,42,2,2,7,,,,
Olive Garden (PDF),Spaghetti,,,,,,,,,,,,,,,,,,,,,,,,,,,,,,,,,,,,,,,,,,,,,,,,,,,,,,,,,,,,,,,,,,,,,,,,,,,,,,,,,,,,,,,,,,,,,,,,,,,,,,,,,,,,,,,,,,,,,Spaghetti,170.0,15,1.5,0,0,0,5,33,1,2,6,,,,
Olive Garden (PDF),Alfredo Sauce,,,,,,,,,,,,,,,,,,,,,,,,,,,,,,,,,,,,,,,,,,,,,,,,,,,,,,,,,,,,,,,,,,,,,,,,,,,,,,,,,,,,,,,,,,,,,,,,,,,,,,,,,,,,,,,,,,,,,Alfredo Sauce,440.0,390,43,27,1,140,600,5,0,1,8,,,,
Olive Garden (PDF),Meat Sauce,,,,,,,,,,,,,,,,,,,,,,,,,,,,,,,,,,,,,,,,,,,,,,,,,,,,,,,,,,,,,,,,,,,,,,,,,,,,,,,,,,,,,,,,,,,,,,,,,,,,,,,,,,,,,,,,,,,,,Meat Sauce,110.0,60,7,2.5,0,25,390,7,less than 1 g,5,5,,,,
Olive Garden (PDF),Tomato Sauce,,,,,,,,,,,,,,,,,,,,,,,,,,,,,,,,,,,,,,,,,,,,,,,,,,,,,,,,,,,,,,,,,,,,,,,,,,,,,,,,,,,,,,,,,,,,,,,,,,,,,,,,,,,,,,,,,,,,,Tomato Sauce,80.0,45,5,0.5,0,0,420,8,1,5,1,,,,
Olive Garden (PDF),Grilled Chicken,,,,,,,,,,,,,,,,,,,,,,,,,,,,,,,,,,,,,,,,,,,,,,,,,,,,,,,,,,,,,,,,,,,,,,,,,,,,,,,,,,,,,,,,,,,,,,,,,,,,,,,,,,,,,,,,,,,,,Grilled Chicken,130.0,25,2.5,0.5,0,75,540,less than 1 g,0,0,26,,,,
Olive Garden (PDF),Crispy Chicken Fritta,,,,,,,,,,,,,,,,,,,,,,,,,,,,,,,,,,,,,,,,,,,,,,,,,,,,,,,,,,,,,,,,,,,,,,,,,,,,,,,,,,,,,,,,,,,,,,,,,,,,,,,,,,,,,,,,,,,,,Crispy Chicken Fritta,240.0,110,12,1.5,0,50,730,14,1,less than 1 g,20,,,,
Olive Garden (PDF),Meatball,,,,,,,,,,,,,,,,,,,,,,,,,,,,,,,,,,,,,,,,,,,,,,,,,,,,,,,,,,,,,,,,,,,,,,,,,,,,,,,,,,,,,,,,,,,,,,,,,,,,,,,,,,,,,,,,,,,,,Meatball,160.0,120,13,6,0.5,20,350,2,less than 1 g,0,8,,,,
Olive Garden (PDF),Shrimp,,,,,,,,,,,,,,,,,,,,,,,,,,,,,,,,,,,,,,,,,,,,,,,,,,,,,,,,,,,,,,,,,,,,,,,,,,,,,,,,,,,,,,,,,,,,,,,,,,,,,,,,,,,,,,,,,,,,,Shrimp,45.0,0,0,0,0,75,130,0,0,0,10,,,,
Olive Garden (PDF),Entrees,,,,,,,,,,,,,,,,,,,,,,,,,,,,,,,,,,,,,,,,,,,,,,,,,,,,,,,,,,,,,,,,,,,,,,,,,,,,,,,,,,,,,,,,,,,,,,,,,,,,,,,,,,,,,,,,,,,,,Entrees,,,,,,,,,,,,,,,
Olive Garden (PDF),Cheese Ravioli,,,,,,,,,,,,,,,,,,,,,,,,,,,,,,,,,,,,,,,,,,,,,,,,,,,,,,,,,,,,,,,,,,,,,,,,,,,,,,,,,,,,,,,,,,,,,,,,,,,,,,,,,,,,,,,,,,,,,Cheese Ravioli,340.0,150,16,8,0,50,980,33,3,6,17,,,,
Olive Garden (PDF),Cheese Pizza,,,,,,,,,,,,,,,,,,,,,,,,,,,,,,,,,,,,,,,,,,,,,,,,,,,,,,,,,,,,,,,,,,,,,,,,,,,,,,,,,,,,,,,,,,,,,,,,,,,,,,,,,,,,,,,,,,,,,Cheese Pizza,400.0,120,13,7,0,25,720,54,3,4,17,,,,
Olive Garden (PDF),add pepperoni,,,,,,,,,,,,,,,,,,,,,,,,,,,,,,,,,,,,,,,,,,,,,,,,,,,,,,,,,,,,,,,,,,,,,,,,,,,,,,,,,,,,,,,,,,,,,,,,,,,,,,,,,,,,,,,,,,,,,add pepperoni,60.0,50,5,2,0,15,210,0,0,0,2,,,,
Olive Garden (PDF),Chicken Fingers,,,,,,,,,,,,,,,,,,,,,,,,,,,,,,,,,,,,,,,,,,,,,,,,,,,,,,,,,,,,,,,,,,,,,,,,,,,,,,,,,,,,,,,,,,,,,,,,,,,,,,,,,,,,,,,,,,,,,Chicken Fingers,300.0,140,15,1.5,0,65,580,15,0,0,25,,,,
Olive Garden (PDF),Macaroni & Cheese,,,,,,,,,,,,,,,,,,,,,,,,,,,,,,,,,,,,,,,,,,,,,,,,,,,,,,,,,,,,,,,,,,,,,,,,,,,,,,,,,,,,,,,,,,,,,,,,,,,,,,,,,,,,,,,,,,,,,Macaroni & Cheese,360.0,120,14,8,0,40,870,45,2,6,16,,,,
Olive Garden (PDF),Sides,,,,,,,,,,,,,,,,,,,,,,,,,,,,,,,,,,,,,,,,,,,,,,,,,,,,,,,,,,,,,,,,,,,,,,,,,,,,,,,,,,,,,,,,,,,,,,,,,,,,,,,,,,,,,,,,,,,,,Sides,,,,,,,,,,,,,,,
Olive Garden (PDF),Grapes,,,,,,,,,,,,,,,,,,,,,,,,,,,,,,,,,,,,,,,,,,,,,,,,,,,,,,,,,,,,,,,,,,,,,,,,,,,,,,,,,,,,,,,,,,,,,,,,,,,,,,,,,,,,,,,,,,,,,Grapes,40.0,0,0,0,0,0,0,11,less than 1 g,9,0,,,,
Olive Garden (PDF),French Fries,,,,,,,,,,,,,,,,,,,,,,,,,,,,,,,,,,,,,,,,,,,,,,,,,,,,,,,,,,,,,,,,,,,,,,,,,,,,,,,,,,,,,,,,,,,,,,,,,,,,,,,,,,,,,,,,,,,,,French Fries,290.0,130,14,1,0,0,310,37,5,0,5,,,,
Olive Garden (PDF),add ketchup,,,,,,,,,,,,,,,,,,,,,,,,,,,,,,,,,,,,,,,,,,,,,,,,,,,,,,,,,,,,,,,,,,,,,,,,,,,,,,,,,,,,,,,,,,,,,,,,,,,,,,,,,,,,,,,,,,,,,add ketchup,80.0,0,0,0,0,0,640,20,less than 1 g,16,less than 1 g,,,,
Olive Garden (PDF),Mashed Potatoes,,,,,,,,,,,,,,,,,,,,,,,,,,,,,,,,,,,,,,,,,,,,,,,,,,,,,,,,,,,,,,,,,,,,,,,,,,,,,,,,,,,,,,,,,,,,,,,,,,,,,,,,,,,,,,,,,,,,,Mashed Potatoes,200.0,80,8,3,0,10,580,27,3,1,4,,,,
Olive Garden (PDF),Parmesan Garlic Broccoli,,,,,,,,,,,,,,,,,,,,,,,,,,,,,,,,,,,,,,,,,,,,,,,,,,,,,,,,,,,,,,,,,,,,,,,,,,,,,,,,,,,,,,,,,,,,,,,,,,,,,,,,,,,,,,,,,,,,,Parmesan Garlic Broccoli,150.0,110,13,1,0,0,450,8,3,2,5,,,,
Olive Garden (PDF),Spaghetti with Tomato Sauce,,,,,,,,,,,,,,,,,,,,,,,,,,,,,,,,,,,,,,,,,,,,,,,,,,,,,,,,,,,,,,,,,,,,,,,,,,,,,,,,,,,,,,,,,,,,,,,,,,,,,,,,,,,,,,,,,,,,,Spaghetti with Tomato Sauce,180.0,40,4.5,0.5,0,0,290,30,2,5,5,,,,
Olive Garden (PDF),Drinks,,,,,,,,,,,,,,,,,,,,,,,,,,,,,,,,,,,,,,,,,,,,,,,,,,,,,,,,,,,,,,,,,,,,,,,,,,,,,,,,,,,,,,,,,,,,,,,,,,,,,,,,,,,,,,,,,,,,,Drinks,,,,,,,,,,,,,,,
Olive Garden (PDF),"Milk, 1%",,,,,,,,,,,,,,,,,,,,,,,,,,,,,,,,,,,,,,,,,,,,,,,,,,,,,,,,,,,,,,,,,,,,,,,,,,,,,,,,,,,,,,,,,,,,,,,,,,,,,,,,,,,,,,,,,,,,,"Milk, 1%",100.0,20,2.5,1.5,0,10,105,12,0,12,8,,,,
Olive Garden (PDF),"Chocolate Milk, 1%",,,,,,,,,,,,,,,,,,,,,,,,,,,,,,,,,,,,,,,,,,,,,,,,,,,,,,,,,,,,,,,,,,,,,,,,,,,,,,,,,,,,,,,,,,,,,,,,,,,,,,,,,,,,,,,,,,,,,"Chocolate Milk, 1%",180.0,25,2.5,1.5,0,10,135,31,0,29,8,,,,
Olive Garden (PDF),Whole Chocolate Milk,,,,,,,,,,,,,,,,,,,,,,,,,,,,,,,,,,,,,,,,,,,,,,,,,,,,,,,,,,,,,,,,,,,,,,,,,,,,,,,,,,,,,,,,,,,,,,,,,,,,,,,,,,,,,,,,,,,,,Whole Chocolate Milk,210.0,80,8,5,0,30,150,26,2,24,8,,,,
Olive Garden (PDF),Raspberry Lemonade,,,,,,,,,,,,,,,,,,,,,,,,,,,,,,,,,,,,,,,,,,,,,,,,,,,,,,,,,,,,,,,,,,,,,,,,,,,,,,,,,,,,,,,,,,,,,,,,,,,,,,,,,,,,,,,,,,,,,Raspberry Lemonade,110.0,0,0,0,0,0,10,30,0,28,0,,,,
Olive Garden (PDF),Fruit Juices,,,,,,,,,,,,,,,,,,,,,,,,,,,,,,,,,,,,,,,,,,,,,,,,,,,,,,,,,,,,,,,,,,,,,,,,,,,,,,,,,,,,,,,,,,,,,,,,,,,,,,,,,,,,,,,,,,,,,Fruit Juices,,,,,,,,,,,,,,,
Olive Garden (PDF),"Juice, Apple",,,,,,,,,,,,,,,,,,,,,,,,,,,,,,,,,,,,,,,,,,,,,,,,,,,,,,,,,,,,,,,,,,,,,,,,,,,,,,,,,,,,,,,,,,,,,,,,,,,,,,,,,,,,,,,,,,,,,"Juice, Apple",170.0,0,0,0,0,0,50,42,0,42,0,,,,
Olive Garden (PDF),"Juice, Cranberry",,,,,,,,,,,,,,,,,,,,,,,,,,,,,,,,,,,,,,,,,,,,,,,,,,,,,,,,,,,,,,,,,,,,,,,,,,,,,,,,,,,,,,,,,,,,,,,,,,,,,,,,,,,,,,,,,,,,,"Juice, Cranberry",180.0,0,0,0,0,0,50,45,0,45,0,,,,
Olive Garden (PDF),"Juice, Orange",,,,,,,,,,,,,,,,,,,,,,,,,,,,,,,,,,,,,,,,,,,,,,,,,,,,,,,,,,,,,,,,,,,,,,,,,,,,,,,,,,,,,,,,,,,,,,,,,,,,,,,,,,,,,,,,,,,,,"Juice, Orange",180.0,0,0,0,0,0,10,40,0,36,3,,,,
Olive Garden (PDF),"Juice, Pineapple",,,,,,,,,,,,,,,,,,,,,,,,,,,,,,,,,,,,,,,,,,,,,,,,,,,,,,,,,,,,,,,,,,,,,,,,,,,,,,,,,,,,,,,,,,,,,,,,,,,,,,,,,,,,,,,,,,,,,"Juice, Pineapple",200.0,0,0,0,0,0,5,48,less than 1 g,45,1,,,,
Olive Garden (PDF),Dessert,,,,,,,,,,,,,,,,,,,,,,,,,,,,,,,,,,,,,,,,,,,,,,,,,,,,,,,,,,,,,,,,,,,,,,,,,,,,,,,,,,,,,,,,,,,,,,,,,,,,,,,,,,,,,,,,,,,,,Dessert,,,,,,,,,,,,,,,
Olive Garden (PDF),"Smoothie, Strawberry",,,,,,,,,,,,,,,,,,,,,,,,,,,,,,,,,,,,,,,,,,,,,,,,,,,,,,,,,,,,,,,,,,,,,,,,,,,,,,,,,,,,,,,,,,,,,,,,,,,,,,,,,,,,,,,,,,,,,"Smoothie, Strawberry",220.0,0,0,0,0,0,0,60,0,55,0,,,,
Olive Garden (PDF),"Smoothie, Peach",,,,,,,,,,,,,,,,,,,,,,,,,,,,,,,,,,,,,,,,,,,,,,,,,,,,,,,,,,,,,,,,,,,,,,,,,,,,,,,,,,,,,,,,,,,,,,,,,,,,,,,,,,,,,,,,,,,,,"Smoothie, Peach",240.0,0,0,0,0,0,10,61,0,59,0,,,,
Olive Garden (PDF),GLUTEN SENSITIVE MENU,,,,,,,,,,,,,,,,,,,,,,,,,,,,,,,,,,,,,,,,,,,,,,,,,,,,,,,,,,,,,,,,,,,,,,,,,,,,,,,,,,,,,,,,,,,,,,,,,,,,,,,,,,,,,,,,,,,,,GLUTEN SENSITIVE MENU,,,,,,,,,,,,,,,
Olive Garden (PDF),Zuppa Toscana Soup (U.S. only),,,,,,,,,,,,,,,,,,,,,,,,,,,,,,,,,,,,,,,,,,,,,,,,,,,,,,,,,,,,,,,,,,,,,,,,,,,,,,,,,,,,,,,,,,,,,,,,,,,,,,,,,,,,,,,,,,,,,Zuppa Toscana Soup (U.S. only),220.0,130,15,7,0,40,790,15,2,2,7,,,,
Olive Garden (PDF),Salad without Croutons,,,,,,,,,,,,,,,,,,,,,,,,,,,,,,,,,,,,,,,,,,,,,,,,,,,,,,,,,,,,,,,,,,,,,,,,,,,,,,,,,,,,,,,,,,,,,,,,,,,,,,,,,,,,,,,,,,,,,Salad without Croutons,110.0,80,8,1.5,0,less than 5 mg,670,7,2,3,2,,,,
Olive Garden (PDF),6 oz. Tuscan Sirloin,,,,,,,,,,,,,,,,,,,,,,,,,,,,,,,,,,,,,,,,,,,,,,,,,,,,,,,,,,,,,,,,,,,,,,,,,,,,,,,,,,,,,,,,,,,,,,,,,,,,,,,,,,,,,,,,,,,,,6 oz. Tuscan Sirloin,480.0,260,30,10,1,135,1680,9,4,2,46,,,,
Olive Garden (PDF),Grilled Chicken Parmigiana,,,,,,,,,,,,,,,,,,,,,,,,,,,,,,,,,,,,,,,,,,,,,,,,,,,,,,,,,,,,,,,,,,,,,,,,,,,,,,,,,,,,,,,,,,,,,,,,,,,,,,,,,,,,,,,,,,,,,Grilled Chicken Parmigiana,810.0,290,33,13,0,250,3040,59,7,10,75,,,,
Olive Garden (PDF),Herb-Grilled Salmon,,,,,,,,,,,,,,,,,,,,,,,,,,,,,,,,,,,,,,,,,,,,,,,,,,,,,,,,,,,,,,,,,,,,,,,,,,,,,,,,,,,,,,,,,,,,,,,,,,,,,,,,,,,,,,,,,,,,,Herb-Grilled Salmon,610.0,400,45,11,0,130,1360,9,4,3,45,,,,
Olive Garden (PDF),Herb-Grilled Salmon Coho (Regional),,,,,,,,,,,,,,,,,,,,,,,,,,,,,,,,,,,,,,,,,,,,,,,,,,,,,,,,,,,,,,,,,,,,,,,,,,,,,,,,,,,,,,,,,,,,,,,,,,,,,,,,,,,,,,,,,,,,,Herb-Grilled Salmon Coho (Regional),510.0,270,31,9,0,130,1020,9,4,2,50,,,,
Olive Garden (PDF),Rotini Pasta with Marinara,,,,,,,,,,,,,,,,,,,,,,,,,,,,,,,,,,,,,,,,,,,,,,,,,,,,,,,,,,,,,,,,,,,,,,,,,,,,,,,,,,,,,,,,,,,,,,,,,,,,,,,,,,,,,,,,,,,,,Rotini Pasta with Marinara,530.0,110,12,0.5,0,100,1530,94,8,10,13,,,,
Olive Garden (PDF),Rotini Pasta with Meat Sauce,,,,,,,,,,,,,,,,,,,,,,,,,,,,,,,,,,,,,,,,,,,,,,,,,,,,,,,,,,,,,,,,,,,,,,,,,,,,,,,,,,,,,,,,,,,,,,,,,,,,,,,,,,,,,,,,,,,,,Rotini Pasta with Meat Sauce,680.0,200,22,7,0,160,1300,96,6,13,23,,,,
Olive Garden (PDF),Kids Grilled Chicken with Rotini Pasta & Marinara,,,,,,,,,,,,,,,,,,,,,,,,,,,,,,,,,,,,,,,,,,,,,,,,,,,,,,,,,,,,,,,,,,,,,,,,,,,,,,,,,,,,,,,,,,,,,,,,,,,,,,,,,,,,,,,,,,,,,Kids Grilled Chicken with Rotini Pasta & Marinara,430.0,80,9,1,0,120,1310,58,5,14,33,,,,
Olive Garden (PDF),Kids Rotini Pasta with Marinara,,,,,,,,,,,,,,,,,,,,,,,,,,,,,,,,,,,,,,,,,,,,,,,,,,,,,,,,,,,,,,,,,,,,,,,,,,,,,,,,,,,,,,,,,,,,,,,,,,,,,,,,,,,,,,,,,,,,,Kids Rotini Pasta with Marinara,260.0,50,6,0,0,50,770,47,4,5,6,,,,
Olive Garden (PDF),Kids Rotini Pasta with Meat Sauce,,,,,,,,,,,,,,,,,,,,,,,,,,,,,,,,,,,,,,,,,,,,,,,,,,,,,,,,,,,,,,,,,,,,,,,,,,,,,,,,,,,,,,,,,,,,,,,,,,,,,,,,,,,,,,,,,,,,,Kids Rotini Pasta with Meat Sauce,340.0,100,11,3.5,0,80,650,48,3,7,12,,,,
Olive Garden (PDF),DRINKS,,,,,,,,,,,,,,,,,,,,,,,,,,,,,,,,,,,,,,,,,,,,,,,,,,,,,,,,,,,,,,,,,,,,,,,,,,,,,,,,,,,,,,,,,,,,,,,,,,,,,,,,,,,,,,,,,,,,,DRINKS,,,,,,,,,,,,,,,
Olive Garden (PDF),Cocktails,,,,,,,,,,,,,,,,,,,,,,,,,,,,,,,,,,,,,,,,,,,,,,,,,,,,,,,,,,,,,,,,,,,,,,,,,,,,,,,,,,,,,,,,,,,,,,,,,,,,,,,,,,,,,,,,,,,,,Cocktails,,,,,,,,,,,,,,,
Olive Garden (PDF),Amaretto Sour,,,,,,,,,,,,,,,,,,,,,,,,,,,,,,,,,,,,,,,,,,,,,,,,,,,,,,,,,,,,,,,,,,,,,,,,,,,,,,,,,,,,,,,,,,,,,,,,,,,,,,,,,,,,,,,,,,,,,Amaretto Sour,260.0,0,0,0,0,0,20,44,2,38,0,,,,
Olive Garden (PDF),Blue Capri,,,,,,,,,,,,,,,,,,,,,,,,,,,,,,,,,,,,,,,,,,,,,,,,,,,,,,,,,,,,,,,,,,,,,,,,,,,,,,,,,,,,,,,,,,,,,,,,,,,,,,,,,,,,,,,,,,,,,Blue Capri,290.0,0,0,0,0,0,20,49,2,45,0,,,,
Olive Garden (PDF),Italian Margarita,,,,,,,,,,,,,,,,,,,,,,,,,,,,,,,,,,,,,,,,,,,,,,,,,,,,,,,,,,,,,,,,,,,,,,,,,,,,,,,,,,,,,,,,,,,,,,,,,,,,,,,,,,,,,,,,,,,,,Italian Margarita,380.0,0,0,0,0,0,30,58,4,49,less than 1 g,,,,
Olive Garden (PDF),Italian Rum Punch,,,,,,,,,,,,,,,,,,,,,,,,,,,,,,,,,,,,,,,,,,,,,,,,,,,,,,,,,,,,,,,,,,,,,,,,,,,,,,,,,,,,,,,,,,,,,,,,,,,,,,,,,,,,,,,,,,,,,Italian Rum Punch,320.0,0,0,0,0,0,30,48,3,41,0,,,,
Olive Garden (PDF),Strawberry Limoncello Margarita,,,,,,,,,,,,,,,,,,,,,,,,,,,,,,,,,,,,,,,,,,,,,,,,,,,,,,,,,,,,,,,,,,,,,,,,,,,,,,,,,,,,,,,,,,,,,,,,,,,,,,,,,,,,,,,,,,,,,Strawberry Limoncello Margarita,280.0,0,0,0,0,0,15,43,2,38,0,,,,
Olive Garden (PDF),Sicilian Sunset,,,,,,,,,,,,,,,,,,,,,,,,,,,,,,,,,,,,,,,,,,,,,,,,,,,,,,,,,,,,,,,,,,,,,,,,,,,,,,,,,,,,,,,,,,,,,,,,,,,,,,,,,,,,,,,,,,,,,Sicilian Sunset,230.0,0,0,0,0,0,5,35,0,33,0,,,,
Olive Garden (PDF),Spiked Strawberry Lemonade,,,,,,,,,,,,,,,,,,,,,,,,,,,,,,,,,,,,,,,,,,,,,,,,,,,,,,,,,,,,,,,,,,,,,,,,,,,,,,,,,,,,,,,,,,,,,,,,,,,,,,,,,,,,,,,,,,,,,Spiked Strawberry Lemonade,160.0,0,0,0,0,0,10,21,0,20,0,,,,
Olive Garden (PDF),Peach Bellini,,,,,,,,,,,,,,,,,,,,,,,,,,,,,,,,,,,,,,,,,,,,,,,,,,,,,,,,,,,,,,,,,,,,,,,,,,,,,,,,,,,,,,,,,,,,,,,,,,,,,,,,,,,,,,,,,,,,,Peach Bellini,210.0,0,0,0,0,0,10,23,0,21,less than 1 g,,,,
Olive Garden (PDF),Sangrias,,,,,,,,,,,,,,,,,,,,,,,,,,,,,,,,,,,,,,,,,,,,,,,,,,,,,,,,,,,,,,,,,,,,,,,,,,,,,,,,,,,,,,,,,,,,,,,,,,,,,,,,,,,,,,,,,,,,,Sangrias,,,,,,,,,,,,,,,
Olive Garden (PDF),Green Apple Moscato Sangria (Glass),,,,,,,,,,,,,,,,,,,,,,,,,,,,,,,,,,,,,,,,,,,,,,,,,,,,,,,,,,,,,,,,,,,,,,,,,,,,,,,,,,,,,,,,,,,,,,,,,,,,,,,,,,,,,,,,,,,,,Green Apple Moscato Sangria (Glass),200.0,0,0,0,0,0,15,39,0,37,0,,,,
Olive Garden (PDF),Green Apple Moscato Sangria (Pitcher),,,,,,,,,,,,,,,,,,,,,,,,,,,,,,,,,,,,,,,,,,,,,,,,,,,,,,,,,,,,,,,,,,,,,,,,,,,,,,,,,,,,,,,,,,,,,,,,,,,,,,,,,,,,,,,,,,,,,Green Apple Moscato Sangria (Pitcher),830.0,0,0,0,0,0,50,161,3,150,2,,,,
Olive Garden (PDF),Berry Sangria (Glass),,,,,,,,,,,,,,,,,,,,,,,,,,,,,,,,,,,,,,,,,,,,,,,,,,,,,,,,,,,,,,,,,,,,,,,,,,,,,,,,,,,,,,,,,,,,,,,,,,,,,,,,,,,,,,,,,,,,,Berry Sangria (Glass),210.0,0,0,0,0,0,5,30,0,27,0,,,,
Olive Garden (PDF),Berry Sangria (Pitcher),,,,,,,,,,,,,,,,,,,,,,,,,,,,,,,,,,,,,,,,,,,,,,,,,,,,,,,,,,,,,,,,,,,,,,,,,,,,,,,,,,,,,,,,,,,,,,,,,,,,,,,,,,,,,,,,,,,,,Berry Sangria (Pitcher),870.0,0,0,0,0,0,25,126,3,112,1,,,,
Olive Garden (PDF),Watermelon Moscato Sangria (Glass),,,,,,,,,,,,,,,,,,,,,,,,,,,,,,,,,,,,,,,,,,,,,,,,,,,,,,,,,,,,,,,,,,,,,,,,,,,,,,,,,,,,,,,,,,,,,,,,,,,,,,,,,,,,,,,,,,,,,Watermelon Moscato Sangria (Glass),180.0,0,0,0,0,0,15,34,0,31,0,,,,
Olive Garden (PDF),Watermelon Moscato Sangria (Pitcher),,,,,,,,,,,,,,,,,,,,,,,,,,,,,,,,,,,,,,,,,,,,,,,,,,,,,,,,,,,,,,,,,,,,,,,,,,,,,,,,,,,,,,,,,,,,,,,,,,,,,,,,,,,,,,,,,,,,,Watermelon Moscato Sangria (Pitcher),720.0,0,0,0,0,0,60,138,3,128,less than 1 g,,,,
Olive Garden (PDF),Wines,,,,,,,,,,,,,,,,,,,,,,,,,,,,,,,,,,,,,,,,,,,,,,,,,,,,,,,,,,,,,,,,,,,,,,,,,,,,,,,,,,,,,,,,,,,,,,,,,,,,,,,,,,,,,,,,,,,,,Wines,,,,,,,,,,,,,,,
Olive Garden (PDF),Whites and Rosé - Glass,,,,,,,,,,,,,,,,,,,,,,,,,,,,,,,,,,,,,,,,,,,,,,,,,,,,,,,,,,,,,,,,,,,,,,,,,,,,,,,,,,,,,,,,,,,,,,,,,,,,,,,,,,,,,,,,,,,,,Whites and Rosé - Glass,150.0,0,0,0,0,0,10,4,0,2,0,,,,
Olive Garden (PDF),Whites and Rosé - Grande Pour,,,,,,,,,,,,,,,,,,,,,,,,,,,,,,,,,,,,,,,,,,,,,,,,,,,,,,,,,,,,,,,,,,,,,,,,,,,,,,,,,,,,,,,,,,,,,,,,,,,,,,,,,,,,,,,,,,,,,Whites and Rosé - Grande Pour,220.0,0,0,0,0,0,15,6,0,3,0,,,,
Olive Garden (PDF),Whites and Rosé - Bottle,,,,,,,,,,,,,,,,,,,,,,,,,,,,,,,,,,,,,,,,,,,,,,,,,,,,,,,,,,,,,,,,,,,,,,,,,,,,,,,,,,,,,,,,,,,,,,,,,,,,,,,,,,,,,,,,,,,,,Whites and Rosé - Bottle,630.0,0,0,0,0,0,35,16,0,7,less than 1 g,,,,
Olive Garden (PDF),Reds - Glass,,,,,,,,,,,,,,,,,,,,,,,,,,,,,,,,,,,,,,,,,,,,,,,,,,,,,,,,,,,,,,,,,,,,,,,,,,,,,,,,,,,,,,,,,,,,,,,,,,,,,,,,,,,,,,,,,,,,,Reds - Glass,160.0,0,0,0,0,0,0,5,0,1,0,,,,
Olive Garden (PDF),Reds - Grande Pour,,,,,,,,,,,,,,,,,,,,,,,,,,,,,,,,,,,,,,,,,,,,,,,,,,,,,,,,,,,,,,,,,,,,,,,,,,,,,,,,,,,,,,,,,,,,,,,,,,,,,,,,,,,,,,,,,,,,,Reds - Grande Pour,230.0,0,0,0,0,0,0,8,0,2,0,,,,
Olive Garden (PDF),Reds - Bottle,,,,,,,,,,,,,,,,,,,,,,,,,,,,,,,,,,,,,,,,,,,,,,,,,,,,,,,,,,,,,,,,,,,,,,,,,,,,,,,,,,,,,,,,,,,,,,,,,,,,,,,,,,,,,,,,,,,,,Reds - Bottle,660.0,0,0,0,0,0,0,21,0,5,less than 1 g,,,,
Olive Garden (PDF),Sparkling Prosecco - Glass,,,,,,,,,,,,,,,,,,,,,,,,,,,,,,,,,,,,,,,,,,,,,,,,,,,,,,,,,,,,,,,,,,,,,,,,,,,,,,,,,,,,,,,,,,,,,,,,,,,,,,,,,,,,,,,,,,,,,Sparkling Prosecco - Glass,160.0,0,0,0,0,0,10,10,0,10,less than 1 g,,,,
Olive Garden (PDF),Sparkling Prosecco - Bottle,,,,,,,,,,,,,,,,,,,,,,,,,,,,,,,,,,,,,,,,,,,,,,,,,,,,,,,,,,,,,,,,,,,,,,,,,,,,,,,,,,,,,,,,,,,,,,,,,,,,,,,,,,,,,,,,,,,,,Sparkling Prosecco - Bottle,660.0,0,0,0,0,0,0,21,0,5,less than 1 g,,,,
Olive Garden (PDF),Beers,,,,,,,,,,,,,,,,,,,,,,,,,,,,,,,,,,,,,,,,,,,,,,,,,,,,,,,,,,,,,,,,,,,,,,,,,,,,,,,,,,,,,,,,,,,,,,,,,,,,,,,,,,,,,,,,,,,,,Beers,,,,,,,,,,,,,,,
Olive Garden (PDF),Light Draft (16 oz),,,,,,,,,,,,,,,,,,,,,,,,,,,,,,,,,,,,,,,,,,,,,,,,,,,,,,,,,,,,,,,,,,,,,,,,,,,,,,,,,,,,,,,,,,,,,,,,,,,,,,,,,,,,,,,,,,,,,Light Draft (16 oz),140.0,0,0,0,0,0,15,6,0,6,1,,,,
Olive Garden (PDF),Light Draft (22 oz),,,,,,,,,,,,,,,,,,,,,,,,,,,,,,,,,,,,,,,,,,,,,,,,,,,,,,,,,,,,,,,,,,,,,,,,,,,,,,,,,,,,,,,,,,,,,,,,,,,,,,,,,,,,,,,,,,,,,Light Draft (22 oz),190.0,0,0,0,0,0,20,8,0,8,2,,,,
Olive Garden (PDF),Regular Draft (16 oz),,,,,,,,,,,,,,,,,,,,,,,,,,,,,,,,,,,,,,,,,,,,,,,,,,,,,,,,,,,,,,,,,,,,,,,,,,,,,,,,,,,,,,,,,,,,,,,,,,,,,,,,,,,,,,,,,,,,,Regular Draft (16 oz),230.0,0,0,0,0,0,5,16,0,14,3,,,,
Olive Garden (PDF),Regular Draft (22 oz),,,,,,,,,,,,,,,,,,,,,,,,,,,,,,,,,,,,,,,,,,,,,,,,,,,,,,,,,,,,,,,,,,,,,,,,,,,,,,,,,,,,,,,,,,,,,,,,,,,,,,,,,,,,,,,,,,,,,Regular Draft (22 oz),310.0,0,0,0,0,0,5,22,0,20,4,,,,
Olive Garden (PDF),"Bottle, Light",,,,,,,,,,,,,,,,,,,,,,,,,,,,,,,,,,,,,,,,,,,,,,,,,,,,,,,,,,,,,,,,,,,,,,,,,,,,,,,,,,,,,,,,,,,,,,,,,,,,,,,,,,,,,,,,,,,,,"Bottle, Light",100.0,0,0,0,0,0,10,5,0,5,less than 1 g,,,,
Olive Garden (PDF),"Bottle, Regular",,,,,,,,,,,,,,,,,,,,,,,,,,,,,,,,,,,,,,,,,,,,,,,,,,,,,,,,,,,,,,,,,,,,,,,,,,,,,,,,,,,,,,,,,,,,,,,,,,,,,,,,,,,,,,,,,,,,,"Bottle, Regular",150.0,0,0,0,0,0,10,11,0,11,1,,,,
Olive Garden (PDF),"Bottle, Angry Orchard Hard Cider",,,,,,,,,,,,,,,,,,,,,,,,,,,,,,,,,,,,,,,,,,,,,,,,,,,,,,,,,,,,,,,,,,,,,,,,,,,,,,,,,,,,,,,,,,,,,,,,,,,,,,,,,,,,,,,,,,,,,"Bottle, Angry Orchard Hard Cider",220.0,0,0,0,0,0,10,31,0,23,0,,,,
Olive Garden (PDF),"Bottle, Non-Alcoholic",,,,,,,,,,,,,,,,,,,,,,,,,,,,,,,,,,,,,,,,,,,,,,,,,,,,,,,,,,,,,,,,,,,,,,,,,,,,,,,,,,,,,,,,,,,,,,,,,,,,,,,,,,,,,,,,,,,,,"Bottle, Non-Alcoholic",70.0,0,0,0,0,0,10,13,0,13,less than 1 g,,,,
Olive Garden (PDF),NON-ALCOHOLIC DRINKS,,,,,,,,,,,,,,,,,,,,,,,,,,,,,,,,,,,,,,,,,,,,,,,,,,,,,,,,,,,,,,,,,,,,,,,,,,,,,,,,,,,,,,,,,,,,,,,,,,,,,,,,,,,,,,,,,,,,,NON-ALCOHOLIC DRINKS,,,,,,,,,,,,,,,
Olive Garden (PDF),Coffee,,,,,,,,,,,,,,,,,,,,,,,,,,,,,,,,,,,,,,,,,,,,,,,,,,,,,,,,,,,,,,,,,,,,,,,,,,,,,,,,,,,,,,,,,,,,,,,,,,,,,,,,,,,,,,,,,,,,,Coffee,0.0,0,0,0,0,0,0,0,0,0,0,,,,
Olive Garden (PDF),Tea,,,,,,,,,,,,,,,,,,,,,,,,,,,,,,,,,,,,,,,,,,,,,,,,,,,,,,,,,,,,,,,,,,,,,,,,,,,,,,,,,,,,,,,,,,,,,,,,,,,,,,,,,,,,,,,,,,,,,Tea,0.0,0,0,0,0,0,5,less than 1 g,0,0,0,,,,
Olive Garden (PDF),Cappuccino,,,,,,,,,,,,,,,,,,,,,,,,,,,,,,,,,,,,,,,,,,,,,,,,,,,,,,,,,,,,,,,,,,,,,,,,,,,,,,,,,,,,,,,,,,,,,,,,,,,,,,,,,,,,,,,,,,,,,Cappuccino,150.0,60,6,3,0,30,70,13,less than 1 g,10,9,,,,
Olive Garden (PDF),Iced Coffee - Caramel,,,,,,,,,,,,,,,,,,,,,,,,,,,,,,,,,,,,,,,,,,,,,,,,,,,,,,,,,,,,,,,,,,,,,,,,,,,,,,,,,,,,,,,,,,,,,,,,,,,,,,,,,,,,,,,,,,,,,Iced Coffee - Caramel,250.0,60,7,4,0,20,90,40,0,31,7,,,,
Olive Garden (PDF),Iced Coffee - Traditional,,,,,,,,,,,,,,,,,,,,,,,,,,,,,,,,,,,,,,,,,,,,,,,,,,,,,,,,,,,,,,,,,,,,,,,,,,,,,,,,,,,,,,,,,,,,,,,,,,,,,,,,,,,,,,,,,,,,,Iced Coffee - Traditional,210.0,60,7,4,0,20,90,29,0,21,7,,,,
Olive Garden (PDF),Iced Coffee - Vanilla,,,,,,,,,,,,,,,,,,,,,,,,,,,,,,,,,,,,,,,,,,,,,,,,,,,,,,,,,,,,,,,,,,,,,,,,,,,,,,,,,,,,,,,,,,,,,,,,,,,,,,,,,,,,,,,,,,,,,Iced Coffee - Vanilla,240.0,60,7,4,0,20,90,38,0,30,7,,,,
Olive Garden (PDF),Lavazza Espresso,,,,,,,,,,,,,,,,,,,,,,,,,,,,,,,,,,,,,,,,,,,,,,,,,,,,,,,,,,,,,,,,,,,,,,,,,,,,,,,,,,,,,,,,,,,,,,,,,,,,,,,,,,,,,,,,,,,,,Lavazza Espresso,60.0,10,1.5,0,0,15,15,6,less than 1 g,3,5,,,,
Olive Garden (PDF),"Iced Tea, Bellini Peach-Raspberry",,,,,,,,,,,,,,,,,,,,,,,,,,,,,,,,,,,,,,,,,,,,,,,,,,,,,,,,,,,,,,,,,,,,,,,,,,,,,,,,,,,,,,,,,,,,,,,,,,,,,,,,,,,,,,,,,,,,,"Iced Tea, Bellini Peach-Raspberry",80.0,0,0,0,0,0,10,18,0,17,0,,,,
Olive Garden (PDF),"Iced Tea, Mango-Passion Fruit",,,,,,,,,,,,,,,,,,,,,,,,,,,,,,,,,,,,,,,,,,,,,,,,,,,,,,,,,,,,,,,,,,,,,,,,,,,,,,,,,,,,,,,,,,,,,,,,,,,,,,,,,,,,,,,,,,,,,"Iced Tea, Mango-Passion Fruit",100.0,0,0,0,0,0,15,26,0,24,0,,,,
Olive Garden (PDF),Italian Bottled Water,,,,,,,,,,,,,,,,,,,,,,,,,,,,,,,,,,,,,,,,,,,,,,,,,,,,,,,,,,,,,,,,,,,,,,,,,,,,,,,,,,,,,,,,,,,,,,,,,,,,,,,,,,,,,,,,,,,,,Italian Bottled Water,0.0,0,0,0,0,0,0,0,0,0,0,,,,
Olive Garden (PDF),"Lemonade, Classic",,,,,,,,,,,,,,,,,,,,,,,,,,,,,,,,,,,,,,,,,,,,,,,,,,,,,,,,,,,,,,,,,,,,,,,,,,,,,,,,,,,,,,,,,,,,,,,,,,,,,,,,,,,,,,,,,,,,,"Lemonade, Classic",170.0,0,0,0,0,0,20,43,0,42,0,,,,
Olive Garden (PDF),"Lemonade, Raspberry",,,,,,,,,,,,,,,,,,,,,,,,,,,,,,,,,,,,,,,,,,,,,,,,,,,,,,,,,,,,,,,,,,,,,,,,,,,,,,,,,,,,,,,,,,,,,,,,,,,,,,,,,,,,,,,,,,,,,"Lemonade, Raspberry",160.0,0,0,0,0,0,15,45,0,42,0,,,,
Olive Garden (PDF),"Limonata, Desert Pear",,,,,,,,,,,,,,,,,,,,,,,,,,,,,,,,,,,,,,,,,,,,,,,,,,,,,,,,,,,,,,,,,,,,,,,,,,,,,,,,,,,,,,,,,,,,,,,,,,,,,,,,,,,,,,,,,,,,,"Limonata, Desert Pear",240.0,0,0,0,0,0,20,60,0,57,0,,,,
Olive Garden (PDF),"Limonata, Strawberry-Passion Fruit",,,,,,,,,,,,,,,,,,,,,,,,,,,,,,,,,,,,,,,,,,,,,,,,,,,,,,,,,,,,,,,,,,,,,,,,,,,,,,,,,,,,,,,,,,,,,,,,,,,,,,,,,,,,,,,,,,,,,"Limonata, Strawberry-Passion Fruit",180.0,0,0,0,0,0,30,48,0,44,0,,,,
Olive Garden (PDF),Fountain Drinks,,,,,,,,,,,,,,,,,,,,,,,,,,,,,,,,,,,,,,,,,,,,,,,,,,,,,,,,,,,,,,,,,,,,,,,,,,,,,,,,,,,,,,,,,,,,,,,,,,,,,,,,,,,,,,,,,,,,,Fountain Drinks,,,,,,,,,,,,,,,
Olive Garden (PDF),Coke,,,,,,,,,,,,,,,,,,,,,,,,,,,,,,,,,,,,,,,,,,,,,,,,,,,,,,,,,,,,,,,,,,,,,,,,,,,,,,,,,,,,,,,,,,,,,,,,,,,,,,,,,,,,,,,,,,,,,Coke,140.0,0,0,0,0,0,45,39,0,39,0,,,,
Olive Garden (PDF),Coke Zero,,,,,,,,,,,,,,,,,,,,,,,,,,,,,,,,,,,,,,,,,,,,,,,,,,,,,,,,,,,,,,,,,,,,,,,,,,,,,,,,,,,,,,,,,,,,,,,,,,,,,,,,,,,,,,,,,,,,,Coke Zero,0.0,0,0,0,0,0,40,0,0,0,0,,,,
Olive Garden (PDF),Diet Coke,,,,,,,,,,,,,,,,,,,,,,,,,,,,,,,,,,,,,,,,,,,,,,,,,,,,,,,,,,,,,,,,,,,,,,,,,,,,,,,,,,,,,,,,,,,,,,,,,,,,,,,,,,,,,,,,,,,,,Diet Coke,0.0,0,0,0,0,0,40,0,0,0,0,,,,
Olive Garden (PDF),Dr. Pepper,,,,,,,,,,,,,,,,,,,,,,,,,,,,,,,,,,,,,,,,,,,,,,,,,,,,,,,,,,,,,,,,,,,,,,,,,,,,,,,,,,,,,,,,,,,,,,,,,,,,,,,,,,,,,,,,,,,,,Dr. Pepper,150.0,0,0,0,0,0,55,41,0,41,0,,,,
Olive Garden (PDF),Minute Maid Lemonade,,,,,,,,,,,,,,,,,,,,,,,,,,,,,,,,,,,,,,,,,,,,,,,,,,,,,,,,,,,,,,,,,,,,,,,,,,,,,,,,,,,,,,,,,,,,,,,,,,,,,,,,,,,,,,,,,,,,,Minute Maid Lemonade,170.0,0,0,0,0,0,20,43,0,42,0,,,,
Olive Garden (PDF),Sprite,,,,,,,,,,,,,,,,,,,,,,,,,,,,,,,,,,,,,,,,,,,,,,,,,,,,,,,,,,,,,,,,,,,,,,,,,,,,,,,,,,,,,,,,,,,,,,,,,,,,,,,,,,,,,,,,,,,,,Sprite,140.0,0,0,0,0,0,65,38,0,38,0,,,,
Olive Garden (PDF),Fruit Juices,,,,,,,,,,,,,,,,,,,,,,,,,,,,,,,,,,,,,,,,,,,,,,,,,,,,,,,,,,,,,,,,,,,,,,,,,,,,,,,,,,,,,,,,,,,,,,,,,,,,,,,,,,,,,,,,,,,,,Fruit Juices,,,,,,,,,,,,,,,
Olive Garden (PDF),"Juice, Apple",,,,,,,,,,,,,,,,,,,,,,,,,,,,,,,,,,,,,,,,,,,,,,,,,,,,,,,,,,,,,,,,,,,,,,,,,,,,,,,,,,,,,,,,,,,,,,,,,,,,,,,,,,,,,,,,,,,,,"Juice, Apple",210.0,0,0,0,0,0,65,53,0,53,0,,,,
Olive Garden (PDF),"Juice, Cranberry",,,,,,,,,,,,,,,,,,,,,,,,,,,,,,,,,,,,,,,,,,,,,,,,,,,,,,,,,,,,,,,,,,,,,,,,,,,,,,,,,,,,,,,,,,,,,,,,,,,,,,,,,,,,,,,,,,,,,"Juice, Cranberry",230.0,0,0,0,0,0,65,56,0,56,0,,,,
Olive Garden (PDF),"Juice, Grapefruit",,,,,,,,,,,,,,,,,,,,,,,,,,,,,,,,,,,,,,,,,,,,,,,,,,,,,,,,,,,,,,,,,,,,,,,,,,,,,,,,,,,,,,,,,,,,,,,,,,,,,,,,,,,,,,,,,,,,,"Juice, Grapefruit",190.0,0,0,0,0,0,45,42,0,32,4,,,,
Olive Garden (PDF),"Juice, Orange",,,,,,,,,,,,,,,,,,,,,,,,,,,,,,,,,,,,,,,,,,,,,,,,,,,,,,,,,,,,,,,,,,,,,,,,,,,,,,,,,,,,,,,,,,,,,,,,,,,,,,,,,,,,,,,,,,,,,"Juice, Orange",230.0,0,0,0,0,0,10,51,0,45,4,,,,
Olive Garden (PDF),"Juice, Pineapple",,,,,,,,,,,,,,,,,,,,,,,,,,,,,,,,,,,,,,,,,,,,,,,,,,,,,,,,,,,,,,,,,,,,,,,,,,,,,,,,,,,,,,,,,,,,,,,,,,,,,,,,,,,,,,,,,,,,,"Juice, Pineapple",250.0,0,0.5,0,0,0,10,60,less than 1 g,56,2,,,,
Olive Garden (PDF),"Juice, Tomato",,,,,,,,,,,,,,,,,,,,,,,,,,,,,,,,,,,,,,,,,,,,,,,,,,,,,,,,,,,,,,,,,,,,,,,,,,,,,,,,,,,,,,,,,,,,,,,,,,,,,,,,,,,,,,,,,,,,,"Juice, Tomato",90.0,0,0,0,0,0,1280,19,4,13,4,,,,
Olive Garden (PDF),TO GO & CATERING MENU,,,,,,,,,,,,,,,,,,,,,,,,,,,,,,,,,,,,,,,,,,,,,,,,,,,,,,,,,,,,,,,,,,,,,,,,,,,,,,,,,,,,,,,,,,,,,,,,,,,,,,,,,,,,,,,,,,,,,TO GO & CATERING MENU,,,,,,,,,,,,,,,
Olive Garden (PDF),Take Home Entrées,,,,,,,,,,,,,,,,,,,,,,,,,,,,,,,,,,,,,,,,,,,,,,,,,,,,,,,,,,,,,,,,,,,,,,,,,,,,,,,,,,,,,,,,,,,,,,,,,,,,,,,,,,,,,,,,,,,,,Take Home Entrées,,,,,,,,,,,,,,,
Olive Garden (PDF),Fettuccine Alfredo,,,,,,,,,,,,,,,,,,,,,,,,,,,,,,,,,,,,,,,,,,,,,,,,,,,,,,,,,,,,,,,,,,,,,,,,,,,,,,,,,,,,,,,,,,,,,,,,,,,,,,,,,,,,,,,,,,,,,Fettuccine Alfredo,1220.0,800,89,55,2,285,1210,78,3,5,27,,,,
Olive Garden (PDF),Five Cheese Ziti al Forno,,,,,,,,,,,,,,,,,,,,,,,,,,,,,,,,,,,,,,,,,,,,,,,,,,,,,,,,,,,,,,,,,,,,,,,,,,,,,,,,,,,,,,,,,,,,,,,,,,,,,,,,,,,,,,,,,,,,,Five Cheese Ziti al Forno,1050.0,530,59,31,1,145,2060,93,6,14,42,,,,
Olive Garden (PDF),Spaghetti with Meat Sauce,,,,,,,,,,,,,,,,,,,,,,,,,,,,,,,,,,,,,,,,,,,,,,,,,,,,,,,,,,,,,,,,,,,,,,,,,,,,,,,,,,,,,,,,,,,,,,,,,,,,,,,,,,,,,,,,,,,,,Spaghetti with Meat Sauce,640.0,200,22,7,0,60,1050,85,4,17,26,,,,
Olive Garden (PDF),To Go - Soups & Salad,,,,,,,,,,,,,,,,,,,,,,,,,,,,,,,,,,,,,,,,,,,,,,,,,,,,,,,,,,,,,,,,,,,,,,,,,,,,,,,,,,,,,,,,,,,,,,,,,,,,,,,,,,,,,,,,,,,,,To Go - Soups & Salad,,,,,,,,,,,,,,,
Olive Garden (PDF),Famous House Salad To Go,,,,,,,,,,,,,,,,,,,,,,,,,,,,,,,,,,,,,,,,,,,,,,,,,,,,,,,,,,,,,,,,,,,,,,,,,,,,,,,,,,,,,,,,,,,,,,,,,,,,,,,,,,,,,,,,,,,,,Famous House Salad To Go,290.0,150,17,2.5,0,10,1380,30,6,10,8,,,,
Olive Garden (PDF),"Chicken & Gnocchi (Per One Serving, Serves Two)",,,,,,,,,,,,,,,,,,,,,,,,,,,,,,,,,,,,,,,,,,,,,,,,,,,,,,,,,,,,,,,,,,,,,,,,,,,,,,,,,,,,,,,,,,,,,,,,,,,,,,,,,,,,,,,,,,,,,"Chicken & Gnocchi (Per One Serving, Serves Two)",230.0,100,12,4.5,0,55,1290,22,1,4,11,,,,
Olive Garden (PDF),"Minestrone (Per One Serving, Serves Two)",,,,,,,,,,,,,,,,,,,,,,,,,,,,,,,,,,,,,,,,,,,,,,,,,,,,,,,,,,,,,,,,,,,,,,,,,,,,,,,,,,,,,,,,,,,,,,,,,,,,,,,,,,,,,,,,,,,,,"Minestrone (Per One Serving, Serves Two)",110.0,10,1,0,0,0,810,17,4,4,5,,,,
Olive Garden (PDF),"Pasta Fagioli (Per One Serving, Serves Two)",,,,,,,,,,,,,,,,,,,,,,,,,,,,,,,,,,,,,,,,,,,,,,,,,,,,,,,,,,,,,,,,,,,,,,,,,,,,,,,,,,,,,,,,,,,,,,,,,,,,,,,,,,,,,,,,,,,,,"Pasta Fagioli (Per One Serving, Serves Two)",150.0,50,5,2,0,15,710,16,3,4,8,,,,
Olive Garden (PDF),"Zuppa Toscana (Per One Serving, Serves Two)",,,,,,,,,,,,,,,,,,,,,,,,,,,,,,,,,,,,,,,,,,,,,,,,,,,,,,,,,,,,,,,,,,,,,,,,,,,,,,,,,,,,,,,,,,,,,,,,,,,,,,,,,,,,,,,,,,,,,"Zuppa Toscana (Per One Serving, Serves Two)",220.0,130,15,7,0,40,790,15,2,2,7,,,,
Olive Garden (PDF),"Stellini Soup (Per One Serving, Serves Two)",,,,,,,,,,,,,,,,,,,,,,,,,,,,,,,,,,,,,,,,,,,,,,,,,,,,,,,,,,,,,,,,,,,,,,,,,,,,,,,,,,,,,,,,,,,,,,,,,,,,,,,,,,,,,,,,,,,,,"Stellini Soup (Per One Serving, Serves Two)",200.0,70,7,2.5,0,20,1240,22,1,2,9,,,,
Olive Garden (PDF),Catering - Soups & Salad,,,,,,,,,,,,,,,,,,,,,,,,,,,,,,,,,,,,,,,,,,,,,,,,,,,,,,,,,,,,,,,,,,,,,,,,,,,,,,,,,,,,,,,,,,,,,,,,,,,,,,,,,,,,,,,,,,,,,Catering - Soups & Salad,,,,,,,,,,,,,,,
Olive Garden (PDF),Jumbo Famous House Salad (Serves 6),,,,,,,,,,,,,,,,,,,,,,,,,,,,,,,,,,,,,,,,,,,,,,,,,,,,,,,,,,,,,,,,,,,,,,,,,,,,,,,,,,,,,,,,,,,,,,,,,,,,,,,,,,,,,,,,,,,,,Jumbo Famous House Salad (Serves 6),1650.0,1020,114,17,1.5,55,8260,134,17,36,30,,,,
Olive Garden (PDF),Half-Gallon Soups (Serves 6):,,,,,,,,,,,,,,,,,,,,,,,,,,,,,,,,,,,,,,,,,,,,,,,,,,,,,,,,,,,,,,,,,,,,,,,,,,,,,,,,,,,,,,,,,,,,,,,,,,,,,,,,,,,,,,,,,,,,,Half-Gallon Soups (Serves 6):,,,,,,,,,,,,,,,
Olive Garden (PDF),Chicken & Gnocchi,,,,,,,,,,,,,,,,,,,,,,,,,,,,,,,,,,,,,,,,,,,,,,,,,,,,,,,,,,,,,,,,,,,,,,,,,,,,,,,,,,,,,,,,,,,,,,,,,,,,,,,,,,,,,,,,,,,,,Chicken & Gnocchi,1870.0,840,93,38,2,460,10280,177,10,31,88,,,,
Olive Garden (PDF),Minestrone,,,,,,,,,,,,,,,,,,,,,,,,,,,,,,,,,,,,,,,,,,,,,,,,,,,,,,,,,,,,,,,,,,,,,,,,,,,,,,,,,,,,,,,,,,,,,,,,,,,,,,,,,,,,,,,,,,,,,Minestrone,850.0,80,9,1.5,0,0,6460,140,31,31,40,,,,
Olive Garden (PDF),Pasta Fagioli,,,,,,,,,,,,,,,,,,,,,,,,,,,,,,,,,,,,,,,,,,,,,,,,,,,,,,,,,,,,,,,,,,,,,,,,,,,,,,,,,,,,,,,,,,,,,,,,,,,,,,,,,,,,,,,,,,,,,Pasta Fagioli,1170.0,390,44,17,2,140,5690,131,24,29,62,,,,
Olive Garden (PDF),Zuppa Toscana,,,,,,,,,,,,,,,,,,,,,,,,,,,,,,,,,,,,,,,,,,,,,,,,,,,,,,,,,,,,,,,,,,,,,,,,,,,,,,,,,,,,,,,,,,,,,,,,,,,,,,,,,,,,,,,,,,,,,Zuppa Toscana,1760.0,1060,117,52,1.5,300,6350,123,15,17,59,,,,
Olive Garden (PDF),Stellini Soup Catering (Regional),,,,,,,,,,,,,,,,,,,,,,,,,,,,,,,,,,,,,,,,,,,,,,,,,,,,,,,,,,,,,,,,,,,,,,,,,,,,,,,,,,,,,,,,,,,,,,,,,,,,,,,,,,,,,,,,,,,,,Stellini Soup Catering (Regional),1570.0,530,59,21,1.5,160,9910,180,11,15,73,,,,
Olive Garden (PDF),One-Gallon Soups (Serves 12):,,,,,,,,,,,,,,,,,,,,,,,,,,,,,,,,,,,,,,,,,,,,,,,,,,,,,,,,,,,,,,,,,,,,,,,,,,,,,,,,,,,,,,,,,,,,,,,,,,,,,,,,,,,,,,,,,,,,,One-Gallon Soups (Serves 12):,,,,,,,,,,,,,,,
Olive Garden (PDF),Chicken & Gnocchi,,,,,,,,,,,,,,,,,,,,,,,,,,,,,,,,,,,,,,,,,,,,,,,,,,,,,,,,,,,,,,,,,,,,,,,,,,,,,,,,,,,,,,,,,,,,,,,,,,,,,,,,,,,,,,,,,,,,,Chicken & Gnocchi,3750.0,1670,186,76,4,915,20570,353,20,63,175,,,,
Olive Garden (PDF),Minestrone,,,,,,,,,,,,,,,,,,,,,,,,,,,,,,,,,,,,,,,,,,,,,,,,,,,,,,,,,,,,,,,,,,,,,,,,,,,,,,,,,,,,,,,,,,,,,,,,,,,,,,,,,,,,,,,,,,,,,Minestrone,1700.0,150,18,2.5,0,0,12920,279,63,63,81,,,,
Olive Garden (PDF),Pasta Fagioli,,,,,,,,,,,,,,,,,,,,,,,,,,,,,,,,,,,,,,,,,,,,,,,,,,,,,,,,,,,,,,,,,,,,,,,,,,,,,,,,,,,,,,,,,,,,,,,,,,,,,,,,,,,,,,,,,,,,,Pasta Fagioli,2350.0,790,87,33,4,280,11380,261,47,59,124,,,,
Olive Garden (PDF),Zuppa Toscana,,,,,,,,,,,,,,,,,,,,,,,,,,,,,,,,,,,,,,,,,,,,,,,,,,,,,,,,,,,,,,,,,,,,,,,,,,,,,,,,,,,,,,,,,,,,,,,,,,,,,,,,,,,,,,,,,,,,,Zuppa Toscana,3520.0,2110,234,105,2.5,600,12700,246,29,33,118,,,,
Olive Garden (PDF),Stellini Soup Catering (Regional),,,,,,,,,,,,,,,,,,,,,,,,,,,,,,,,,,,,,,,,,,,,,,,,,,,,,,,,,,,,,,,,,,,,,,,,,,,,,,,,,,,,,,,,,,,,,,,,,,,,,,,,,,,,,,,,,,,,,Stellini Soup Catering (Regional),3130.0,1060,118,43,3,320,19820,359,22,31,145,,,,
Olive Garden (PDF),Catering - Pans (Serves 4 - 6),,,,,,,,,,,,,,,,,,,,,,,,,,,,,,,,,,,,,,,,,,,,,,,,,,,,,,,,,,,,,,,,,,,,,,,,,,,,,,,,,,,,,,,,,,,,,,,,,,,,,,,,,,,,,,,,,,,,,Catering - Pans (Serves 4 - 6),,,,,,,,,,,,,,,
Olive Garden (PDF),Cheese Ravioli with Marinara,,,,,,,,,,,,,,,,,,,,,,,,,,,,,,,,,,,,,,,,,,,,,,,,,,,,,,,,,,,,,,,,,,,,,,,,,,,,,,,,,,,,,,,,,,,,,,,,,,,,,,,,,,,,,,,,,,,,,Cheese Ravioli with Marinara,2990.0,1370,153,78,0.5,500,9490,254,21,33,166,,,,
Olive Garden (PDF),Cheese Ravioli with Meat sauce,,,,,,,,,,,,,,,,,,,,,,,,,,,,,,,,,,,,,,,,,,,,,,,,,,,,,,,,,,,,,,,,,,,,,,,,,,,,,,,,,,,,,,,,,,,,,,,,,,,,,,,,,,,,,,,,,,,,,Cheese Ravioli with Meat sauce,3510.0,1780,198,98,2,660,9790,246,16,22,195,,,,
Olive Garden (PDF),Chicken and Shrimp Carbonara,,,,,,,,,,,,,,,,,,,,,,,,,,,,,,,,,,,,,,,,,,,,,,,,,,,,,,,,,,,,,,,,,,,,,,,,,,,,,,,,,,,,,,,,,,,,,,,,,,,,,,,,,,,,,,,,,,,,,Chicken and Shrimp Carbonara,5460.0,3270,365,190,10,1560,8190,300,14,39,255,,,,
Olive Garden (PDF),Chicken Parmigiana,,,,,,,,,,,,,,,,,,,,,,,,,,,,,,,,,,,,,,,,,,,,,,,,,,,,,,,,,,,,,,,,,,,,,,,,,,,,,,,,,,,,,,,,,,,,,,,,,,,,,,,,,,,,,,,,,,,,,Chicken Parmigiana,4790.0,1680,188,37,0.5,510,13070,529,40,71,266,,,,
Olive Garden (PDF),Chicken Scampi,,,,,,,,,,,,,,,,,,,,,,,,,,,,,,,,,,,,,,,,,,,,,,,,,,,,,,,,,,,,,,,,,,,,,,,,,,,,,,,,,,,,,,,,,,,,,,,,,,,,,,,,,,,,,,,,,,,,,Chicken Scampi,4190.0,1600,178,65,3.5,530,9900,424,21,32,196,,,,
Olive Garden (PDF),Chicken Tortelloni Alfredo,,,,,,,,,,,,,,,,,,,,,,,,,,,,,,,,,,,,,,,,,,,,,,,,,,,,,,,,,,,,,,,,,,,,,,,,,,,,,,,,,,,,,,,,,,,,,,,,,,,,,,,,,,,,,,,,,,,,,Chicken Tortelloni Alfredo,7930.0,4700,523,305,11,2600,14870,380,20,35,446,,,,
Olive Garden (PDF),Fettuccine Alfredo,,,,,,,,,,,,,,,,,,,,,,,,,,,,,,,,,,,,,,,,,,,,,,,,,,,,,,,,,,,,,,,,,,,,,,,,,,,,,,,,,,,,,,,,,,,,,,,,,,,,,,,,,,,,,,,,,,,,,Fettuccine Alfredo,5010.0,3050,339,205,8,1065,4550,376,15,20,116,,,,
Olive Garden (PDF),Fettuccine Alfredo with Broccoli,,,,,,,,,,,,,,,,,,,,,,,,,,,,,,,,,,,,,,,,,,,,,,,,,,,,,,,,,,,,,,,,,,,,,,,,,,,,,,,,,,,,,,,,,,,,,,,,,,,,,,,,,,,,,,,,,,,,,Fettuccine Alfredo with Broccoli,5620.0,3490,389,209,8,1065,6340,409,29,29,134,,,,
Olive Garden (PDF),Five Cheese Ziti al Forno,,,,,,,,,,,,,,,,,,,,,,,,,,,,,,,,,,,,,,,,,,,,,,,,,,,,,,,,,,,,,,,,,,,,,,,,,,,,,,,,,,,,,,,,,,,,,,,,,,,,,,,,,,,,,,,,,,,,,Five Cheese Ziti al Forno,4680.0,2470,276,144,6,685,9750,391,26,65,183,,,,
Olive Garden (PDF),Grilled Chicken Alfredo,,,,,,,,,,,,,,,,,,,,,,,,,,,,,,,,,,,,,,,,,,,,,,,,,,,,,,,,,,,,,,,,,,,,,,,,,,,,,,,,,,,,,,,,,,,,,,,,,,,,,,,,,,,,,,,,,,,,,Grilled Chicken Alfredo,6050.0,3240,360,209,8,1645,8870,381,19,22,322,,,,
Olive Garden (PDF),Grilled Chicken Alfredo with Broccoli,,,,,,,,,,,,,,,,,,,,,,,,,,,,,,,,,,,,,,,,,,,,,,,,,,,,,,,,,,,,,,,,,,,,,,,,,,,,,,,,,,,,,,,,,,,,,,,,,,,,,,,,,,,,,,,,,,,,,Grilled Chicken Alfredo with Broccoli,6660.0,3680,410,213,8,1650,10660,414,32,32,340,,,,
Olive Garden (PDF),Lasagna Classico (Serves up to 12),,,,,,,,,,,,,,,,,,,,,,,,,,,,,,,,,,,,,,,,,,,,,,,,,,,,,,,,,,,,,,,,,,,,,,,,,,,,,,,,,,,,,,,,,,,,,,,,,,,,,,,,,,,,,,,,,,,,,Lasagna Classico (Serves up to 12),6470.0,3280,364,208,7,1380,13900,448,36,71,370,,,,
Olive Garden (PDF),Lasagna Classico (Serves up to 6),,,,,,,,,,,,,,,,,,,,,,,,,,,,,,,,,,,,,,,,,,,,,,,,,,,,,,,,,,,,,,,,,,,,,,,,,,,,,,,,,,,,,,,,,,,,,,,,,,,,,,,,,,,,,,,,,,,,,Lasagna Classico (Serves up to 6),3420.0,1760,196,110,3.5,730,7640,230,19,38,196,,,,
Olive Garden (PDF),Shrimp Alfredo,,,,,,,,,,,,,,,,,,,,,,,,,,,,,,,,,,,,,,,,,,,,,,,,,,,,,,,,,,,,,,,,,,,,,,,,,,,,,,,,,,,,,,,,,,,,,,,,,,,,,,,,,,,,,,,,,,,,,Shrimp Alfredo,5680.0,3160,352,207,8,2040,6200,382,18,22,248,,,,
Olive Garden (PDF),Shrimp Scampi,,,,,,,,,,,,,,,,,,,,,,,,,,,,,,,,,,,,,,,,,,,,,,,,,,,,,,,,,,,,,,,,,,,,,,,,,,,,,,,,,,,,,,,,,,,,,,,,,,,,,,,,,,,,,,,,,,,,,Shrimp Scampi,1980.0,640,72,29,2,650,4470,208,16,20,114,,,,
Olive Garden (PDF),Spaghetti with Marinara Sauce,,,,,,,,,,,,,,,,,,,,,,,,,,,,,,,,,,,,,,,,,,,,,,,,,,,,,,,,,,,,,,,,,,,,,,,,,,,,,,,,,,,,,,,,,,,,,,,,,,,,,,,,,,,,,,,,,,,,,Spaghetti with Marinara Sauce,2270.0,440,49,3,0,0,4840,396,27,55,72,,,,
Olive Garden (PDF),Spaghetti with Marinara & Italian Sausage,,,,,,,,,,,,,,,,,,,,,,,,,,,,,,,,,,,,,,,,,,,,,,,,,,,,,,,,,,,,,,,,,,,,,,,,,,,,,,,,,,,,,,,,,,,,,,,,,,,,,,,,,,,,,,,,,,,,,Spaghetti with Marinara & Italian Sausage,4260.0,1920,214,58,0,465,10360,417,33,69,181,,,,
Olive Garden (PDF),Spaghetti with Marinara Sauce & Meatballs,,,,,,,,,,,,,,,,,,,,,,,,,,,,,,,,,,,,,,,,,,,,,,,,,,,,,,,,,,,,,,,,,,,,,,,,,,,,,,,,,,,,,,,,,,,,,,,,,,,,,,,,,,,,,,,,,,,,,Spaghetti with Marinara Sauce & Meatballs,3980.0,1700,190,69,7,225,9340,433,39,62,153,,,,
Olive Garden (PDF),Spaghetti with Meat Sauce,,,,,,,,,,,,,,,,,,,,,,,,,,,,,,,,,,,,,,,,,,,,,,,,,,,,,,,,,,,,,,,,,,,,,,,,,,,,,,,,,,,,,,,,,,,,,,,,,,,,,,,,,,,,,,,,,,,,,Spaghetti with Meat Sauce,2840.0,790,88,27,1,230,3950,403,20,68,112,,,,
Olive Garden (PDF),Spaghetti with Meat Sauce & Italian Sausage,,,,,,,,,,,,,,,,,,,,,,,,,,,,,,,,,,,,,,,,,,,,,,,,,,,,,,,,,,,,,,,,,,,,,,,,,,,,,,,,,,,,,,,,,,,,,,,,,,,,,,,,,,,,,,,,,,,,,Spaghetti with Meat Sauce & Italian Sausage,4830.0,2270,252,82,1,695,9470,424,25,82,221,,,,
Olive Garden (PDF),Spaghetti with Meat Sauce & Meatballs,,,,,,,,,,,,,,,,,,,,,,,,,,,,,,,,,,,,,,,,,,,,,,,,,,,,,,,,,,,,,,,,,,,,,,,,,,,,,,,,,,,,,,,,,,,,,,,,,,,,,,,,,,,,,,,,,,,,,Spaghetti with Meat Sauce & Meatballs,4550.0,2050,228,93,8,455,8440,440,31,76,193,,,,
Olive Garden (PDF),"Catering - Create Your Own Pasta Station (Serves
10)",,,,,,,,,,,,,,,,,,,,,,,,,,,,,,,,,,,,,,,,,,,,,,,,,,,,,,,,,,,,,,,,,,,,,,,,,,,,,,,,,,,,,,,,,,,,,,,,,,,,,,,,,,,,,,,,,,,,,"Catering - Create Your Own Pasta Station (Serves
10)",17280.0,8490,944,387,21,2480,45250,1531,103,206,702,,,,
Olive Garden (PDF),Catering - Appetizers (Serves 4 - 6),,,,,,,,,,,,,,,,,,,,,,,,,,,,,,,,,,,,,,,,,,,,,,,,,,,,,,,,,,,,,,,,,,,,,,,,,,,,,,,,,,,,,,,,,,,,,,,,,,,,,,,,,,,,,,,,,,,,,Catering - Appetizers (Serves 4 - 6),,,,,,,,,,,,,,,
Olive Garden (PDF),Fried Mozzarella,,,,,,,,,,,,,,,,,,,,,,,,,,,,,,,,,,,,,,,,,,,,,,,,,,,,,,,,,,,,,,,,,,,,,,,,,,,,,,,,,,,,,,,,,,,,,,,,,,,,,,,,,,,,,,,,,,,,,Fried Mozzarella,3450.0,1910,212,72,2,290,8540,243,18,13,141,,,,
Olive Garden (PDF),Toasted Ravioli,,,,,,,,,,,,,,,,,,,,,,,,,,,,,,,,,,,,,,,,,,,,,,,,,,,,,,,,,,,,,,,,,,,,,,,,,,,,,,,,,,,,,,,,,,,,,,,,,,,,,,,,,,,,,,,,,,,,,Toasted Ravioli,2590.0,1100,123,40,2,175,5310,274,17,18,98,,,,
Olive Garden (PDF),add marinara,,,,,,,,,,,,,,,,,,,,,,,,,,,,,,,,,,,,,,,,,,,,,,,,,,,,,,,,,,,,,,,,,,,,,,,,,,,,,,,,,,,,,,,,,,,,,,,,,,,,,,,,,,,,,,,,,,,,,add marinara,110.0,60,7,0.5,0,0,960,13,3,7,3,,,,
Olive Garden (PDF),Spinach-Artichoke Dip with flatbread crisps,,,,,,,,,,,,,,,,,,,,,,,,,,,,,,,,,,,,,,,,,,,,,,,,,,,,,,,,,,,,,,,,,,,,,,,,,,,,,,,,,,,,,,,,,,,,,,,,,,,,,,,,,,,,,,,,,,,,,Spinach-Artichoke Dip with flatbread crisps,2310.0,1450,161,43,2,145,4880,151,14,17,66,,,,
Olive Garden (PDF),Dipping Sauces (1 Pint):,,,,,,,,,,,,,,,,,,,,,,,,,,,,,,,,,,,,,,,,,,,,,,,,,,,,,,,,,,,,,,,,,,,,,,,,,,,,,,,,,,,,,,,,,,,,,,,,,,,,,,,,,,,,,,,,,,,,,Dipping Sauces (1 Pint):,,,,,,,,,,,,,,,
Olive Garden (PDF),Alfredo,,,,,,,,,,,,,,,,,,,,,,,,,,,,,,,,,,,,,,,,,,,,,,,,,,,,,,,,,,,,,,,,,,,,,,,,,,,,,,,,,,,,,,,,,,,,,,,,,,,,,,,,,,,,,,,,,,,,,Alfredo,1750.0,1560,173,109,4,570,2400,21,0,4,30,,,,
Olive Garden (PDF),Five Cheese Marinara,,,,,,,,,,,,,,,,,,,,,,,,,,,,,,,,,,,,,,,,,,,,,,,,,,,,,,,,,,,,,,,,,,,,,,,,,,,,,,,,,,,,,,,,,,,,,,,,,,,,,,,,,,,,,,,,,,,,,Five Cheese Marinara,800.0,600,67,34,2,160,2610,35,5,20,21,,,,
Olive Garden (PDF),Marinara,,,,,,,,,,,,,,,,,,,,,,,,,,,,,,,,,,,,,,,,,,,,,,,,,,,,,,,,,,,,,,,,,,,,,,,,,,,,,,,,,,,,,,,,,,,,,,,,,,,,,,,,,,,,,,,,,,,,,Marinara,290.0,150,17,1.5,0,0,2550,33,7,19,7,,,,
Olive Garden (PDF),Meat sauce,,,,,,,,,,,,,,,,,,,,,,,,,,,,,,,,,,,,,,,,,,,,,,,,,,,,,,,,,,,,,,,,,,,,,,,,,,,,,,,,,,,,,,,,,,,,,,,,,,,,,,,,,,,,,,,,,,,,,Meat sauce,600.0,340,38,14,0.5,125,2070,37,3,26,28,,,,
Olive Garden (PDF),Catering - Perfect Additions (Serves 4 - 6),,,,,,,,,,,,,,,,,,,,,,,,,,,,,,,,,,,,,,,,,,,,,,,,,,,,,,,,,,,,,,,,,,,,,,,,,,,,,,,,,,,,,,,,,,,,,,,,,,,,,,,,,,,,,,,,,,,,,Catering - Perfect Additions (Serves 4 - 6),,,,,,,,,,,,,,,
Olive Garden (PDF),Parmesan Garlic Broccoli,,,,,,,,,,,,,,,,,,,,,,,,,,,,,,,,,,,,,,,,,,,,,,,,,,,,,,,,,,,,,,,,,,,,,,,,,,,,,,,,,,,,,,,,,,,,,,,,,,,,,,,,,,,,,,,,,,,,,Parmesan Garlic Broccoli,610.0,450,51,4,0,0,1790,33,14,9,18,,,,
Olive Garden (PDF),Chicken Fingers,,,,,,,,,,,,,,,,,,,,,,,,,,,,,,,,,,,,,,,,,,,,,,,,,,,,,,,,,,,,,,,,,,,,,,,,,,,,,,,,,,,,,,,,,,,,,,,,,,,,,,,,,,,,,,,,,,,,,Chicken Fingers,1350.0,620,69,7,0,305,2620,70,0,0,112,,,,
Olive Garden (PDF),add ketchup,,,,,,,,,,,,,,,,,,,,,,,,,,,,,,,,,,,,,,,,,,,,,,,,,,,,,,,,,,,,,,,,,,,,,,,,,,,,,,,,,,,,,,,,,,,,,,,,,,,,,,,,,,,,,,,,,,,,,add ketchup,170.0,0,0,0,0,0,1280,39,2,33,1,,,,
Olive Garden (PDF),Grilled Chicken,,,,,,,,,,,,,,,,,,,,,,,,,,,,,,,,,,,,,,,,,,,,,,,,,,,,,,,,,,,,,,,,,,,,,,,,,,,,,,,,,,,,,,,,,,,,,,,,,,,,,,,,,,,,,,,,,,,,,Grilled Chicken,810.0,160,17,3.5,0,440,4530,7,3,3,156,,,,
Olive Garden (PDF),Italian Meatballs,,,,,,,,,,,,,,,,,,,,,,,,,,,,,,,,,,,,,,,,,,,,,,,,,,,,,,,,,,,,,,,,,,,,,,,,,,,,,,,,,,,,,,,,,,,,,,,,,,,,,,,,,,,,,,,,,,,,,Italian Meatballs,1710.0,1260,140,65,7,225,4500,37,11,8,81,,,,
Olive Garden (PDF),Italian Sausage,,,,,,,,,,,,,,,,,,,,,,,,,,,,,,,,,,,,,,,,,,,,,,,,,,,,,,,,,,,,,,,,,,,,,,,,,,,,,,,,,,,,,,,,,,,,,,,,,,,,,,,,,,,,,,,,,,,,,Italian Sausage,1990.0,1480,164,55,0,465,5520,21,6,14,109,,,,
Olive Garden (PDF),Catering - Desserts (Half or Whole),,,,,,,,,,,,,,,,,,,,,,,,,,,,,,,,,,,,,,,,,,,,,,,,,,,,,,,,,,,,,,,,,,,,,,,,,,,,,,,,,,,,,,,,,,,,,,,,,,,,,,,,,,,,,,,,,,,,,Catering - Desserts (Half or Whole),,,,,,,,,,,,,,,
Olive Garden (PDF),"Black Tie Mousse Cake, per slice",,,,,,,,,,,,,,,,,,,,,,,,,,,,,,,,,,,,,,,,,,,,,,,,,,,,,,,,,,,,,,,,,,,,,,,,,,,,,,,,,,,,,,,,,,,,,,,,,,,,,,,,,,,,,,,,,,,,,"Black Tie Mousse Cake, per slice",750.0,450,50,30,1,155,290,76,4,59,9,,,,
Olive Garden (PDF),"Sicilian Cheesecake, per slice",,,,,,,,,,,,,,,,,,,,,,,,,,,,,,,,,,,,,,,,,,,,,,,,,,,,,,,,,,,,,,,,,,,,,,,,,,,,,,,,,,,,,,,,,,,,,,,,,,,,,,,,,,,,,,,,,,,,,"Sicilian Cheesecake, per slice",730.0,380,42,26,1.5,155,450,78,2,63,12,,,,
Olive Garden (PDF),"Tiramisu, per slice",,,,,,,,,,,,,,,,,,,,,,,,,,,,,,,,,,,,,,,,,,,,,,,,,,,,,,,,,,,,,,,,,,,,,,,,,,,,,,,,,,,,,,,,,,,,,,,,,,,,,,,,,,,,,,,,,,,,,"Tiramisu, per slice",470.0,240,27,17,0,215,125,54,0,35,6,,,,
Olive Garden (PDF),Catering - Beverages,,,,,,,,,,,,,,,,,,,,,,,,,,,,,,,,,,,,,,,,,,,,,,,,,,,,,,,,,,,,,,,,,,,,,,,,,,,,,,,,,,,,,,,,,,,,,,,,,,,,,,,,,,,,,,,,,,,,,Catering - Beverages,,,,,,,,,,,,,,,
Olive Garden (PDF),"Iced Tea, Bellini Peach-Raspberry, 1 Gallon",,,,,,,,,,,,,,,,,,,,,,,,,,,,,,,,,,,,,,,,,,,,,,,,,,,,,,,,,,,,,,,,,,,,,,,,,,,,,,,,,,,,,,,,,,,,,,,,,,,,,,,,,,,,,,,,,,,,,"Iced Tea, Bellini Peach-Raspberry, 1 Gallon",800.0,0,0,0,0,0,105,191,0,180,0,,,,
Olive Garden (PDF),"Iced Tea, Mango-Passion Fruit, 1 Gallon",,,,,,,,,,,,,,,,,,,,,,,,,,,,,,,,,,,,,,,,,,,,,,,,,,,,,,,,,,,,,,,,,,,,,,,,,,,,,,,,,,,,,,,,,,,,,,,,,,,,,,,,,,,,,,,,,,,,,"Iced Tea, Mango-Passion Fruit, 1 Gallon",1140.0,0,0,0,0,less than 5 mg,150,283,0,266,0,,,,
Olive Garden (PDF),"Iced Tea, Raspberry, 1 Gallon",,,,,,,,,,,,,,,,,,,,,,,,,,,,,,,,,,,,,,,,,,,,,,,,,,,,,,,,,,,,,,,,,,,,,,,,,,,,,,,,,,,,,,,,,,,,,,,,,,,,,,,,,,,,,,,,,,,,,"Iced Tea, Raspberry, 1 Gallon",830.0,5,0,0,0,0,115,210,0,193,0,,,,
Olive Garden (PDF),"Iced Tea, Fresh Brewed, Unsweetened, 1 Gallon",,,,,,,,,,,,,,,,,,,,,,,,,,,,,,,,,,,,,,,,,,,,,,,,,,,,,,,,,,,,,,,,,,,,,,,,,,,,,,,,,,,,,,,,,,,,,,,,,,,,,,,,,,,,,,,,,,,,,"Iced Tea, Fresh Brewed, Unsweetened, 1 Gallon",40.0,0,0,0,0,0,115,12,0,0,0,,,,
Olive Garden (PDF),"Lemonade, Classic, 1 Gallon",,,,,,,,,,,,,,,,,,,,,,,,,,,,,,,,,,,,,,,,,,,,,,,,,,,,,,,,,,,,,,,,,,,,,,,,,,,,,,,,,,,,,,,,,,,,,,,,,,,,,,,,,,,,,,,,,,,,,"Lemonade, Classic, 1 Gallon",1770.0,0,0,0,0,0,230,463,0,448,0,,,,
Olive Garden (PDF),"Lemonade, Raspberry, 1 Gallon",,,,,,,,,,,,,,,,,,,,,,,,,,,,,,,,,,,,,,,,,,,,,,,,,,,,,,,,,,,,,,,,,,,,,,,,,,,,,,,,,,,,,,,,,,,,,,,,,,,,,,,,,,,,,,,,,,,,,"Lemonade, Raspberry, 1 Gallon",1760.0,0,0,0,0,0,170,475,0,443,0,,,,
Olive Garden (PDF),"Coke, 2 Liter",,,,,,,,,,,,,,,,,,,,,,,,,,,,,,,,,,,,,,,,,,,,,,,,,,,,,,,,,,,,,,,,,,,,,,,,,,,,,,,,,,,,,,,,,,,,,,,,,,,,,,,,,,,,,,,,,,,,,"Coke, 2 Liter",790.0,0,0,0,0,0,250,220,0,220,0,,,,
Olive Garden (PDF),"Diet Coke, 2 Liter",,,,,,,,,,,,,,,,,,,,,,,,,,,,,,,,,,,,,,,,,,,,,,,,,,,,,,,,,,,,,,,,,,,,,,,,,,,,,,,,,,,,,,,,,,,,,,,,,,,,,,,,,,,,,,,,,,,,,"Diet Coke, 2 Liter",0.0,0,0,0,0,0,230,0,0,0,0,,,,
Olive Garden (PDF),"Sprite, 2 Liter",,,,,,,,,,,,,,,,,,,,,,,,,,,,,,,,,,,,,,,,,,,,,,,,,,,,,,,,,,,,,,,,,,,,,,,,,,,,,,,,,,,,,,,,,,,,,,,,,,,,,,,,,,,,,,,,,,,,,"Sprite, 2 Liter",790.0,0,0,0,0,0,370,214,0,214,0,,,,
Curry House,SAW,,,,,,,,,,,,,,,,,,,,,,,,,,,,,,,,,,,,,,,,,,,,,,,,,,,,,,,,,,,,,,,,,,,,,,,,,,,,,,,,,,,,,,,,,,,,,,,,,,,,,,,,,,,,,,,,,,,,,,,,,,,,,,,,,,,,
Curry House,Saw.com,,,,,,,,,,,,,,,,,,,,,,,,,,,,,,,,,,,,,,,,,,,,,,,,,,,,,,,,,,,,,,,,,,,,,,,,,,,,,,,,,,,,,,,,,,,,,,,,,,,,,,,,,,,,,,,,,,,,,,,,,,,,,,,,,,,,
Curry House,Buy Premium Domain Names,,,,,,,,,,,,,,,,,,,,,,,,,,,,,,,,,,,,,,,,,,,,,,,,,,,,,,,,,,,,,,,,,,,,,,,,,,,,,,,,,,,,,,,,,,,,,,,,,,,,,,,,,,,,,,,,,,,,,,,,,,,,,,,,,,,,
Curry House,Domain Acquisition Brokerage,,,,,,,,,,,,,,,,,,,,,,,,,,,,,,,,,,,,,,,,,,,,,,,,,,,,,,,,,,,,,,,,,,,,,,,,,,,,,,,,,,,,,,,,,,,,,,,,,,,,,,,,,,,,,,,,,,,,,,,,,,,,,,,,,,,,
Pei Wei,Pei Wei Menu: Discover Pei Wei's Flavorful Chinese Food Menu,,,,,,,,,,,,,,,,,,,,,,,,,,,,,,,,,,,,,,,,,,,,,,,,,,,,,,,,,,,,,,,,,,,,,,,,,,,,,,,,,,,,,,,,,,,,,,,,,,,,,,,,,,,,,,,,,,,,,,,,,,,,,,,,,,,,
Pei Wei,Pei Wei Asian Kitchen,,,,,,,,,,,,,,,,,,,,,,,,,,,,,,,,,,,,,,,,,,,,,,,,,,,,,,,,,,,,,,,,,,,,,,,,,,,,,,,,,,,,,,,,,,,,,,,,,,,,,,,,,,,,,,,,,,,,,,,,,,,,,,,,,,,,
McDonald's,Bacon Clubhouse Burger 9.7 oz (274 g),,,,,,,,,,,,,,,,,,,,,,,,,,,,,,,,,,,,,,,,,,,,,,,,,,,,,,,,,,,,,,,,,,,,,,,,,,,,,,,,,,,,,,,,,,,,,,,,,,,,,,,,,,,,,,,,,,,,,,740.0,,,,,,,,,,,41.0,51.0,40.0,1480.0
McDonald's,Premium Grilled Chicken Bacon Clubhouse Sandwich 10 oz (285 g),,,,,,,,,,,,,,,,,,,,,,,,,,,,,,,,,,,,,,,,,,,,,,,,,,,,,,,,,,,,,,,,,,,,,,,,,,,,,,,,,,,,,,,,,,,,,,,,,,,,,,,,,,,,,,,,,,,,,,610.0,,,,,,,,,,,26.0,50.0,45.0,1750.0
McDonald's,Premium Buttermilk Crispy Chicken Bacon Clubhouse Sandwich 10.1 oz (287 g),,,,,,,,,,,,,,,,,,,,,,,,,,,,,,,,,,,,,,,,,,,,,,,,,,,,,,,,,,,,,,,,,,,,,,,,,,,,,,,,,,,,,,,,,,,,,,,,,,,,,,,,,,,,,,,,,,,,,,790.0,,,,,,,,,,,40.0,67.0,40.0,1620.0
McDonald's,McChicken ® 5.1 oz (144 g),,,,,,,,,,,,,,,,,,,,,,,,,,,,,,,,,,,,,,,,,,,,,,,,,,,,,,,,,,,,,,,,,,,,,,,,,,,,,,,,,,,,,,,,,,,,,,,,,,,,,,,,,,,,,,,,,,,,,,370.0,,,,,,,,,,,17.0,40.0,14.0,650.0
McDonald's,Buffalo Ranch McChicken 5.2 oz (148 g),,,,,,,,,,,,,,,,,,,,,,,,,,,,,,,,,,,,,,,,,,,,,,,,,,,,,,,,,,,,,,,,,,,,,,,,,,,,,,,,,,,,,,,,,,,,,,,,,,,,,,,,,,,,,,,,,,,,,,370.0,,,,,,,,,,,17.0,41.0,14.0,850.0
McDonald's,Bacon Buffalo Ranch McChicken 5.7 oz (162 g),,,,,,,,,,,,,,,,,,,,,,,,,,,,,,,,,,,,,,,,,,,,,,,,,,,,,,,,,,,,,,,,,,,,,,,,,,,,,,,,,,,,,,,,,,,,,,,,,,,,,,,,,,,,,,,,,,,,,,440.0,,,,,,,,,,,21.0,41.0,20.0,1120.0
McDonald's,Bacon Cheddar McChicken 6.1 oz (172 g),,,,,,,,,,,,,,,,,,,,,,,,,,,,,,,,,,,,,,,,,,,,,,,,,,,,,,,,,,,,,,,,,,,,,,,,,,,,,,,,,,,,,,,,,,,,,,,,,,,,,,,,,,,,,,,,,,,,,,490.0,,,,,,,,,,,25.0,43.0,22.0,1120.0
McDonald's,Southern Style Buttermilk Crispy Chicken Sandwich 5.7 oz (162 g),,,,,,,,,,,,,,,,,,,,,,,,,,,,,,,,,,,,,,,,,,,,,,,,,,,,,,,,,,,,,,,,,,,,,,,,,,,,,,,,,,,,,,,,,,,,,,,,,,,,,,,,,,,,,,,,,,,,,,470.0,,,,,,,,,,,21.0,46.0,25.0,800.0
McDonald's,Filet-O-Fish 5 oz (142 g),,,,,,,,,,,,,,,,,,,,,,,,,,,,,,,,,,,,,,,,,,,,,,,,,,,,,,,,,,,,,,,,,,,,,,,,,,,,,,,,,,,,,,,,,,,,,,,,,,,,,,,,,,,,,,,,,,,,,,390.0,,,,,,,,,,,19.0,39.0,15.0,590.0
McDonald's,McRib ® 7.3 oz (208 g),,,,,,,,,,,,,,,,,,,,,,,,,,,,,,,,,,,,,,,,,,,,,,,,,,,,,,,,,,,,,,,,,,,,,,,,,,,,,,,,,,,,,,,,,,,,,,,,,,,,,,,,,,,,,,,,,,,,,,500.0,,,,,,,,,,,26.0,44.0,22.0,980.0
McDonald's,Premium McWrap Chicken & Bacon (Buttermilk Crispy) 11.1 oz (314 g),,,,,,,,,,,,,,,,,,,,,,,,,,,,,,,,,,,,,,,,,,,,,,,,,,,,,,,,,,,,,,,,,,,,,,,,,,,,,,,,,,,,,,,,,,,,,,,,,,,,,,,,,,,,,,,,,,,,,,690.0,,,,,,,,,,,34.0,58.0,36.0,1450.0
McDonald's,Premium McWrap Chicken & Bacon (Grilled) 11 oz (312 g),,,,,,,,,,,,,,,,,,,,,,,,,,,,,,,,,,,,,,,,,,,,,,,,,,,,,,,,,,,,,,,,,,,,,,,,,,,,,,,,,,,,,,,,,,,,,,,,,,,,,,,,,,,,,,,,,,,,,,500.0,,,,,,,,,,,19.0,41.0,41.0,1570.0
McDonald's,Premium McWrap Chicken & Ranch (Buttermilk Crispy) 10.9 oz (309 g),,,,,,,,,,,,,,,,,,,,,,,,,,,,,,,,,,,,,,,,,,,,,,,,,,,,,,,,,,,,,,,,,,,,,,,,,,,,,,,,,,,,,,,,,,,,,,,,,,,,,,,,,,,,,,,,,,,,,,660.0,,,,,,,,,,,34.0,59.0,31.0,1250.0
McDonald's,Premium McWrap Chicken & Ranch (Grilled) 10.8 oz (306 g),,,,,,,,,,,,,,,,,,,,,,,,,,,,,,,,,,,,,,,,,,,,,,,,,,,,,,,,,,,,,,,,,,,,,,,,,,,,,,,,,,,,,,,,,,,,,,,,,,,,,,,,,,,,,,,,,,,,,,470.0,,,,,,,,,,,19.0,41.0,35.0,1370.0
McDonald's,Premium McWrap Chicken Sweet Chili (Buttermilk Crispy) 10.6 oz (301 g),,,,,,,,,,,,,,,,,,,,,,,,,,,,,,,,,,,,,,,,,,,,,,,,,,,,,,,,,,,,,,,,,,,,,,,,,,,,,,,,,,,,,,,,,,,,,,,,,,,,,,,,,,,,,,,,,,,,,,590.0,,,,,,,,,,,25.0,64.0,27.0,1160.0
McDonald's,Premium McWrap Chicken Sweet Chili (Grilled) 10.4 oz (294 g),,,,,,,,,,,,,,,,,,,,,,,,,,,,,,,,,,,,,,,,,,,,,,,,,,,,,,,,,,,,,,,,,,,,,,,,,,,,,,,,,,,,,,,,,,,,,,,,,,,,,,,,,,,,,,,,,,,,,,400.0,,,,,,,,,,,10.0,46.0,31.0,1250.0
McDonald's,Big Mac 7.5 oz (212 g),,,,,,,,,,,,,,,,,,,,,,,,,,,,,,,,,,,,,,,,,,,,,,,,,,,,,,,,,,,,,,,,,,,,,,,,,,,,,,,,,,,,,,,,,,,,,,,,,,,,,,,,,,,,,,,,,,,,,,540.0,,,,,,,,,,,28.0,47.0,25.0,970.0
McDonald's,Quarter Pounder® with Cheese 7.3 oz (206 g),,,,,,,,,,,,,,,,,,,,,,,,,,,,,,,,,,,,,,,,,,,,,,,,,,,,,,,,,,,,,,,,,,,,,,,,,,,,,,,,,,,,,,,,,,,,,,,,,,,,,,,,,,,,,,,,,,,,,,540.0,,,,,,,,,,,28.0,42.0,31.0,1110.0
McDonald's,Double Quarter Pounder with Cheese 10.3 oz (291 g),,,,,,,,,,,,,,,,,,,,,,,,,,,,,,,,,,,,,,,,,,,,,,,,,,,,,,,,,,,,,,,,,,,,,,,,,,,,,,,,,,,,,,,,,,,,,,,,,,,,,,,,,,,,,,,,,,,,,,780.0,,,,,,,,,,,45.0,43.0,50.0,1310.0
McDonald's,Hamburger 3.5 oz (99 g),,,,,,,,,,,,,,,,,,,,,,,,,,,,,,,,,,,,,,,,,,,,,,,,,,,,,,,,,,,,,,,,,,,,,,,,,,,,,,,,,,,,,,,,,,,,,,,,,,,,,,,,,,,,,,,,,,,,,,250.0,,,,,,,,,,,8.0,32.0,12.0,490.0
McDonald's,Cheeseburger 4 oz (113 g),,,,,,,,,,,,,,,,,,,,,,,,,,,,,,,,,,,,,,,,,,,,,,,,,,,,,,,,,,,,,,,,,,,,,,,,,,,,,,,,,,,,,,,,,,,,,,,,,,,,,,,,,,,,,,,,,,,,,,300.0,,,,,,,,,,,12.0,33.0,15.0,680.0
McDonald's,BBQ Ranch Burger 4 oz (114 g),,,,,,,,,,,,,,,,,,,,,,,,,,,,,,,,,,,,,,,,,,,,,,,,,,,,,,,,,,,,,,,,,,,,,,,,,,,,,,,,,,,,,,,,,,,,,,,,,,,,,,,,,,,,,,,,,,,,,,350.0,,,,,,,,,,,15.0,37.0,15.0,670.0
McDonald's,Grilled Onion Cheddar 4 oz (114 g),,,,,,,,,,,,,,,,,,,,,,,,,,,,,,,,,,,,,,,,,,,,,,,,,,,,,,,,,,,,,,,,,,,,,,,,,,,,,,,,,,,,,,,,,,,,,,,,,,,,,,,,,,,,,,,,,,,,,,310.0,,,,,,,,,,,13.0,32.0,15.0,640.0
McDonald's,Double Cheeseburger 5.7 oz (163 g),,,,,,,,,,,,,,,,,,,,,,,,,,,,,,,,,,,,,,,,,,,,,,,,,,,,,,,,,,,,,,,,,,,,,,,,,,,,,,,,,,,,,,,,,,,,,,,,,,,,,,,,,,,,,,,,,,,,,,440.0,,,,,,,,,,,22.0,35.0,25.0,1050.0
McDonald's,McDouble 5.2 oz (148 g),,,,,,,,,,,,,,,,,,,,,,,,,,,,,,,,,,,,,,,,,,,,,,,,,,,,,,,,,,,,,,,,,,,,,,,,,,,,,,,,,,,,,,,,,,,,,,,,,,,,,,,,,,,,,,,,,,,,,,390.0,,,,,,,,,,,18.0,34.0,22.0,850.0
McDonald's,Bacon McDouble 5.7 oz (162 g),,,,,,,,,,,,,,,,,,,,,,,,,,,,,,,,,,,,,,,,,,,,,,,,,,,,,,,,,,,,,,,,,,,,,,,,,,,,,,,,,,,,,,,,,,,,,,,,,,,,,,,,,,,,,,,,,,,,,,460.0,,,,,,,,,,,23.0,34.0,28.0,1120.0
McDonald's,Daily Double 6.8 oz (191 g),,,,,,,,,,,,,,,,,,,,,,,,,,,,,,,,,,,,,,,,,,,,,,,,,,,,,,,,,,,,,,,,,,,,,,,,,,,,,,,,,,,,,,,,,,,,,,,,,,,,,,,,,,,,,,,,,,,,,,440.0,,,,,,,,,,,24.0,34.0,22.0,770.0
McDonald's,Ranch Snack Wrap® (Buttermilk Crispy) 4.6 oz (129 g),,,,,,,,,,,,,,,,,,,,,,,,,,,,,,,,,,,,,,,,,,,,,,,,,,,,,,,,,,,,,,,,,,,,,,,,,,,,,,,,,,,,,,,,,,,,,,,,,,,,,,,,,,,,,,,,,,,,,,380.0,,,,,,,,,,,21.0,33.0,16.0,760.0
McDonald's,Ranch Snack Wrap® (Grilled) 4.5 oz (128 g),,,,,,,,,,,,,,,,,,,,,,,,,,,,,,,,,,,,,,,,,,,,,,,,,,,,,,,,,,,,,,,,,,,,,,,,,,,,,,,,,,,,,,,,,,,,,,,,,,,,,,,,,,,,,,,,,,,,,,290.0,,,,,,,,,,,13.0,25.0,19.0,820.0
McDonald's,Mac Snack Wrap 4.4 oz (125 g),,,,,,,,,,,,,,,,,,,,,,,,,,,,,,,,,,,,,,,,,,,,,,,,,,,,,,,,,,,,,,,,,,,,,,,,,,,,,,,,,,,,,,,,,,,,,,,,,,,,,,,,,,,,,,,,,,,,,,330.0,,,,,,,,,,,19.0,26.0,14.0,670.0
McDonald's,Jalapeño Double 5.7 oz (160 g),,,,,,,,,,,,,,,,,,,,,,,,,,,,,,,,,,,,,,,,,,,,,,,,,,,,,,,,,,,,,,,,,,,,,,,,,,,,,,,,,,,,,,,,,,,,,,,,,,,,,,,,,,,,,,,,,,,,,,440.0,,,,,,,,,,,24.0,35.0,23.0,990.0
McDonald's,Premium Crispy Chicken Deluxe Sandwich 8 oz (227 g),,,,,,,,,,,,,,,,,,,,,,,,,,,,,,,,,,,,,,,,,,,,,,,,,,,,,,,,,,,,,,,,,,,,,,,,,,,,,,,,,,,,,,,,,,,,,,,,,,,,,,,,,,,,,,,,,,,,,,530.0,,,,,,,,,,,22.0,59.0,25.0,1000.0
McDonald's,Quarter Pounder Deluxe 9.2 oz (260 g),,,,,,,,,,,,,,,,,,,,,,,,,,,,,,,,,,,,,,,,,,,,,,,,,,,,,,,,,,,,,,,,,,,,,,,,,,,,,,,,,,,,,,,,,,,,,,,,,,,,,,,,,,,,,,,,,,,,,,600.0,,,,,,,,,,,33.0,44.0,31.0,1200.0
McDonald's,Artisan Grilled Chicken Sandwich 7.3 oz (207 g),,,,,,,,,,,,,,,,,,,,,,,,,,,,,,,,,,,,,,,,,,,,,,,,,,,,,,,,,,,,,,,,,,,,,,,,,,,,,,,,,,,,,,,,,,,,,,,,,,,,,,,,,,,,,,,,,,,,,,360.0,,,,,,,,,,,6.0,43.0,33.0,960.0
McDonald's,Premium Buttermilk Crispy Chicken Deluxe Sandwich 8.1 oz (230 g),,,,,,,,,,,,,,,,,,,,,,,,,,,,,,,,,,,,,,,,,,,,,,,,,,,,,,,,,,,,,,,,,,,,,,,,,,,,,,,,,,,,,,,,,,,,,,,,,,,,,,,,,,,,,,,,,,,,,,580.0,,,,,,,,,,,24.0,62.0,29.0,900.0
McDonald's,Premium Grilled Chicken Bacon Clubhouse Sandwich 10 oz (285 g),,,,,,,,,,,,,,,,,,,,,,,,,,,,,,,,,,,,,,,,,,,,,,,,,,,,,,,,,,,,,,,,,,,,,,,,,,,,,,,,,,,,,,,,,,,,,,,,,,,,,,,,,,,,,,,,,,,,,,610.0,,,,,,,,,,,26.0,50.0,45.0,1750.0
McDonald's,Premium Buttermilk Crispy Chicken Bacon Clubhouse Sandwich 10.1 oz (287 g),,,,,,,,,,,,,,,,,,,,,,,,,,,,,,,,,,,,,,,,,,,,,,,,,,,,,,,,,,,,,,,,,,,,,,,,,,,,,,,,,,,,,,,,,,,,,,,,,,,,,,,,,,,,,,,,,,,,,,790.0,,,,,,,,,,,40.0,67.0,40.0,1620.0
McDonald's,McChicken ® 5.1 oz (144 g),,,,,,,,,,,,,,,,,,,,,,,,,,,,,,,,,,,,,,,,,,,,,,,,,,,,,,,,,,,,,,,,,,,,,,,,,,,,,,,,,,,,,,,,,,,,,,,,,,,,,,,,,,,,,,,,,,,,,,370.0,,,,,,,,,,,17.0,40.0,14.0,650.0
McDonald's,Buffalo Ranch McChicken 5.2 oz (148 g),,,,,,,,,,,,,,,,,,,,,,,,,,,,,,,,,,,,,,,,,,,,,,,,,,,,,,,,,,,,,,,,,,,,,,,,,,,,,,,,,,,,,,,,,,,,,,,,,,,,,,,,,,,,,,,,,,,,,,370.0,,,,,,,,,,,17.0,41.0,14.0,850.0
McDonald's,Bacon Buffalo Ranch McChicken 5.7 oz (162 g),,,,,,,,,,,,,,,,,,,,,,,,,,,,,,,,,,,,,,,,,,,,,,,,,,,,,,,,,,,,,,,,,,,,,,,,,,,,,,,,,,,,,,,,,,,,,,,,,,,,,,,,,,,,,,,,,,,,,,440.0,,,,,,,,,,,21.0,41.0,20.0,1120.0
McDonald's,Bacon Cheddar McChicken 6.1 oz (172 g),,,,,,,,,,,,,,,,,,,,,,,,,,,,,,,,,,,,,,,,,,,,,,,,,,,,,,,,,,,,,,,,,,,,,,,,,,,,,,,,,,,,,,,,,,,,,,,,,,,,,,,,,,,,,,,,,,,,,,490.0,,,,,,,,,,,25.0,43.0,22.0,1120.0
McDonald's,Southern Style Buttermilk Crispy Chicken Sandwich 5.7 oz (162 g),,,,,,,,,,,,,,,,,,,,,,,,,,,,,,,,,,,,,,,,,,,,,,,,,,,,,,,,,,,,,,,,,,,,,,,,,,,,,,,,,,,,,,,,,,,,,,,,,,,,,,,,,,,,,,,,,,,,,,470.0,,,,,,,,,,,21.0,46.0,25.0,800.0
McDonald's,Filet-O-Fish 5 oz (142 g),,,,,,,,,,,,,,,,,,,,,,,,,,,,,,,,,,,,,,,,,,,,,,,,,,,,,,,,,,,,,,,,,,,,,,,,,,,,,,,,,,,,,,,,,,,,,,,,,,,,,,,,,,,,,,,,,,,,,,390.0,,,,,,,,,,,19.0,39.0,15.0,590.0
McDonald's,Premium McWrap Chicken & Bacon (Buttermilk Crispy) 11.1 oz (314 g),,,,,,,,,,,,,,,,,,,,,,,,,,,,,,,,,,,,,,,,,,,,,,,,,,,,,,,,,,,,,,,,,,,,,,,,,,,,,,,,,,,,,,,,,,,,,,,,,,,,,,,,,,,,,,,,,,,,,,690.0,,,,,,,,,,,34.0,58.0,36.0,1450.0
McDonald's,Premium McWrap Chicken & Bacon (Grilled) 11 oz (312 g),,,,,,,,,,,,,,,,,,,,,,,,,,,,,,,,,,,,,,,,,,,,,,,,,,,,,,,,,,,,,,,,,,,,,,,,,,,,,,,,,,,,,,,,,,,,,,,,,,,,,,,,,,,,,,,,,,,,,,500.0,,,,,,,,,,,19.0,41.0,41.0,1570.0
McDonald's,Premium McWrap Chicken & Ranch (Buttermilk Crispy) 10.9 oz (309 g),,,,,,,,,,,,,,,,,,,,,,,,,,,,,,,,,,,,,,,,,,,,,,,,,,,,,,,,,,,,,,,,,,,,,,,,,,,,,,,,,,,,,,,,,,,,,,,,,,,,,,,,,,,,,,,,,,,,,,660.0,,,,,,,,,,,34.0,59.0,31.0,1250.0
McDonald's,Premium McWrap Chicken & Ranch (Grilled) 10.8 oz (306 g),,,,,,,,,,,,,,,,,,,,,,,,,,,,,,,,,,,,,,,,,,,,,,,,,,,,,,,,,,,,,,,,,,,,,,,,,,,,,,,,,,,,,,,,,,,,,,,,,,,,,,,,,,,,,,,,,,,,,,470.0,,,,,,,,,,,19.0,41.0,35.0,1370.0
McDonald's,Premium McWrap Chicken Sweet Chili (Buttermilk Crispy) 10.6 oz (301 g),,,,,,,,,,,,,,,,,,,,,,,,,,,,,,,,,,,,,,,,,,,,,,,,,,,,,,,,,,,,,,,,,,,,,,,,,,,,,,,,,,,,,,,,,,,,,,,,,,,,,,,,,,,,,,,,,,,,,,590.0,,,,,,,,,,,25.0,64.0,27.0,1160.0
McDonald's,Premium McWrap Chicken Sweet Chili (Grilled) 10.4 oz (294 g),,,,,,,,,,,,,,,,,,,,,,,,,,,,,,,,,,,,,,,,,,,,,,,,,,,,,,,,,,,,,,,,,,,,,,,,,,,,,,,,,,,,,,,,,,,,,,,,,,,,,,,,,,,,,,,,,,,,,,400.0,,,,,,,,,,,10.0,46.0,31.0,1250.0
McDonald's,Chicken McNuggets® (10 piece) 5.7 oz (162 g),,,,,,,,,,,,,,,,,,,,,,,,,,,,,,,,,,,,,,,,,,,,,,,,,,,,,,,,,,,,,,,,,,,,,,,,,,,,,,,,,,,,,,,,,,,,,,,,,,,,,,,,,,,,,,,,,,,,,,470.0,,,,,,,,,,,30.0,30.0,22.0,900.0
McDonald's,Ranch Snack Wrap® (Buttermilk Crispy) 4.6 oz (129 g),,,,,,,,,,,,,,,,,,,,,,,,,,,,,,,,,,,,,,,,,,,,,,,,,,,,,,,,,,,,,,,,,,,,,,,,,,,,,,,,,,,,,,,,,,,,,,,,,,,,,,,,,,,,,,,,,,,,,,380.0,,,,,,,,,,,21.0,33.0,16.0,760.0
McDonald's,Chicken McNuggets® (20 piece) 11.4 oz (323 g),,,,,,,,,,,,,,,,,,,,,,,,,,,,,,,,,,,,,,,,,,,,,,,,,,,,,,,,,,,,,,,,,,,,,,,,,,,,,,,,,,,,,,,,,,,,,,,,,,,,,,,,,,,,,,,,,,,,,,940.0,,,,,,,,,,,59.0,59.0,44.0,1800.0
McDonald's,Chicken McNuggets® (6 piece) 3.4 oz (97 g),,,,,,,,,,,,,,,,,,,,,,,,,,,,,,,,,,,,,,,,,,,,,,,,,,,,,,,,,,,,,,,,,,,,,,,,,,,,,,,,,,,,,,,,,,,,,,,,,,,,,,,,,,,,,,,,,,,,,,280.0,,,,,,,,,,,18.0,18.0,13.0,540.0
McDonald's,Chicken McNuggets® (40 piece) 22.8 oz (646 g),,,,,,,,,,,,,,,,,,,,,,,,,,,,,,,,,,,,,,,,,,,,,,,,,,,,,,,,,,,,,,,,,,,,,,,,,,,,,,,,,,,,,,,,,,,,,,,,,,,,,,,,,,,,,,,,,,,,,,1880.0,,,,,,,,,,,118.0,118.0,87.0,3600.0
McDonald's,Premium Bacon Ranch Salad with Buttermilk Crispy Chicken 9.5 oz (268 g),,,,,,,,,,,,,,,,,,,,,,,,,,,,,,,,,,,,,,,,,,,,,,,,,,,,,,,,,,,,,,,,,,,,,,,,,,,,,,,,,,,,,,,,,,,,,,,,,,,,,,,,,,,,,,,,,,,,,,490.0,,,,,,,,,,,29.0,26.0,34.0,1000.0
McDonald's,Ranch Snack Wrap® (Grilled) 4.5 oz (128 g),,,,,,,,,,,,,,,,,,,,,,,,,,,,,,,,,,,,,,,,,,,,,,,,,,,,,,,,,,,,,,,,,,,,,,,,,,,,,,,,,,,,,,,,,,,,,,,,,,,,,,,,,,,,,,,,,,,,,,290.0,,,,,,,,,,,13.0,25.0,19.0,820.0
McDonald's,Premium Bacon Ranch Salad with Grilled Chicken 9.4 oz (266 g),,,,,,,,,,,,,,,,,,,,,,,,,,,,,,,,,,,,,,,,,,,,,,,,,,,,,,,,,,,,,,,,,,,,,,,,,,,,,,,,,,,,,,,,,,,,,,,,,,,,,,,,,,,,,,,,,,,,,,310.0,,,,,,,,,,,14.0,9.0,38.0,1120.0
McDonald's,Premium Southwest Salad with Buttermilk Crispy Chicken 10.4 oz (294 g),,,,,,,,,,,,,,,,,,,,,,,,,,,,,,,,,,,,,,,,,,,,,,,,,,,,,,,,,,,,,,,,,,,,,,,,,,,,,,,,,,,,,,,,,,,,,,,,,,,,,,,,,,,,,,,,,,,,,,510.0,,,,,,,,,,,26.0,43.0,28.0,790.0
McDonald's,Premium Southwest Salad with Grilled Chicken 10.3 oz (292 g),,,,,,,,,,,,,,,,,,,,,,,,,,,,,,,,,,,,,,,,,,,,,,,,,,,,,,,,,,,,,,,,,,,,,,,,,,,,,,,,,,,,,,,,,,,,,,,,,,,,,,,,,,,,,,,,,,,,,,330.0,,,,,,,,,,,11.0,26.0,33.0,920.0
McDonald's,Chicken McNuggets® (4 piece) 2.3 oz (65 g),,,,,,,,,,,,,,,,,,,,,,,,,,,,,,,,,,,,,,,,,,,,,,,,,,,,,,,,,,,,,,,,,,,,,,,,,,,,,,,,,,,,,,,,,,,,,,,,,,,,,,,,,,,,,,,,,,,,,,190.0,,,,,,,,,,,12.0,12.0,9.0,360.0
McDonald's,Premium Crispy Chicken Deluxe Sandwich 8 oz (227 g),,,,,,,,,,,,,,,,,,,,,,,,,,,,,,,,,,,,,,,,,,,,,,,,,,,,,,,,,,,,,,,,,,,,,,,,,,,,,,,,,,,,,,,,,,,,,,,,,,,,,,,,,,,,,,,,,,,,,,530.0,,,,,,,,,,,22.0,59.0,25.0,1000.0
McDonald's,Chicken Selects (3 pc) 4.4 oz (124 g),,,,,,,,,,,,,,,,,,,,,,,,,,,,,,,,,,,,,,,,,,,,,,,,,,,,,,,,,,,,,,,,,,,,,,,,,,,,,,,,,,,,,,,,,,,,,,,,,,,,,,,,,,,,,,,,,,,,,,370.0,,,,,,,,,,,22.0,20.0,23.0,680.0
McDonald's,Artisan Grilled Chicken Sandwich 7.3 oz (207 g),,,,,,,,,,,,,,,,,,,,,,,,,,,,,,,,,,,,,,,,,,,,,,,,,,,,,,,,,,,,,,,,,,,,,,,,,,,,,,,,,,,,,,,,,,,,,,,,,,,,,,,,,,,,,,,,,,,,,,360.0,,,,,,,,,,,6.0,43.0,33.0,960.0
McDonald's,Premium Buttermilk Crispy Chicken Deluxe Sandwich 8.1 oz (230 g),,,,,,,,,,,,,,,,,,,,,,,,,,,,,,,,,,,,,,,,,,,,,,,,,,,,,,,,,,,,,,,,,,,,,,,,,,,,,,,,,,,,,,,,,,,,,,,,,,,,,,,,,,,,,,,,,,,,,,580.0,,,,,,,,,,,24.0,62.0,29.0,900.0
McDonald's,Bacon Clubhouse Crispy Chicken Sandwich 10 oz (284 g),,,,,,,,,,,,,,,,,,,,,,,,,,,,,,,,,,,,,,,,,,,,,,,,,,,,,,,,,,,,,,,,,,,,,,,,,,,,,,,,,,,,,,,,,,,,,,,,,,,,,,,,,,,,,,,,,,,,,,750.0,,,,,,,,,,,38.0,65.0,36.0,1720.0
McDonald's,Premium McWrap Chicken & Bacon (Crispy) 11 oz (311 g),,,,,,,,,,,,,,,,,,,,,,,,,,,,,,,,,,,,,,,,,,,,,,,,,,,,,,,,,,,,,,,,,,,,,,,,,,,,,,,,,,,,,,,,,,,,,,,,,,,,,,,,,,,,,,,,,,,,,,640.0,,,,,,,,,,,32.0,56.0,33.0,1550.0
McDonald's,Premium McWrap Chicken & Ranch (Crispy) 10.8 oz (305 g),,,,,,,,,,,,,,,,,,,,,,,,,,,,,,,,,,,,,,,,,,,,,,,,,,,,,,,,,,,,,,,,,,,,,,,,,,,,,,,,,,,,,,,,,,,,,,,,,,,,,,,,,,,,,,,,,,,,,,610.0,,,,,,,,,,,31.0,56.0,27.0,1350.0
McDonald's,Premium McWrap Chicken Sweet Chili (Crispy) 10.5 oz (298 g),,,,,,,,,,,,,,,,,,,,,,,,,,,,,,,,,,,,,,,,,,,,,,,,,,,,,,,,,,,,,,,,,,,,,,,,,,,,,,,,,,,,,,,,,,,,,,,,,,,,,,,,,,,,,,,,,,,,,,540.0,,,,,,,,,,,23.0,61.0,24.0,1260.0
McDonald's,Ranch Snack Wrap® (Crispy) 4.5 oz (128 g),,,,,,,,,,,,,,,,,,,,,,,,,,,,,,,,,,,,,,,,,,,,,,,,,,,,,,,,,,,,,,,,,,,,,,,,,,,,,,,,,,,,,,,,,,,,,,,,,,,,,,,,,,,,,,,,,,,,,,360.0,,,,,,,,,,,20.0,32.0,15.0,810.0
McDonald's,Premium Bacon Ranch Salad with Crispy Chicken 9.3 oz (265 g),,,,,,,,,,,,,,,,,,,,,,,,,,,,,,,,,,,,,,,,,,,,,,,,,,,,,,,,,,,,,,,,,,,,,,,,,,,,,,,,,,,,,,,,,,,,,,,,,,,,,,,,,,,,,,,,,,,,,,450.0,,,,,,,,,,,26.0,23.0,30.0,1100.0
McDonald's,Premium Southwest Salad with Crispy Chicken 10.4 oz (294 g),,,,,,,,,,,,,,,,,,,,,,,,,,,,,,,,,,,,,,,,,,,,,,,,,,,,,,,,,,,,,,,,,,,,,,,,,,,,,,,,,,,,,,,,,,,,,,,,,,,,,,,,,,,,,,,,,,,,,,470.0,,,,,,,,,,,24.0,41.0,25.0,890.0
McDonald's,Fruit 'n Yogurt Parfait 5.2 oz (149 g),,,,,,,,,,,,,,,,,,,,,,,,,,,,,,,,,,,,,,,,,,,,,,,,,,,,,,,,,,,,,,,,,,,,,,,,,,,,,,,,,,,,,,,,,,,,,,,,,,,,,,,,,,,,,,,,,,,,,,150.0,,,,,,,,,,,2.0,30.0,4.0,80.0
McDonald's,"Steak, Egg & Cheese Bagel 8.5 oz (242 g)",,,,,,,,,,,,,,,,,,,,,,,,,,,,,,,,,,,,,,,,,,,,,,,,,,,,,,,,,,,,,,,,,,,,,,,,,,,,,,,,,,,,,,,,,,,,,,,,,,,,,,,,,,,,,,,,,,,,,,660.0,,,,,,,,,,,34.0,56.0,33.0,1490.0
McDonald's,Steak & Egg Biscuit (Regular Biscuit) 7 oz (198 g),,,,,,,,,,,,,,,,,,,,,,,,,,,,,,,,,,,,,,,,,,,,,,,,,,,,,,,,,,,,,,,,,,,,,,,,,,,,,,,,,,,,,,,,,,,,,,,,,,,,,,,,,,,,,,,,,,,,,,530.0,,,,,,,,,,,32.0,37.0,25.0,1420.0
McDonald's,Sausage McMuffin with Egg 5.7 oz (162 g),,,,,,,,,,,,,,,,,,,,,,,,,,,,,,,,,,,,,,,,,,,,,,,,,,,,,,,,,,,,,,,,,,,,,,,,,,,,,,,,,,,,,,,,,,,,,,,,,,,,,,,,,,,,,,,,,,,,,,470.0,,,,,,,,,,,30.0,29.0,21.0,830.0
McDonald's,Hotcakes and Sausage 6.7 oz (189 g),,,,,,,,,,,,,,,,,,,,,,,,,,,,,,,,,,,,,,,,,,,,,,,,,,,,,,,,,,,,,,,,,,,,,,,,,,,,,,,,,,,,,,,,,,,,,,,,,,,,,,,,,,,,,,,,,,,,,,510.0,,,,,,,,,,,25.0,55.0,15.0,830.0
McDonald's,Southern Style Chicken Biscuit (Regular Size Biscuit) 4.9 oz (140 g),,,,,,,,,,,,,,,,,,,,,,,,,,,,,,,,,,,,,,,,,,,,,,,,,,,,,,,,,,,,,,,,,,,,,,,,,,,,,,,,,,,,,,,,,,,,,,,,,,,,,,,,,,,,,,,,,,,,,,410.0,,,,,,,,,,,20.0,40.0,17.0,1140.0
McDonald's,Sausage Burrito 3.9 oz (111 g),,,,,,,,,,,,,,,,,,,,,,,,,,,,,,,,,,,,,,,,,,,,,,,,,,,,,,,,,,,,,,,,,,,,,,,,,,,,,,,,,,,,,,,,,,,,,,,,,,,,,,,,,,,,,,,,,,,,,,300.0,,,,,,,,,,,16.0,26.0,12.0,790.0
McDonald's,Fruit & Maple Oatmeal 8.9 oz (251 g),,,,,,,,,,,,,,,,,,,,,,,,,,,,,,,,,,,,,,,,,,,,,,,,,,,,,,,,,,,,,,,,,,,,,,,,,,,,,,,,,,,,,,,,,,,,,,,,,,,,,,,,,,,,,,,,,,,,,,290.0,,,,,,,,,,,4.0,58.0,5.0,160.0
McDonald's,Egg McMuffin® 4.7 oz (134 g),,,,,,,,,,,,,,,,,,,,,,,,,,,,,,,,,,,,,,,,,,,,,,,,,,,,,,,,,,,,,,,,,,,,,,,,,,,,,,,,,,,,,,,,,,,,,,,,,,,,,,,,,,,,,,,,,,,,,,300.0,,,,,,,,,,,12.0,29.0,17.0,730.0
McDonald's,"Bacon, Egg & Cheese Biscuit (Regular Size Biscuit) 5.2 oz (147 g)",,,,,,,,,,,,,,,,,,,,,,,,,,,,,,,,,,,,,,,,,,,,,,,,,,,,,,,,,,,,,,,,,,,,,,,,,,,,,,,,,,,,,,,,,,,,,,,,,,,,,,,,,,,,,,,,,,,,,,450.0,,,,,,,,,,,26.0,36.0,19.0,1260.0
McDonald's,Sausage Biscuit (Regular Size Biscuit) 4.1 oz (117 g),,,,,,,,,,,,,,,,,,,,,,,,,,,,,,,,,,,,,,,,,,,,,,,,,,,,,,,,,,,,,,,,,,,,,,,,,,,,,,,,,,,,,,,,,,,,,,,,,,,,,,,,,,,,,,,,,,,,,,440.0,,,,,,,,,,,30.0,33.0,11.0,1000.0
McDonald's,Sausage Biscuit with Egg (Regular Size Biscuit) 5.8 oz (164 g),,,,,,,,,,,,,,,,,,,,,,,,,,,,,,,,,,,,,,,,,,,,,,,,,,,,,,,,,,,,,,,,,,,,,,,,,,,,,,,,,,,,,,,,,,,,,,,,,,,,,,,,,,,,,,,,,,,,,,520.0,,,,,,,,,,,35.0,35.0,17.0,1080.0
McDonald's,"Bacon, Egg & Cheese McGriddles 6.2 oz (175 g)",,,,,,,,,,,,,,,,,,,,,,,,,,,,,,,,,,,,,,,,,,,,,,,,,,,,,,,,,,,,,,,,,,,,,,,,,,,,,,,,,,,,,,,,,,,,,,,,,,,,,,,,,,,,,,,,,,,,,,450.0,,,,,,,,,,,21.0,48.0,19.0,1240.0
McDonald's,Sausage McGriddles® 5.1 oz (144 g),,,,,,,,,,,,,,,,,,,,,,,,,,,,,,,,,,,,,,,,,,,,,,,,,,,,,,,,,,,,,,,,,,,,,,,,,,,,,,,,,,,,,,,,,,,,,,,,,,,,,,,,,,,,,,,,,,,,,,440.0,,,,,,,,,,,25.0,44.0,11.0,990.0
McDonald's,"Sausage, Egg & Cheese McGriddles® 7.2 oz (205 g)",,,,,,,,,,,,,,,,,,,,,,,,,,,,,,,,,,,,,,,,,,,,,,,,,,,,,,,,,,,,,,,,,,,,,,,,,,,,,,,,,,,,,,,,,,,,,,,,,,,,,,,,,,,,,,,,,,,,,,570.0,,,,,,,,,,,34.0,47.0,19.0,1270.0
McDonald's,"Bacon, Egg & Cheese Bagel with Egg Whites 6.8 oz (194 g)",,,,,,,,,,,,,,,,,,,,,,,,,,,,,,,,,,,,,,,,,,,,,,,,,,,,,,,,,,,,,,,,,,,,,,,,,,,,,,,,,,,,,,,,,,,,,,,,,,,,,,,,,,,,,,,,,,,,,,530.0,,,,,,,,,,,22.0,55.0,27.0,1330.0
McDonald's,Big Breakfast® (Regular Size Biscuit) 9.4 oz (267 g),,,,,,,,,,,,,,,,,,,,,,,,,,,,,,,,,,,,,,,,,,,,,,,,,,,,,,,,,,,,,,,,,,,,,,,,,,,,,,,,,,,,,,,,,,,,,,,,,,,,,,,,,,,,,,,,,,,,,,740.0,,,,,,,,,,,48.0,50.0,25.0,1480.0
McDonald's,Big Breakfast with Hotcakes (Regular Size Biscuit) 14.5 oz (412 g),,,,,,,,,,,,,,,,,,,,,,,,,,,,,,,,,,,,,,,,,,,,,,,,,,,,,,,,,,,,,,,,,,,,,,,,,,,,,,,,,,,,,,,,,,,,,,,,,,,,,,,,,,,,,,,,,,,,,,1050.0,,,,,,,,,,,56.0,105.0,33.0,2010.0
McDonald's,Cinnamon Melts 4 oz (114 g),,,,,,,,,,,,,,,,,,,,,,,,,,,,,,,,,,,,,,,,,,,,,,,,,,,,,,,,,,,,,,,,,,,,,,,,,,,,,,,,,,,,,,,,,,,,,,,,,,,,,,,,,,,,,,,,,,,,,,460.0,,,,,,,,,,,19.0,66.0,6.0,370.0
McDonald's,Hotcakes 5.1 oz (144 g),,,,,,,,,,,,,,,,,,,,,,,,,,,,,,,,,,,,,,,,,,,,,,,,,,,,,,,,,,,,,,,,,,,,,,,,,,,,,,,,,,,,,,,,,,,,,,,,,,,,,,,,,,,,,,,,,,,,,,320.0,,,,,,,,,,,7.0,54.0,8.0,530.0
McDonald's,Egg White Delight 4.8 oz (135 g),,,,,,,,,,,,,,,,,,,,,,,,,,,,,,,,,,,,,,,,,,,,,,,,,,,,,,,,,,,,,,,,,,,,,,,,,,,,,,,,,,,,,,,,,,,,,,,,,,,,,,,,,,,,,,,,,,,,,,250.0,,,,,,,,,,,7.0,29.0,18.0,760.0
McDonald's,HASH BROWNS 2 oz (56 g),,,,,,,,,,,,,,,,,,,,,,,,,,,,,,,,,,,,,,,,,,,,,,,,,,,,,,,,,,,,,,,,,,,,,,,,,,,,,,,,,,,,,,,,,,,,,,,,,,,,,,,,,,,,,,,,,,,,,,150.0,,,,,,,,,,,9.0,15.0,1.0,310.0
McDonald's,"Bacon, Egg & Cheese Biscuit (Large Size Biscuit) 5.9 oz (166 g)",,,,,,,,,,,,,,,,,,,,,,,,,,,,,,,,,,,,,,,,,,,,,,,,,,,,,,,,,,,,,,,,,,,,,,,,,,,,,,,,,,,,,,,,,,,,,,,,,,,,,,,,,,,,,,,,,,,,,,530.0,,,,,,,,,,,31.0,43.0,19.0,1420.0
McDonald's,Big Breakfast with Hotcakes (Large Size Biscuit) 15.2 oz (430 g),,,,,,,,,,,,,,,,,,,,,,,,,,,,,,,,,,,,,,,,,,,,,,,,,,,,,,,,,,,,,,,,,,,,,,,,,,,,,,,,,,,,,,,,,,,,,,,,,,,,,,,,,,,,,,,,,,,,,,1130.0,,,,,,,,,,,61.0,111.0,33.0,2170.0
McDonald's,Big Breakfast® (Large Size Biscuit) 10.1 oz (286 g),,,,,,,,,,,,,,,,,,,,,,,,,,,,,,,,,,,,,,,,,,,,,,,,,,,,,,,,,,,,,,,,,,,,,,,,,,,,,,,,,,,,,,,,,,,,,,,,,,,,,,,,,,,,,,,,,,,,,,810.0,,,,,,,,,,,54.0,57.0,25.0,1640.0
McDonald's,Sausage Biscuit (Large Size Biscuit) 4.8 oz (136 g),,,,,,,,,,,,,,,,,,,,,,,,,,,,,,,,,,,,,,,,,,,,,,,,,,,,,,,,,,,,,,,,,,,,,,,,,,,,,,,,,,,,,,,,,,,,,,,,,,,,,,,,,,,,,,,,,,,,,,520.0,,,,,,,,,,,35.0,40.0,11.0,1160.0
McDonald's,Sausage Biscuit with Egg (Large Size Biscuit) 6.4 oz (182 g),,,,,,,,,,,,,,,,,,,,,,,,,,,,,,,,,,,,,,,,,,,,,,,,,,,,,,,,,,,,,,,,,,,,,,,,,,,,,,,,,,,,,,,,,,,,,,,,,,,,,,,,,,,,,,,,,,,,,,600.0,,,,,,,,,,,41.0,41.0,17.0,1240.0
McDonald's,Southern Style Chicken Biscuit (Large Size Biscuit) 5.6 oz (159 g),,,,,,,,,,,,,,,,,,,,,,,,,,,,,,,,,,,,,,,,,,,,,,,,,,,,,,,,,,,,,,,,,,,,,,,,,,,,,,,,,,,,,,,,,,,,,,,,,,,,,,,,,,,,,,,,,,,,,,480.0,,,,,,,,,,,25.0,46.0,17.0,1300.0
McDonald's,"Bacon, Egg & Cheese Biscuit with Egg Whites (Large Biscuit) 6 oz (170 g)",,,,,,,,,,,,,,,,,,,,,,,,,,,,,,,,,,,,,,,,,,,,,,,,,,,,,,,,,,,,,,,,,,,,,,,,,,,,,,,,,,,,,,,,,,,,,,,,,,,,,,,,,,,,,,,,,,,,,,480.0,,,,,,,,,,,26.0,42.0,20.0,1430.0
McDonald's,Sausage McMuffin with Egg Whites 5.8 oz (163 g),,,,,,,,,,,,,,,,,,,,,,,,,,,,,,,,,,,,,,,,,,,,,,,,,,,,,,,,,,,,,,,,,,,,,,,,,,,,,,,,,,,,,,,,,,,,,,,,,,,,,,,,,,,,,,,,,,,,,,430.0,,,,,,,,,,,25.0,29.0,21.0,850.0
McDonald's,"Bacon, Egg & Cheese McGriddles with Egg Whites 6.3 oz (178 g)",,,,,,,,,,,,,,,,,,,,,,,,,,,,,,,,,,,,,,,,,,,,,,,,,,,,,,,,,,,,,,,,,,,,,,,,,,,,,,,,,,,,,,,,,,,,,,,,,,,,,,,,,,,,,,,,,,,,,,410.0,,,,,,,,,,,16.0,47.0,20.0,1260.0
McDonald's,"Bacon, Egg & Cheese Biscuit with Egg Whites (Regular Biscuit)® 5.3 oz (150 g)",,,,,,,,,,,,,,,,,,,,,,,,,,,,,,,,,,,,,,,,,,,,,,,,,,,,,,,,,,,,,,,,,,,,,,,,,,,,,,,,,,,,,,,,,,,,,,,,,,,,,,,,,,,,,,,,,,,,,,400.0,,,,,,,,,,,20.0,35.0,19.0,1270.0
McDonald's,Big Breakfast with Egg Whites (Large Size Biscuit) 10.3 oz (292 g),,,,,,,,,,,,,,,,,,,,,,,,,,,,,,,,,,,,,,,,,,,,,,,,,,,,,,,,,,,,,,,,,,,,,,,,,,,,,,,,,,,,,,,,,,,,,,,,,,,,,,,,,,,,,,,,,,,,,,730.0,,,,,,,,,,,45.0,55.0,26.0,1670.0
McDonald's,Big Breakfast with Egg Whites (Regular Size Biscuit) 9.6 oz (272 g),,,,,,,,,,,,,,,,,,,,,,,,,,,,,,,,,,,,,,,,,,,,,,,,,,,,,,,,,,,,,,,,,,,,,,,,,,,,,,,,,,,,,,,,,,,,,,,,,,,,,,,,,,,,,,,,,,,,,,650.0,,,,,,,,,,,39.0,49.0,26.0,1510.0
McDonald's,Big Breakfast with Hotcakes and Egg Whites (Large Biscuit) 15.4 oz (437 g),,,,,,,,,,,,,,,,,,,,,,,,,,,,,,,,,,,,,,,,,,,,,,,,,,,,,,,,,,,,,,,,,,,,,,,,,,,,,,,,,,,,,,,,,,,,,,,,,,,,,,,,,,,,,,,,,,,,,,1060.0,,,,,,,,,,,53.0,109.0,34.0,2200.0
McDonald's,Big Breakfast with Hotcakes and Egg Whites (Regular Biscuit) 14.7 oz (417 g),,,,,,,,,,,,,,,,,,,,,,,,,,,,,,,,,,,,,,,,,,,,,,,,,,,,,,,,,,,,,,,,,,,,,,,,,,,,,,,,,,,,,,,,,,,,,,,,,,,,,,,,,,,,,,,,,,,,,,970.0,,,,,,,,,,,47.0,103.0,34.0,2040.0
McDonald's,Fruit & Maple Oatmeal 8.9 oz (251 g),,,,,,,,,,,,,,,,,,,,,,,,,,,,,,,,,,,,,,,,,,,,,,,,,,,,,,,,,,,,,,,,,,,,,,,,,,,,,,,,,,,,,,,,,,,,,,,,,,,,,,,,,,,,,,,,,,,,,,290.0,,,,,,,,,,,4.0,58.0,5.0,160.0
McDonald's,Fruit & Maple Oatmeal without Brown Sugar 8.8 oz (250 g),,,,,,,,,,,,,,,,,,,,,,,,,,,,,,,,,,,,,,,,,,,,,,,,,,,,,,,,,,,,,,,,,,,,,,,,,,,,,,,,,,,,,,,,,,,,,,,,,,,,,,,,,,,,,,,,,,,,,,260.0,,,,,,,,,,,4.0,49.0,5.0,115.0
McDonald's,Sausage Biscuit with Egg Whites (Large Size Biscuit) 6.5 oz (185 g),,,,,,,,,,,,,,,,,,,,,,,,,,,,,,,,,,,,,,,,,,,,,,,,,,,,,,,,,,,,,,,,,,,,,,,,,,,,,,,,,,,,,,,,,,,,,,,,,,,,,,,,,,,,,,,,,,,,,,550.0,,,,,,,,,,,35.0,40.0,18.0,1260.0
McDonald's,Sausage Biscuit with Egg Whites (Regular Size Biscuit) 5.9 oz (167 g),,,,,,,,,,,,,,,,,,,,,,,,,,,,,,,,,,,,,,,,,,,,,,,,,,,,,,,,,,,,,,,,,,,,,,,,,,,,,,,,,,,,,,,,,,,,,,,,,,,,,,,,,,,,,,,,,,,,,,470.0,,,,,,,,,,,30.0,33.0,18.0,1100.0
McDonald's,"Sausage, Egg & Cheese McGriddles with Egg Whites 7.4 oz (209 g)",,,,,,,,,,,,,,,,,,,,,,,,,,,,,,,,,,,,,,,,,,,,,,,,,,,,,,,,,,,,,,,,,,,,,,,,,,,,,,,,,,,,,,,,,,,,,,,,,,,,,,,,,,,,,,,,,,,,,,530.0,,,,,,,,,,,29.0,46.0,20.0,1280.0
McDonald's,"Bacon, Egg & Cheese Bagel 6.7 oz (191 g)",,,,,,,,,,,,,,,,,,,,,,,,,,,,,,,,,,,,,,,,,,,,,,,,,,,,,,,,,,,,,,,,,,,,,,,,,,,,,,,,,,,,,,,,,,,,,,,,,,,,,,,,,,,,,,,,,,,,,,580.0,,,,,,,,,,,28.0,55.0,27.0,1330.0
McDonald's,"Steak, Egg & Cheese McMuffin 6.4 oz (183 g)",,,,,,,,,,,,,,,,,,,,,,,,,,,,,,,,,,,,,,,,,,,,,,,,,,,,,,,,,,,,,,,,,,,,,,,,,,,,,,,,,,,,,,,,,,,,,,,,,,,,,,,,,,,,,,,,,,,,,,430.0,,,,,,,,,,,23.0,30.0,26.0,970.0
McDonald's,Sausage McMuffin 4 oz (114 g),,,,,,,,,,,,,,,,,,,,,,,,,,,,,,,,,,,,,,,,,,,,,,,,,,,,,,,,,,,,,,,,,,,,,,,,,,,,,,,,,,,,,,,,,,,,,,,,,,,,,,,,,,,,,,,,,,,,,,400.0,,,,,,,,,,,25.0,28.0,14.0,750.0
McDonald's,Side Salad 2.7 oz (78 g),,,,,,,,,,,,,,,,,,,,,,,,,,,,,,,,,,,,,,,,,,,,,,,,,,,,,,,,,,,,,,,,,,,,,,,,,,,,,,,,,,,,,,,,,,,,,,,,,,,,,,,,,,,,,,,,,,,,,,15.0,,,,,,,,,,,0.0,3.0,1.0,10.0
McDonald's,Premium Bacon Ranch Salad (without chicken) 5.9 oz (169 g),,,,,,,,,,,,,,,,,,,,,,,,,,,,,,,,,,,,,,,,,,,,,,,,,,,,,,,,,,,,,,,,,,,,,,,,,,,,,,,,,,,,,,,,,,,,,,,,,,,,,,,,,,,,,,,,,,,,,,190.0,,,,,,,,,,,12.0,8.0,14.0,530.0
McDonald's,Premium Southwest Salad (without chicken) 6.1 oz (173 g),,,,,,,,,,,,,,,,,,,,,,,,,,,,,,,,,,,,,,,,,,,,,,,,,,,,,,,,,,,,,,,,,,,,,,,,,,,,,,,,,,,,,,,,,,,,,,,,,,,,,,,,,,,,,,,,,,,,,,160.0,,,,,,,,,,,7.0,18.0,8.0,190.0
McDonald's,Premium Bacon Ranch Salad with Buttermilk Crispy Chicken 9.5 oz (268 g),,,,,,,,,,,,,,,,,,,,,,,,,,,,,,,,,,,,,,,,,,,,,,,,,,,,,,,,,,,,,,,,,,,,,,,,,,,,,,,,,,,,,,,,,,,,,,,,,,,,,,,,,,,,,,,,,,,,,,490.0,,,,,,,,,,,29.0,26.0,34.0,1000.0
McDonald's,Premium Bacon Ranch Salad with Grilled Chicken 9.4 oz (266 g),,,,,,,,,,,,,,,,,,,,,,,,,,,,,,,,,,,,,,,,,,,,,,,,,,,,,,,,,,,,,,,,,,,,,,,,,,,,,,,,,,,,,,,,,,,,,,,,,,,,,,,,,,,,,,,,,,,,,,310.0,,,,,,,,,,,14.0,9.0,38.0,1120.0
McDonald's,Premium Southwest Salad with Buttermilk Crispy Chicken 10.4 oz (294 g),,,,,,,,,,,,,,,,,,,,,,,,,,,,,,,,,,,,,,,,,,,,,,,,,,,,,,,,,,,,,,,,,,,,,,,,,,,,,,,,,,,,,,,,,,,,,,,,,,,,,,,,,,,,,,,,,,,,,,510.0,,,,,,,,,,,26.0,43.0,28.0,790.0
McDonald's,Premium Southwest Salad with Grilled Chicken 10.3 oz (292 g),,,,,,,,,,,,,,,,,,,,,,,,,,,,,,,,,,,,,,,,,,,,,,,,,,,,,,,,,,,,,,,,,,,,,,,,,,,,,,,,,,,,,,,,,,,,,,,,,,,,,,,,,,,,,,,,,,,,,,330.0,,,,,,,,,,,11.0,26.0,33.0,920.0
McDonald's,Fruit 'n Yogurt Parfait 5.2 oz (149 g),,,,,,,,,,,,,,,,,,,,,,,,,,,,,,,,,,,,,,,,,,,,,,,,,,,,,,,,,,,,,,,,,,,,,,,,,,,,,,,,,,,,,,,,,,,,,,,,,,,,,,,,,,,,,,,,,,,,,,150.0,,,,,,,,,,,2.0,30.0,4.0,80.0
McDonald's,Small French Fries 2.6 oz (75 g),,,,,,,,,,,,,,,,,,,,,,,,,,,,,,,,,,,,,,,,,,,,,,,,,,,,,,,,,,,,,,,,,,,,,,,,,,,,,,,,,,,,,,,,,,,,,,,,,,,,,,,,,,,,,,,,,,,,,,230.0,,,,,,,,,,,11.0,30.0,2.0,130.0
McDonald's,Apple Slices 1.2 oz (34 g),,,,,,,,,,,,,,,,,,,,,,,,,,,,,,,,,,,,,,,,,,,,,,,,,,,,,,,,,,,,,,,,,,,,,,,,,,,,,,,,,,,,,,,,,,,,,,,,,,,,,,,,,,,,,,,,,,,,,,15.0,,,,,,,,,,,0.0,4.0,0.0,0.0
McDonald's,Side Salad 2.7 oz (78 g),,,,,,,,,,,,,,,,,,,,,,,,,,,,,,,,,,,,,,,,,,,,,,,,,,,,,,,,,,,,,,,,,,,,,,,,,,,,,,,,,,,,,,,,,,,,,,,,,,,,,,,,,,,,,,,,,,,,,,15.0,,,,,,,,,,,0.0,3.0,1.0,10.0
McDonald's,Large French Fries 5.9 oz (168 g),,,,,,,,,,,,,,,,,,,,,,,,,,,,,,,,,,,,,,,,,,,,,,,,,,,,,,,,,,,,,,,,,,,,,,,,,,,,,,,,,,,,,,,,,,,,,,,,,,,,,,,,,,,,,,,,,,,,,,510.0,,,,,,,,,,,24.0,67.0,6.0,290.0
McDonald's,Medium French Fries 3.9 oz (111 g),,,,,,,,,,,,,,,,,,,,,,,,,,,,,,,,,,,,,,,,,,,,,,,,,,,,,,,,,,,,,,,,,,,,,,,,,,,,,,,,,,,,,,,,,,,,,,,,,,,,,,,,,,,,,,,,,,,,,,340.0,,,,,,,,,,,16.0,44.0,4.0,190.0
McDonald's,Kids Fries 1.3 oz (38 g),,,,,,,,,,,,,,,,,,,,,,,,,,,,,,,,,,,,,,,,,,,,,,,,,,,,,,,,,,,,,,,,,,,,,,,,,,,,,,,,,,,,,,,,,,,,,,,,,,,,,,,,,,,,,,,,,,,,,,110.0,,,,,,,,,,,5.0,15.0,1.0,65.0
McDonald's,Ranch Snack Wrap® (Buttermilk Crispy) 4.6 oz (129 g),,,,,,,,,,,,,,,,,,,,,,,,,,,,,,,,,,,,,,,,,,,,,,,,,,,,,,,,,,,,,,,,,,,,,,,,,,,,,,,,,,,,,,,,,,,,,,,,,,,,,,,,,,,,,,,,,,,,,,380.0,,,,,,,,,,,21.0,33.0,16.0,760.0
McDonald's,Ranch Snack Wrap® (Grilled) 4.5 oz (128 g),,,,,,,,,,,,,,,,,,,,,,,,,,,,,,,,,,,,,,,,,,,,,,,,,,,,,,,,,,,,,,,,,,,,,,,,,,,,,,,,,,,,,,,,,,,,,,,,,,,,,,,,,,,,,,,,,,,,,,290.0,,,,,,,,,,,13.0,25.0,19.0,820.0
McDonald's,Mac Snack Wrap 4.4 oz (125 g),,,,,,,,,,,,,,,,,,,,,,,,,,,,,,,,,,,,,,,,,,,,,,,,,,,,,,,,,,,,,,,,,,,,,,,,,,,,,,,,,,,,,,,,,,,,,,,,,,,,,,,,,,,,,,,,,,,,,,330.0,,,,,,,,,,,19.0,26.0,14.0,670.0
McDonald's,Go-GURT Strawberry Flavored Low Fat Yogurt Tube 2.3 oz (64 g),,,,,,,,,,,,,,,,,,,,,,,,,,,,,,,,,,,,,,,,,,,,,,,,,,,,,,,,,,,,,,,,,,,,,,,,,,,,,,,,,,,,,,,,,,,,,,,,,,,,,,,,,,,,,,,,,,,,,,50.0,,,,,,,,,,,0.5,9.0,2.0,35.0
McDonald's,Cuties 3 oz (85 g),,,,,,,,,,,,,,,,,,,,,,,,,,,,,,,,,,,,,,,,,,,,,,,,,,,,,,,,,,,,,,,,,,,,,,,,,,,,,,,,,,,,,,,,,,,,,,,,,,,,,,,,,,,,,,,,,,,,,,40.0,,,,,,,,,,,0.0,10.0,1.0,0.0
McDonald's,Mozzarella Sticks (Three pieces) 2.3 oz (65 g),,,,,,,,,,,,,,,,,,,,,,,,,,,,,,,,,,,,,,,,,,,,,,,,,,,,,,,,,,,,,,,,,,,,,,,,,,,,,,,,,,,,,,,,,,,,,,,,,,,,,,,,,,,,,,,,,,,,,,200.0,,,,,,,,,,,10.0,18.0,9.0,560.0
McDonald's,Mocha (Small) 12 fl oz cup,,,,,,,,,,,,,,,,,,,,,,,,,,,,,,,,,,,,,,,,,,,,,,,,,,,,,,,,,,,,,,,,,,,,,,,,,,,,,,,,,,,,,,,,,,,,,,,,,,,,,,,,,,,,,,,,,,,,,,340.0,,,,,,,,,,,11.0,49.0,10.0,150.0
McDonald's,Coffee (Small) 12 fl oz cup,,,,,,,,,,,,,,,,,,,,,,,,,,,,,,,,,,,,,,,,,,,,,,,,,,,,,,,,,,,,,,,,,,,,,,,,,,,,,,,,,,,,,,,,,,,,,,,,,,,,,,,,,,,,,,,,,,,,,,0.0,,,,,,,,,,,0.0,0.0,0.0,0.0
McDonald's,Chocolate Shake (Small) 12 fl oz,,,,,,,,,,,,,,,,,,,,,,,,,,,,,,,,,,,,,,,,,,,,,,,,,,,,,,,,,,,,,,,,,,,,,,,,,,,,,,,,,,,,,,,,,,,,,,,,,,,,,,,,,,,,,,,,,,,,,,560.0,,,,,,,,,,,16.0,91.0,12.0,240.0
McDonald's,Vanilla McCafe Shake (Small) 12 fl oz,,,,,,,,,,,,,,,,,,,,,,,,,,,,,,,,,,,,,,,,,,,,,,,,,,,,,,,,,,,,,,,,,,,,,,,,,,,,,,,,,,,,,,,,,,,,,,,,,,,,,,,,,,,,,,,,,,,,,,530.0,,,,,,,,,,,15.0,86.0,11.0,160.0
McDonald's,Strawberry Shake (Small) 12 fl oz,,,,,,,,,,,,,,,,,,,,,,,,,,,,,,,,,,,,,,,,,,,,,,,,,,,,,,,,,,,,,,,,,,,,,,,,,,,,,,,,,,,,,,,,,,,,,,,,,,,,,,,,,,,,,,,,,,,,,,550.0,,,,,,,,,,,16.0,90.0,12.0,160.0
McDonald's,Coffee (Large) 20 fl oz cup,,,,,,,,,,,,,,,,,,,,,,,,,,,,,,,,,,,,,,,,,,,,,,,,,,,,,,,,,,,,,,,,,,,,,,,,,,,,,,,,,,,,,,,,,,,,,,,,,,,,,,,,,,,,,,,,,,,,,,0.0,,,,,,,,,,,0.0,0.0,0.0,0.0
McDonald's,Premium Roast Iced Coffee (Small) -,,,,,,,,,,,,,,,,,,,,,,,,,,,,,,,,,,,,,,,,,,,,,,,,,,,,,,,,,,,,,,,,,,,,,,,,,,,,,,,,,,,,,,,,,,,,,,,,,,,,,,,,,,,,,,,,,,,,,,140.0,,,,,,,,,,,4.5,23.0,1.0,35.0
McDonald's,Caramel Mocha (Small) 12 fl oz cup,,,,,,,,,,,,,,,,,,,,,,,,,,,,,,,,,,,,,,,,,,,,,,,,,,,,,,,,,,,,,,,,,,,,,,,,,,,,,,,,,,,,,,,,,,,,,,,,,,,,,,,,,,,,,,,,,,,,,,320.0,,,,,,,,,,,11.0,45.0,10.0,170.0
McDonald's,Frappe Mocha (Small) 12 fl oz cup,,,,,,,,,,,,,,,,,,,,,,,,,,,,,,,,,,,,,,,,,,,,,,,,,,,,,,,,,,,,,,,,,,,,,,,,,,,,,,,,,,,,,,,,,,,,,,,,,,,,,,,,,,,,,,,,,,,,,,440.0,,,,,,,,,,,18.0,64.0,7.0,125.0
McDonald's,Frappe Caramel (Small) 12 fl oz cup,,,,,,,,,,,,,,,,,,,,,,,,,,,,,,,,,,,,,,,,,,,,,,,,,,,,,,,,,,,,,,,,,,,,,,,,,,,,,,,,,,,,,,,,,,,,,,,,,,,,,,,,,,,,,,,,,,,,,,440.0,,,,,,,,,,,18.0,63.0,7.0,125.0
McDonald's,Frappe Chocolate Chip (Small) 12 fl oz cup,,,,,,,,,,,,,,,,,,,,,,,,,,,,,,,,,,,,,,,,,,,,,,,,,,,,,,,,,,,,,,,,,,,,,,,,,,,,,,,,,,,,,,,,,,,,,,,,,,,,,,,,,,,,,,,,,,,,,,520.0,,,,,,,,,,,22.0,75.0,8.0,130.0
McDonald's,Blueberry Pomegranate Smoothie (Small) 12 fl oz cup,,,,,,,,,,,,,,,,,,,,,,,,,,,,,,,,,,,,,,,,,,,,,,,,,,,,,,,,,,,,,,,,,,,,,,,,,,,,,,,,,,,,,,,,,,,,,,,,,,,,,,,,,,,,,,,,,,,,,,220.0,,,,,,,,,,,0.5,50.0,2.0,40.0
McDonald's,Strawberry Banana Smoothie (Small) 12 fl oz cup,,,,,,,,,,,,,,,,,,,,,,,,,,,,,,,,,,,,,,,,,,,,,,,,,,,,,,,,,,,,,,,,,,,,,,,,,,,,,,,,,,,,,,,,,,,,,,,,,,,,,,,,,,,,,,,,,,,,,,210.0,,,,,,,,,,,0.5,47.0,3.0,50.0
McDonald's,Mango Pineapple Smoothie (Small) 12 fl oz cup,,,,,,,,,,,,,,,,,,,,,,,,,,,,,,,,,,,,,,,,,,,,,,,,,,,,,,,,,,,,,,,,,,,,,,,,,,,,,,,,,,,,,,,,,,,,,,,,,,,,,,,,,,,,,,,,,,,,,,210.0,,,,,,,,,,,0.5,50.0,2.0,40.0
McDonald's,Hot Chocolate (Small) 12 fl oz cup,,,,,,,,,,,,,,,,,,,,,,,,,,,,,,,,,,,,,,,,,,,,,,,,,,,,,,,,,,,,,,,,,,,,,,,,,,,,,,,,,,,,,,,,,,,,,,,,,,,,,,,,,,,,,,,,,,,,,,360.0,,,,,,,,,,,13.0,50.0,11.0,180.0
McDonald's,Minute Maid® 100% Apple Juice Box 6 fl oz (177 ml),,,,,,,,,,,,,,,,,,,,,,,,,,,,,,,,,,,,,,,,,,,,,,,,,,,,,,,,,,,,,,,,,,,,,,,,,,,,,,,,,,,,,,,,,,,,,,,,,,,,,,,,,,,,,,,,,,,,,,80.0,,,,,,,,,,,0.0,21.0,0.0,15.0
McDonald's,Latte (Small) 12 fl oz cup,,,,,,,,,,,,,,,,,,,,,,,,,,,,,,,,,,,,,,,,,,,,,,,,,,,,,,,,,,,,,,,,,,,,,,,,,,,,,,,,,,,,,,,,,,,,,,,,,,,,,,,,,,,,,,,,,,,,,,170.0,,,,,,,,,,,9.0,15.0,9.0,115.0
McDonald's,Shamrock McCafe® Shake (Small) 12 fl oz cup,,,,,,,,,,,,,,,,,,,,,,,,,,,,,,,,,,,,,,,,,,,,,,,,,,,,,,,,,,,,,,,,,,,,,,,,,,,,,,,,,,,,,,,,,,,,,,,,,,,,,,,,,,,,,,,,,,,,,,530.0,,,,,,,,,,,15.0,86.0,11.0,160.0
McDonald's,Iced Mocha (Small) 12 fl oz cup,,,,,,,,,,,,,,,,,,,,,,,,,,,,,,,,,,,,,,,,,,,,,,,,,,,,,,,,,,,,,,,,,,,,,,,,,,,,,,,,,,,,,,,,,,,,,,,,,,,,,,,,,,,,,,,,,,,,,,290.0,,,,,,,,,,,11.0,40.0,8.0,125.0
McDonald's,Iced Caramel Mocha (Small) 12 fl oz cup,,,,,,,,,,,,,,,,,,,,,,,,,,,,,,,,,,,,,,,,,,,,,,,,,,,,,,,,,,,,,,,,,,,,,,,,,,,,,,,,,,,,,,,,,,,,,,,,,,,,,,,,,,,,,,,,,,,,,,270.0,,,,,,,,,,,11.0,37.0,8.0,140.0
McDonald's,White Chocolate Mocha (Small) 12 fl oz cup,,,,,,,,,,,,,,,,,,,,,,,,,,,,,,,,,,,,,,,,,,,,,,,,,,,,,,,,,,,,,,,,,,,,,,,,,,,,,,,,,,,,,,,,,,,,,,,,,,,,,,,,,,,,,,,,,,,,,,320.0,,,,,,,,,,,11.0,47.0,11.0,160.0
McDonald's,Coffee (Medium) 16 fl oz cup,,,,,,,,,,,,,,,,,,,,,,,,,,,,,,,,,,,,,,,,,,,,,,,,,,,,,,,,,,,,,,,,,,,,,,,,,,,,,,,,,,,,,,,,,,,,,,,,,,,,,,,,,,,,,,,,,,,,,,0.0,,,,,,,,,,,0.0,0.0,0.0,0.0
McDonald's,Iced Coffee with Sugar Free French Vanilla Syrup (Large) -,,,,,,,,,,,,,,,,,,,,,,,,,,,,,,,,,,,,,,,,,,,,,,,,,,,,,,,,,,,,,,,,,,,,,,,,,,,,,,,,,,,,,,,,,,,,,,,,,,,,,,,,,,,,,,,,,,,,,,160.0,,,,,,,,,,,9.0,18.0,2.0,135.0
McDonald's,Iced Coffee with Sugar Free French Vanilla Syrup (Medium) -,,,,,,,,,,,,,,,,,,,,,,,,,,,,,,,,,,,,,,,,,,,,,,,,,,,,,,,,,,,,,,,,,,,,,,,,,,,,,,,,,,,,,,,,,,,,,,,,,,,,,,,,,,,,,,,,,,,,,,120.0,,,,,,,,,,,7.0,12.0,1.0,90.0
McDonald's,Iced Coffee with Sugar Free French Vanilla Syrup (Small) -,,,,,,,,,,,,,,,,,,,,,,,,,,,,,,,,,,,,,,,,,,,,,,,,,,,,,,,,,,,,,,,,,,,,,,,,,,,,,,,,,,,,,,,,,,,,,,,,,,,,,,,,,,,,,,,,,,,,,,80.0,,,,,,,,,,,4.5,9.0,1.0,65.0
McDonald's,Iced Coffee Caramel (Large) -,,,,,,,,,,,,,,,,,,,,,,,,,,,,,,,,,,,,,,,,,,,,,,,,,,,,,,,,,,,,,,,,,,,,,,,,,,,,,,,,,,,,,,,,,,,,,,,,,,,,,,,,,,,,,,,,,,,,,,260.0,,,,,,,,,,,9.0,43.0,2.0,65.0
McDonald's,Iced Coffee Caramel (Medium) -,,,,,,,,,,,,,,,,,,,,,,,,,,,,,,,,,,,,,,,,,,,,,,,,,,,,,,,,,,,,,,,,,,,,,,,,,,,,,,,,,,,,,,,,,,,,,,,,,,,,,,,,,,,,,,,,,,,,,,180.0,,,,,,,,,,,7.0,29.0,1.0,50.0
McDonald's,Iced Coffee Caramel (Small) -,,,,,,,,,,,,,,,,,,,,,,,,,,,,,,,,,,,,,,,,,,,,,,,,,,,,,,,,,,,,,,,,,,,,,,,,,,,,,,,,,,,,,,,,,,,,,,,,,,,,,,,,,,,,,,,,,,,,,,130.0,,,,,,,,,,,4.5,22.0,1.0,35.0
McDonald's,Iced Coffee French Vanilla (Large) -,,,,,,,,,,,,,,,,,,,,,,,,,,,,,,,,,,,,,,,,,,,,,,,,,,,,,,,,,,,,,,,,,,,,,,,,,,,,,,,,,,,,,,,,,,,,,,,,,,,,,,,,,,,,,,,,,,,,,,240.0,,,,,,,,,,,9.0,41.0,2.0,80.0
McDonald's,Iced Coffee French Vanilla (Medium) -,,,,,,,,,,,,,,,,,,,,,,,,,,,,,,,,,,,,,,,,,,,,,,,,,,,,,,,,,,,,,,,,,,,,,,,,,,,,,,,,,,,,,,,,,,,,,,,,,,,,,,,,,,,,,,,,,,,,,,170.0,,,,,,,,,,,7.0,27.0,1.0,55.0
McDonald's,Iced Coffee French Vanilla (Small) -,,,,,,,,,,,,,,,,,,,,,,,,,,,,,,,,,,,,,,,,,,,,,,,,,,,,,,,,,,,,,,,,,,,,,,,,,,,,,,,,,,,,,,,,,,,,,,,,,,,,,,,,,,,,,,,,,,,,,,120.0,,,,,,,,,,,4.5,20.0,1.0,40.0
McDonald's,Iced Coffee Hazelnut (Large) -,,,,,,,,,,,,,,,,,,,,,,,,,,,,,,,,,,,,,,,,,,,,,,,,,,,,,,,,,,,,,,,,,,,,,,,,,,,,,,,,,,,,,,,,,,,,,,,,,,,,,,,,,,,,,,,,,,,,,,250.0,,,,,,,,,,,9.0,43.0,2.0,75.0
McDonald's,Iced Coffee Hazelnut (Medium) -,,,,,,,,,,,,,,,,,,,,,,,,,,,,,,,,,,,,,,,,,,,,,,,,,,,,,,,,,,,,,,,,,,,,,,,,,,,,,,,,,,,,,,,,,,,,,,,,,,,,,,,,,,,,,,,,,,,,,,180.0,,,,,,,,,,,7.0,29.0,1.0,50.0
McDonald's,Iced Coffee Hazelnut (Small) -,,,,,,,,,,,,,,,,,,,,,,,,,,,,,,,,,,,,,,,,,,,,,,,,,,,,,,,,,,,,,,,,,,,,,,,,,,,,,,,,,,,,,,,,,,,,,,,,,,,,,,,,,,,,,,,,,,,,,,130.0,,,,,,,,,,,4.5,21.0,1.0,35.0
McDonald's,Iced Coffee Regular (Large) -,,,,,,,,,,,,,,,,,,,,,,,,,,,,,,,,,,,,,,,,,,,,,,,,,,,,,,,,,,,,,,,,,,,,,,,,,,,,,,,,,,,,,,,,,,,,,,,,,,,,,,,,,,,,,,,,,,,,,,270.0,,,,,,,,,,,9.0,47.0,2.0,75.0
McDonald's,Iced Coffee Regular (Medium) -,,,,,,,,,,,,,,,,,,,,,,,,,,,,,,,,,,,,,,,,,,,,,,,,,,,,,,,,,,,,,,,,,,,,,,,,,,,,,,,,,,,,,,,,,,,,,,,,,,,,,,,,,,,,,,,,,,,,,,190.0,,,,,,,,,,,7.0,31.0,1.0,50.0
McDonald's,Iced Coffee Regular (Small) -,,,,,,,,,,,,,,,,,,,,,,,,,,,,,,,,,,,,,,,,,,,,,,,,,,,,,,,,,,,,,,,,,,,,,,,,,,,,,,,,,,,,,,,,,,,,,,,,,,,,,,,,,,,,,,,,,,,,,,140.0,,,,,,,,,,,4.5,23.0,1.0,35.0
McDonald's,Premium Roast Iced Coffee (Large) -,,,,,,,,,,,,,,,,,,,,,,,,,,,,,,,,,,,,,,,,,,,,,,,,,,,,,,,,,,,,,,,,,,,,,,,,,,,,,,,,,,,,,,,,,,,,,,,,,,,,,,,,,,,,,,,,,,,,,,270.0,,,,,,,,,,,9.0,47.0,2.0,75.0
McDonald's,Premium Roast Iced Coffee (Medium) -,,,,,,,,,,,,,,,,,,,,,,,,,,,,,,,,,,,,,,,,,,,,,,,,,,,,,,,,,,,,,,,,,,,,,,,,,,,,,,,,,,,,,,,,,,,,,,,,,,,,,,,,,,,,,,,,,,,,,,190.0,,,,,,,,,,,7.0,31.0,1.0,50.0
McDonald's,Fat Free Chocolate Milk Jug 1 carton (236 ml),,,,,,,,,,,,,,,,,,,,,,,,,,,,,,,,,,,,,,,,,,,,,,,,,,,,,,,,,,,,,,,,,,,,,,,,,,,,,,,,,,,,,,,,,,,,,,,,,,,,,,,,,,,,,,,,,,,,,,130.0,,,,,,,,,,,0.0,23.0,9.0,135.0
McDonald's,Minute Maid® Orange Juice (Small) 12 fl oz cup,,,,,,,,,,,,,,,,,,,,,,,,,,,,,,,,,,,,,,,,,,,,,,,,,,,,,,,,,,,,,,,,,,,,,,,,,,,,,,,,,,,,,,,,,,,,,,,,,,,,,,,,,,,,,,,,,,,,,,150.0,,,,,,,,,,,0.0,34.0,2.0,0.0
McDonald's,Dasani® Water 16.9 fl oz (- {}),,,,,,,,,,,,,,,,,,,,,,,,,,,,,,,,,,,,,,,,,,,,,,,,,,,,,,,,,,,,,,,,,,,,,,,,,,,,,,,,,,,,,,,,,,,,,,,,,,,,,,,,,,,,,,,,,,,,,,0.0,,,,,,,,,,,0.0,0.0,0.0,0.0
McDonald's,One-Percent Low Fat Milk Jug 1 carton (236 ml),,,,,,,,,,,,,,,,,,,,,,,,,,,,,,,,,,,,,,,,,,,,,,,,,,,,,,,,,,,,,,,,,,,,,,,,,,,,,,,,,,,,,,,,,,,,,,,,,,,,,,,,,,,,,,,,,,,,,,100.0,,,,,,,,,,,2.5,12.0,8.0,125.0
McDonald's,Coca-Cola® Classic (Small) 16 fl oz cup,,,,,,,,,,,,,,,,,,,,,,,,,,,,,,,,,,,,,,,,,,,,,,,,,,,,,,,,,,,,,,,,,,,,,,,,,,,,,,,,,,,,,,,,,,,,,,,,,,,,,,,,,,,,,,,,,,,,,,140.0,,,,,,,,,,,0.0,39.0,0.0,0.0
McDonald's,Diet Coke® (Small) 16 fl oz cup,,,,,,,,,,,,,,,,,,,,,,,,,,,,,,,,,,,,,,,,,,,,,,,,,,,,,,,,,,,,,,,,,,,,,,,,,,,,,,,,,,,,,,,,,,,,,,,,,,,,,,,,,,,,,,,,,,,,,,0.0,,,,,,,,,,,0.0,0.0,0.0,10.0
McDonald's,Dr Pepper® (Small) 16 fl oz cup,,,,,,,,,,,,,,,,,,,,,,,,,,,,,,,,,,,,,,,,,,,,,,,,,,,,,,,,,,,,,,,,,,,,,,,,,,,,,,,,,,,,,,,,,,,,,,,,,,,,,,,,,,,,,,,,,,,,,,140.0,,,,,,,,,,,0.0,37.0,0.0,45.0
McDonald's,Diet Dr Pepper® (Small) 16 fl oz cup,,,,,,,,,,,,,,,,,,,,,,,,,,,,,,,,,,,,,,,,,,,,,,,,,,,,,,,,,,,,,,,,,,,,,,,,,,,,,,,,,,,,,,,,,,,,,,,,,,,,,,,,,,,,,,,,,,,,,,0.0,,,,,,,,,,,0.0,0.0,2.0,70.0
McDonald's,Sprite® (Small) 16 fl oz cup,,,,,,,,,,,,,,,,,,,,,,,,,,,,,,,,,,,,,,,,,,,,,,,,,,,,,,,,,,,,,,,,,,,,,,,,,,,,,,,,,,,,,,,,,,,,,,,,,,,,,,,,,,,,,,,,,,,,,,140.0,,,,,,,,,,,0.0,37.0,0.0,30.0
McDonald's,Hi-C® Orange Lavaburst (Small) 16 fl oz cup,,,,,,,,,,,,,,,,,,,,,,,,,,,,,,,,,,,,,,,,,,,,,,,,,,,,,,,,,,,,,,,,,,,,,,,,,,,,,,,,,,,,,,,,,,,,,,,,,,,,,,,,,,,,,,,,,,,,,,160.0,,,,,,,,,,,0.0,43.0,0.0,0.0
McDonald's,Iced Tea (Small) (16 fl oz cup),,,,,,,,,,,,,,,,,,,,,,,,,,,,,,,,,,,,,,,,,,,,,,,,,,,,,,,,,,,,,,,,,,,,,,,,,,,,,,,,,,,,,,,,,,,,,,,,,,,,,,,,,,,,,,,,,,,,,,0.0,,,,,,,,,,,0.0,0.0,0.0,10.0
McDonald's,Sweet Tea (Small) 16 fl oz cup,,,,,,,,,,,,,,,,,,,,,,,,,,,,,,,,,,,,,,,,,,,,,,,,,,,,,,,,,,,,,,,,,,,,,,,,,,,,,,,,,,,,,,,,,,,,,,,,,,,,,,,,,,,,,,,,,,,,,,160.0,,,,,,,,,,,0.0,40.0,0.0,10.0
McDonald's,Minute Maid® Orange Juice (Medium) 16 fl oz cup,,,,,,,,,,,,,,,,,,,,,,,,,,,,,,,,,,,,,,,,,,,,,,,,,,,,,,,,,,,,,,,,,,,,,,,,,,,,,,,,,,,,,,,,,,,,,,,,,,,,,,,,,,,,,,,,,,,,,,190.0,,,,,,,,,,,0.0,44.0,3.0,0.0
McDonald's,POWERade® Mountain Blast (Small) 16 fl oz cup,,,,,,,,,,,,,,,,,,,,,,,,,,,,,,,,,,,,,,,,,,,,,,,,,,,,,,,,,,,,,,,,,,,,,,,,,,,,,,,,,,,,,,,,,,,,,,,,,,,,,,,,,,,,,,,,,,,,,,80.0,,,,,,,,,,,0.0,21.0,0.0,75.0
McDonald's,Sweet Tea (Medium) 21 fl oz cup,,,,,,,,,,,,,,,,,,,,,,,,,,,,,,,,,,,,,,,,,,,,,,,,,,,,,,,,,,,,,,,,,,,,,,,,,,,,,,,,,,,,,,,,,,,,,,,,,,,,,,,,,,,,,,,,,,,,,,220.0,,,,,,,,,,,0.0,56.0,0.0,15.0
McDonald's,Coca-Cola® Classic (Extra Small) 12 fl oz cup,,,,,,,,,,,,,,,,,,,,,,,,,,,,,,,,,,,,,,,,,,,,,,,,,,,,,,,,,,,,,,,,,,,,,,,,,,,,,,,,,,,,,,,,,,,,,,,,,,,,,,,,,,,,,,,,,,,,,,100.0,,,,,,,,,,,0.0,28.0,0.0,0.0
McDonald's,Coca-Cola® Classic (Large) 30 fl oz cup,,,,,,,,,,,,,,,,,,,,,,,,,,,,,,,,,,,,,,,,,,,,,,,,,,,,,,,,,,,,,,,,,,,,,,,,,,,,,,,,,,,,,,,,,,,,,,,,,,,,,,,,,,,,,,,,,,,,,,280.0,,,,,,,,,,,0.0,76.0,0.0,0.0
McDonald's,Coca-Cola® Classic (Medium) 21 fl oz cup,,,,,,,,,,,,,,,,,,,,,,,,,,,,,,,,,,,,,,,,,,,,,,,,,,,,,,,,,,,,,,,,,,,,,,,,,,,,,,,,,,,,,,,,,,,,,,,,,,,,,,,,,,,,,,,,,,,,,,200.0,,,,,,,,,,,0.0,55.0,0.0,5.0
McDonald's,Diet Coke® (Extra Small) 12 fl oz cup,,,,,,,,,,,,,,,,,,,,,,,,,,,,,,,,,,,,,,,,,,,,,,,,,,,,,,,,,,,,,,,,,,,,,,,,,,,,,,,,,,,,,,,,,,,,,,,,,,,,,,,,,,,,,,,,,,,,,,0.0,,,,,,,,,,,0.0,0.0,0.0,15.0
McDonald's,Diet Coke® (Large) 30 fl oz cup,,,,,,,,,,,,,,,,,,,,,,,,,,,,,,,,,,,,,,,,,,,,,,,,,,,,,,,,,,,,,,,,,,,,,,,,,,,,,,,,,,,,,,,,,,,,,,,,,,,,,,,,,,,,,,,,,,,,,,0.0,,,,,,,,,,,0.0,0.0,0.0,35.0
McDonald's,Diet Coke® (Medium) 21 fl oz cup,,,,,,,,,,,,,,,,,,,,,,,,,,,,,,,,,,,,,,,,,,,,,,,,,,,,,,,,,,,,,,,,,,,,,,,,,,,,,,,,,,,,,,,,,,,,,,,,,,,,,,,,,,,,,,,,,,,,,,0.0,,,,,,,,,,,0.0,0.0,0.0,20.0
McDonald's,Diet Dr Pepper® (Extra Small) 12 fl oz cup,,,,,,,,,,,,,,,,,,,,,,,,,,,,,,,,,,,,,,,,,,,,,,,,,,,,,,,,,,,,,,,,,,,,,,,,,,,,,,,,,,,,,,,,,,,,,,,,,,,,,,,,,,,,,,,,,,,,,,0.0,,,,,,,,,,,0.0,0.0,1.0,50.0
McDonald's,Diet Dr Pepper® (Large) 30 fl oz cup,,,,,,,,,,,,,,,,,,,,,,,,,,,,,,,,,,,,,,,,,,,,,,,,,,,,,,,,,,,,,,,,,,,,,,,,,,,,,,,,,,,,,,,,,,,,,,,,,,,,,,,,,,,,,,,,,,,,,,0.0,,,,,,,,,,,0.0,0.0,4.0,140.0
McDonald's,Diet Dr Pepper® (Medium) 21 fl oz cup,,,,,,,,,,,,,,,,,,,,,,,,,,,,,,,,,,,,,,,,,,,,,,,,,,,,,,,,,,,,,,,,,,,,,,,,,,,,,,,,,,,,,,,,,,,,,,,,,,,,,,,,,,,,,,,,,,,,,,0.0,,,,,,,,,,,0.0,0.0,3.0,100.0
McDonald's,Dr Pepper® (Extra Small) 12 fl oz cup,,,,,,,,,,,,,,,,,,,,,,,,,,,,,,,,,,,,,,,,,,,,,,,,,,,,,,,,,,,,,,,,,,,,,,,,,,,,,,,,,,,,,,,,,,,,,,,,,,,,,,,,,,,,,,,,,,,,,,100.0,,,,,,,,,,,0.0,27.0,0.0,30.0
McDonald's,Dr Pepper® (Large) 30 fl oz cup,,,,,,,,,,,,,,,,,,,,,,,,,,,,,,,,,,,,,,,,,,,,,,,,,,,,,,,,,,,,,,,,,,,,,,,,,,,,,,,,,,,,,,,,,,,,,,,,,,,,,,,,,,,,,,,,,,,,,,270.0,,,,,,,,,,,0.0,72.0,0.0,90.0
McDonald's,Dr Pepper® (Medium) 21 fl oz cup,,,,,,,,,,,,,,,,,,,,,,,,,,,,,,,,,,,,,,,,,,,,,,,,,,,,,,,,,,,,,,,,,,,,,,,,,,,,,,,,,,,,,,,,,,,,,,,,,,,,,,,,,,,,,,,,,,,,,,190.0,,,,,,,,,,,0.0,53.0,0.0,65.0
McDonald's,Hi-C® Orange Lavaburst (Extra Small) 12 fl oz cup,,,,,,,,,,,,,,,,,,,,,,,,,,,,,,,,,,,,,,,,,,,,,,,,,,,,,,,,,,,,,,,,,,,,,,,,,,,,,,,,,,,,,,,,,,,,,,,,,,,,,,,,,,,,,,,,,,,,,,110.0,,,,,,,,,,,0.0,31.0,0.0,0.0
McDonald's,Hi-C® Orange Lavaburst (Large) 30 fl oz cup,,,,,,,,,,,,,,,,,,,,,,,,,,,,,,,,,,,,,,,,,,,,,,,,,,,,,,,,,,,,,,,,,,,,,,,,,,,,,,,,,,,,,,,,,,,,,,,,,,,,,,,,,,,,,,,,,,,,,,310.0,,,,,,,,,,,0.0,84.0,0.0,0.0
McDonald's,Hi-C® Orange Lavaburst (Medium) 21 fl oz cup,,,,,,,,,,,,,,,,,,,,,,,,,,,,,,,,,,,,,,,,,,,,,,,,,,,,,,,,,,,,,,,,,,,,,,,,,,,,,,,,,,,,,,,,,,,,,,,,,,,,,,,,,,,,,,,,,,,,,,230.0,,,,,,,,,,,0.0,61.0,0.0,0.0
McDonald's,Iced Tea (Extra Small) (12 fl oz cup),,,,,,,,,,,,,,,,,,,,,,,,,,,,,,,,,,,,,,,,,,,,,,,,,,,,,,,,,,,,,,,,,,,,,,,,,,,,,,,,,,,,,,,,,,,,,,,,,,,,,,,,,,,,,,,,,,,,,,0.0,,,,,,,,,,,0.0,0.0,0.0,5.0
McDonald's,Iced Tea (Large) (32 fl oz cup),,,,,,,,,,,,,,,,,,,,,,,,,,,,,,,,,,,,,,,,,,,,,,,,,,,,,,,,,,,,,,,,,,,,,,,,,,,,,,,,,,,,,,,,,,,,,,,,,,,,,,,,,,,,,,,,,,,,,,0.0,,,,,,,,,,,0.0,0.0,0.0,15.0
McDonald's,Iced Tea (Medium) (21 fl oz cup),,,,,,,,,,,,,,,,,,,,,,,,,,,,,,,,,,,,,,,,,,,,,,,,,,,,,,,,,,,,,,,,,,,,,,,,,,,,,,,,,,,,,,,,,,,,,,,,,,,,,,,,,,,,,,,,,,,,,,0.0,,,,,,,,,,,0.0,0.0,0.0,10.0
McDonald's,Minute Maid® Orange Juice (Large) 22 fl oz cup,,,,,,,,,,,,,,,,,,,,,,,,,,,,,,,,,,,,,,,,,,,,,,,,,,,,,,,,,,,,,,,,,,,,,,,,,,,,,,,,,,,,,,,,,,,,,,,,,,,,,,,,,,,,,,,,,,,,,,280.0,,,,,,,,,,,0.0,65.0,4.0,0.0
McDonald's,POWERade® Mountain Blast (Extra Small) 12 fl oz cup,,,,,,,,,,,,,,,,,,,,,,,,,,,,,,,,,,,,,,,,,,,,,,,,,,,,,,,,,,,,,,,,,,,,,,,,,,,,,,,,,,,,,,,,,,,,,,,,,,,,,,,,,,,,,,,,,,,,,,60.0,,,,,,,,,,,0.0,15.0,0.0,55.0
McDonald's,POWERade® Mountain Blast (Large) 30 fl oz cup,,,,,,,,,,,,,,,,,,,,,,,,,,,,,,,,,,,,,,,,,,,,,,,,,,,,,,,,,,,,,,,,,,,,,,,,,,,,,,,,,,,,,,,,,,,,,,,,,,,,,,,,,,,,,,,,,,,,,,160.0,,,,,,,,,,,0.0,42.0,0.0,150.0
McDonald's,POWERade® Mountain Blast (Medium) 21 fl oz cup,,,,,,,,,,,,,,,,,,,,,,,,,,,,,,,,,,,,,,,,,,,,,,,,,,,,,,,,,,,,,,,,,,,,,,,,,,,,,,,,,,,,,,,,,,,,,,,,,,,,,,,,,,,,,,,,,,,,,,120.0,,,,,,,,,,,0.0,30.0,0.0,105.0
McDonald's,Sprite® (Extra Small) 12 fl oz cup,,,,,,,,,,,,,,,,,,,,,,,,,,,,,,,,,,,,,,,,,,,,,,,,,,,,,,,,,,,,,,,,,,,,,,,,,,,,,,,,,,,,,,,,,,,,,,,,,,,,,,,,,,,,,,,,,,,,,,100.0,,,,,,,,,,,0.0,27.0,0.0,25.0
McDonald's,Sprite® (Large) 30 fl oz cup,,,,,,,,,,,,,,,,,,,,,,,,,,,,,,,,,,,,,,,,,,,,,,,,,,,,,,,,,,,,,,,,,,,,,,,,,,,,,,,,,,,,,,,,,,,,,,,,,,,,,,,,,,,,,,,,,,,,,,280.0,,,,,,,,,,,0.0,74.0,0.0,60.0
McDonald's,Sprite® (Medium) 21 fl oz cup,,,,,,,,,,,,,,,,,,,,,,,,,,,,,,,,,,,,,,,,,,,,,,,,,,,,,,,,,,,,,,,,,,,,,,,,,,,,,,,,,,,,,,,,,,,,,,,,,,,,,,,,,,,,,,,,,,,,,,200.0,,,,,,,,,,,0.0,54.0,0.0,45.0
McDonald's,Sweet Tea (Extra Small) 12 fl oz cup,,,,,,,,,,,,,,,,,,,,,,,,,,,,,,,,,,,,,,,,,,,,,,,,,,,,,,,,,,,,,,,,,,,,,,,,,,,,,,,,,,,,,,,,,,,,,,,,,,,,,,,,,,,,,,,,,,,,,,130.0,,,,,,,,,,,0.0,32.0,0.0,0.0
McDonald's,Sweet Tea (Large) 30 fl oz cup,,,,,,,,,,,,,,,,,,,,,,,,,,,,,,,,,,,,,,,,,,,,,,,,,,,,,,,,,,,,,,,,,,,,,,,,,,,,,,,,,,,,,,,,,,,,,,,,,,,,,,,,,,,,,,,,,,,,,,280.0,,,,,,,,,,,0.0,71.0,1.0,15.0
McDonald's,White Hot Chocolate (Small) 13.3 oz (376 g),,,,,,,,,,,,,,,,,,,,,,,,,,,,,,,,,,,,,,,,,,,,,,,,,,,,,,,,,,,,,,,,,,,,,,,,,,,,,,,,,,,,,,,,,,,,,,,,,,,,,,,,,,,,,,,,,,,,,,350.0,,,,,,,,,,,13.0,48.0,12.0,180.0
McDonald's,White Hot Chocolate (Medium) 16.3 oz (463 g),,,,,,,,,,,,,,,,,,,,,,,,,,,,,,,,,,,,,,,,,,,,,,,,,,,,,,,,,,,,,,,,,,,,,,,,,,,,,,,,,,,,,,,,,,,,,,,,,,,,,,,,,,,,,,,,,,,,,,420.0,,,,,,,,,,,15.0,59.0,14.0,230.0
McDonald's,White Hot Chocolate (Large) 20.8 oz (589 g),,,,,,,,,,,,,,,,,,,,,,,,,,,,,,,,,,,,,,,,,,,,,,,,,,,,,,,,,,,,,,,,,,,,,,,,,,,,,,,,,,,,,,,,,,,,,,,,,,,,,,,,,,,,,,,,,,,,,,520.0,,,,,,,,,,,19.0,71.0,18.0,290.0
McDonald's,Red Flash (Extra Small) 9.2 oz (260 g),,,,,,,,,,,,,,,,,,,,,,,,,,,,,,,,,,,,,,,,,,,,,,,,,,,,,,,,,,,,,,,,,,,,,,,,,,,,,,,,,,,,,,,,,,,,,,,,,,,,,,,,,,,,,,,,,,,,,,110.0,,,,,,,,,,,0.0,29.0,0.0,0.0
McDonald's,Red Flash (Small) 12.6 oz (358 g),,,,,,,,,,,,,,,,,,,,,,,,,,,,,,,,,,,,,,,,,,,,,,,,,,,,,,,,,,,,,,,,,,,,,,,,,,,,,,,,,,,,,,,,,,,,,,,,,,,,,,,,,,,,,,,,,,,,,,150.0,,,,,,,,,,,0.0,41.0,0.0,0.0
McDonald's,Red Flash (Medium) 18.2 oz (515 g),,,,,,,,,,,,,,,,,,,,,,,,,,,,,,,,,,,,,,,,,,,,,,,,,,,,,,,,,,,,,,,,,,,,,,,,,,,,,,,,,,,,,,,,,,,,,,,,,,,,,,,,,,,,,,,,,,,,,,220.0,,,,,,,,,,,0.0,58.0,0.0,0.0
McDonald's,Red Flash (Large) 25 oz (709 g),,,,,,,,,,,,,,,,,,,,,,,,,,,,,,,,,,,,,,,,,,,,,,,,,,,,,,,,,,,,,,,,,,,,,,,,,,,,,,,,,,,,,,,,,,,,,,,,,,,,,,,,,,,,,,,,,,,,,,300.0,,,,,,,,,,,0.0,81.0,0.0,0.0
McDonald's,Iced Classic Lemonade (Small) 12.3 oz (348 g),,,,,,,,,,,,,,,,,,,,,,,,,,,,,,,,,,,,,,,,,,,,,,,,,,,,,,,,,,,,,,,,,,,,,,,,,,,,,,,,,,,,,,,,,,,,,,,,,,,,,,,,,,,,,,,,,,,,,,100.0,,,,,,,,,,,0.0,25.0,0.0,10.0
McDonald's,Iced Classic Lemonade (Medium) 15.6 oz (441 g),,,,,,,,,,,,,,,,,,,,,,,,,,,,,,,,,,,,,,,,,,,,,,,,,,,,,,,,,,,,,,,,,,,,,,,,,,,,,,,,,,,,,,,,,,,,,,,,,,,,,,,,,,,,,,,,,,,,,,130.0,,,,,,,,,,,0.0,32.0,0.0,15.0
McDonald's,Iced Classic Lemonade (Large) 20.3 oz (574 g),,,,,,,,,,,,,,,,,,,,,,,,,,,,,,,,,,,,,,,,,,,,,,,,,,,,,,,,,,,,,,,,,,,,,,,,,,,,,,,,,,,,,,,,,,,,,,,,,,,,,,,,,,,,,,,,,,,,,,170.0,,,,,,,,,,,0.0,43.0,1.0,15.0
McDonald's,Iced Classic Lemonade (Extra Large) 34.3 oz (973 g),,,,,,,,,,,,,,,,,,,,,,,,,,,,,,,,,,,,,,,,,,,,,,,,,,,,,,,,,,,,,,,,,,,,,,,,,,,,,,,,,,,,,,,,,,,,,,,,,,,,,,,,,,,,,,,,,,,,,,250.0,,,,,,,,,,,0.0,63.0,1.0,30.0
McDonald's,Frozen Classic Lemonade (Small) 12.6 oz (357 g),,,,,,,,,,,,,,,,,,,,,,,,,,,,,,,,,,,,,,,,,,,,,,,,,,,,,,,,,,,,,,,,,,,,,,,,,,,,,,,,,,,,,,,,,,,,,,,,,,,,,,,,,,,,,,,,,,,,,,160.0,,,,,,,,,,,0.0,40.0,0.0,10.0
McDonald's,Frozen Classic Lemonade (Medium) 15.6 oz (442 g),,,,,,,,,,,,,,,,,,,,,,,,,,,,,,,,,,,,,,,,,,,,,,,,,,,,,,,,,,,,,,,,,,,,,,,,,,,,,,,,,,,,,,,,,,,,,,,,,,,,,,,,,,,,,,,,,,,,,,200.0,,,,,,,,,,,0.0,50.0,0.0,15.0
McDonald's,Frozen Classic Lemonade (Large) 19.5 oz (553 g),,,,,,,,,,,,,,,,,,,,,,,,,,,,,,,,,,,,,,,,,,,,,,,,,,,,,,,,,,,,,,,,,,,,,,,,,,,,,,,,,,,,,,,,,,,,,,,,,,,,,,,,,,,,,,,,,,,,,,250.0,,,,,,,,,,,0.0,63.0,0.0,15.0
McDonald's,Frozen Classic Lemonade (Extra Large) 31.2 oz (885 g),,,,,,,,,,,,,,,,,,,,,,,,,,,,,,,,,,,,,,,,,,,,,,,,,,,,,,,,,,,,,,,,,,,,,,,,,,,,,,,,,,,,,,,,,,,,,,,,,,,,,,,,,,,,,,,,,,,,,,390.0,,,,,,,,,,,0.0,100.0,1.0,25.0
McDonald's,Iced Strawberry Lemonade (Small) 13.8 oz (390 g),,,,,,,,,,,,,,,,,,,,,,,,,,,,,,,,,,,,,,,,,,,,,,,,,,,,,,,,,,,,,,,,,,,,,,,,,,,,,,,,,,,,,,,,,,,,,,,,,,,,,,,,,,,,,,,,,,,,,,120.0,,,,,,,,,,,0.0,32.0,1.0,10.0
McDonald's,Iced Strawberry Lemonade (Medium) 17.6 oz (500 g),,,,,,,,,,,,,,,,,,,,,,,,,,,,,,,,,,,,,,,,,,,,,,,,,,,,,,,,,,,,,,,,,,,,,,,,,,,,,,,,,,,,,,,,,,,,,,,,,,,,,,,,,,,,,,,,,,,,,,160.0,,,,,,,,,,,0.0,43.0,1.0,15.0
McDonald's,Iced Strawberry Lemonade (Large) 22.9 oz (649 g),,,,,,,,,,,,,,,,,,,,,,,,,,,,,,,,,,,,,,,,,,,,,,,,,,,,,,,,,,,,,,,,,,,,,,,,,,,,,,,,,,,,,,,,,,,,,,,,,,,,,,,,,,,,,,,,,,,,,,220.0,,,,,,,,,,,0.0,57.0,1.0,20.0
McDonald's,Iced Strawberry Lemonade (Extra Large) 37.5 oz (1063 g),,,,,,,,,,,,,,,,,,,,,,,,,,,,,,,,,,,,,,,,,,,,,,,,,,,,,,,,,,,,,,,,,,,,,,,,,,,,,,,,,,,,,,,,,,,,,,,,,,,,,,,,,,,,,,,,,,,,,,310.0,,,,,,,,,,,0.0,80.0,1.0,30.0
McDonald's,Frozen Strawberry Lemonade (Small) 14.1 oz (399 g),,,,,,,,,,,,,,,,,,,,,,,,,,,,,,,,,,,,,,,,,,,,,,,,,,,,,,,,,,,,,,,,,,,,,,,,,,,,,,,,,,,,,,,,,,,,,,,,,,,,,,,,,,,,,,,,,,,,,,180.0,,,,,,,,,,,0.0,48.0,1.0,10.0
McDonald's,Frozen Strawberry Lemonade (Medium) 17.7 oz (501 g),,,,,,,,,,,,,,,,,,,,,,,,,,,,,,,,,,,,,,,,,,,,,,,,,,,,,,,,,,,,,,,,,,,,,,,,,,,,,,,,,,,,,,,,,,,,,,,,,,,,,,,,,,,,,,,,,,,,,,230.0,,,,,,,,,,,0.0,61.0,1.0,15.0
McDonald's,Frozen Strawberry Lemonade (Large) 22.1 oz (627 g),,,,,,,,,,,,,,,,,,,,,,,,,,,,,,,,,,,,,,,,,,,,,,,,,,,,,,,,,,,,,,,,,,,,,,,,,,,,,,,,,,,,,,,,,,,,,,,,,,,,,,,,,,,,,,,,,,,,,,290.0,,,,,,,,,,,0.0,76.0,1.0,15.0
McDonald's,Frozen Strawberry Lemonade (Extra Large) 34.4 oz (974 g),,,,,,,,,,,,,,,,,,,,,,,,,,,,,,,,,,,,,,,,,,,,,,,,,,,,,,,,,,,,,,,,,,,,,,,,,,,,,,,,,,,,,,,,,,,,,,,,,,,,,,,,,,,,,,,,,,,,,,450.0,,,,,,,,,,,0.5,117.0,1.0,25.0
McDonald's,Southern Style Iced Lemonade (Small) 12.3 oz (348 g),,,,,,,,,,,,,,,,,,,,,,,,,,,,,,,,,,,,,,,,,,,,,,,,,,,,,,,,,,,,,,,,,,,,,,,,,,,,,,,,,,,,,,,,,,,,,,,,,,,,,,,,,,,,,,,,,,,,,,140.0,,,,,,,,,,,0.0,37.0,0.0,105.0
McDonald's,Southern Style Iced Lemonade (Medium) 15.6 oz (441 g),,,,,,,,,,,,,,,,,,,,,,,,,,,,,,,,,,,,,,,,,,,,,,,,,,,,,,,,,,,,,,,,,,,,,,,,,,,,,,,,,,,,,,,,,,,,,,,,,,,,,,,,,,,,,,,,,,,,,,180.0,,,,,,,,,,,0.0,48.0,0.0,135.0
McDonald's,Southern Style Iced Lemonade (Large) 20.3 oz (574 g),,,,,,,,,,,,,,,,,,,,,,,,,,,,,,,,,,,,,,,,,,,,,,,,,,,,,,,,,,,,,,,,,,,,,,,,,,,,,,,,,,,,,,,,,,,,,,,,,,,,,,,,,,,,,,,,,,,,,,240.0,,,,,,,,,,,0.0,64.0,0.0,180.0
McDonald's,Southern Style Iced Lemonade (Extra Large) 34.3 oz (973 g),,,,,,,,,,,,,,,,,,,,,,,,,,,,,,,,,,,,,,,,,,,,,,,,,,,,,,,,,,,,,,,,,,,,,,,,,,,,,,,,,,,,,,,,,,,,,,,,,,,,,,,,,,,,,,,,,,,,,,350.0,,,,,,,,,,,0.0,94.0,0.0,270.0
McDonald's,Southern Style Frozen Lemonade (Small) 12.6 oz (357 g),,,,,,,,,,,,,,,,,,,,,,,,,,,,,,,,,,,,,,,,,,,,,,,,,,,,,,,,,,,,,,,,,,,,,,,,,,,,,,,,,,,,,,,,,,,,,,,,,,,,,,,,,,,,,,,,,,,,,,230.0,,,,,,,,,,,0.0,61.0,0.0,170.0
McDonald's,Southern Style Frozen Lemonade (Medium) 15.6 oz (442 g),,,,,,,,,,,,,,,,,,,,,,,,,,,,,,,,,,,,,,,,,,,,,,,,,,,,,,,,,,,,,,,,,,,,,,,,,,,,,,,,,,,,,,,,,,,,,,,,,,,,,,,,,,,,,,,,,,,,,,280.0,,,,,,,,,,,0.0,76.0,0.0,210.0
McDonald's,Southern Style Frozen Lemonade (Large) 19.5 oz (553 g),,,,,,,,,,,,,,,,,,,,,,,,,,,,,,,,,,,,,,,,,,,,,,,,,,,,,,,,,,,,,,,,,,,,,,,,,,,,,,,,,,,,,,,,,,,,,,,,,,,,,,,,,,,,,,,,,,,,,,360.0,,,,,,,,,,,0.0,95.0,0.0,270.0
McDonald's,Southern Style Frozen Lemonade (Extra Large) 31.2 oz (885 g),,,,,,,,,,,,,,,,,,,,,,,,,,,,,,,,,,,,,,,,,,,,,,,,,,,,,,,,,,,,,,,,,,,,,,,,,,,,,,,,,,,,,,,,,,,,,,,,,,,,,,,,,,,,,,,,,,,,,,570.0,,,,,,,,,,,0.0,151.0,0.0,420.0
McDonald's,Southern Style Iced Strawberry Lemonade (Small) 13.8 oz (390 g),,,,,,,,,,,,,,,,,,,,,,,,,,,,,,,,,,,,,,,,,,,,,,,,,,,,,,,,,,,,,,,,,,,,,,,,,,,,,,,,,,,,,,,,,,,,,,,,,,,,,,,,,,,,,,,,,,,,,,160.0,,,,,,,,,,,0.0,44.0,0.0,105.0
McDonald's,Southern Style Iced Strawberry Lemonade (Medium) 17.6 oz (500 g),,,,,,,,,,,,,,,,,,,,,,,,,,,,,,,,,,,,,,,,,,,,,,,,,,,,,,,,,,,,,,,,,,,,,,,,,,,,,,,,,,,,,,,,,,,,,,,,,,,,,,,,,,,,,,,,,,,,,,220.0,,,,,,,,,,,0.0,59.0,1.0,135.0
McDonald's,Southern Style Iced Strawberry Lemonade (Large) 22.9 oz (649 g),,,,,,,,,,,,,,,,,,,,,,,,,,,,,,,,,,,,,,,,,,,,,,,,,,,,,,,,,,,,,,,,,,,,,,,,,,,,,,,,,,,,,,,,,,,,,,,,,,,,,,,,,,,,,,,,,,,,,,290.0,,,,,,,,,,,0.0,78.0,1.0,180.0
McDonald's,Southern Style Iced Strawberry Lemonade (Extra Large) 37.5 oz (1063 g),,,,,,,,,,,,,,,,,,,,,,,,,,,,,,,,,,,,,,,,,,,,,,,,,,,,,,,,,,,,,,,,,,,,,,,,,,,,,,,,,,,,,,,,,,,,,,,,,,,,,,,,,,,,,,,,,,,,,,410.0,,,,,,,,,,,0.0,111.0,1.0,270.0
McDonald's,Southern Style Frozen Strawberry Lemonade (Small) 14.1 oz (399 g),,,,,,,,,,,,,,,,,,,,,,,,,,,,,,,,,,,,,,,,,,,,,,,,,,,,,,,,,,,,,,,,,,,,,,,,,,,,,,,,,,,,,,,,,,,,,,,,,,,,,,,,,,,,,,,,,,,,,,260.0,,,,,,,,,,,0.0,68.0,0.0,170.0
McDonald's,Southern Style Frozen Strawberry Lemonade (Medium) 17.7 oz (501 g),,,,,,,,,,,,,,,,,,,,,,,,,,,,,,,,,,,,,,,,,,,,,,,,,,,,,,,,,,,,,,,,,,,,,,,,,,,,,,,,,,,,,,,,,,,,,,,,,,,,,,,,,,,,,,,,,,,,,,320.0,,,,,,,,,,,0.0,86.0,0.0,210.0
McDonald's,Southern Style Frozen Strawberry Lemonade (Large) 22.1 oz (627 g),,,,,,,,,,,,,,,,,,,,,,,,,,,,,,,,,,,,,,,,,,,,,,,,,,,,,,,,,,,,,,,,,,,,,,,,,,,,,,,,,,,,,,,,,,,,,,,,,,,,,,,,,,,,,,,,,,,,,,400.0,,,,,,,,,,,0.0,108.0,0.0,270.0
McDonald's,Southern Style Frozen Strawberry Lemonade (Extra Large) 34.4 oz (974 g),,,,,,,,,,,,,,,,,,,,,,,,,,,,,,,,,,,,,,,,,,,,,,,,,,,,,,,,,,,,,,,,,,,,,,,,,,,,,,,,,,,,,,,,,,,,,,,,,,,,,,,,,,,,,,,,,,,,,,630.0,,,,,,,,,,,0.0,168.0,1.0,430.0
McDonald's,Oreo Frappe (Small) 14.6 oz (413 g),,,,,,,,,,,,,,,,,,,,,,,,,,,,,,,,,,,,,,,,,,,,,,,,,,,,,,,,,,,,,,,,,,,,,,,,,,,,,,,,,,,,,,,,,,,,,,,,,,,,,,,,,,,,,,,,,,,,,,540.0,,,,,,,,,,,20.0,82.0,7.0,170.0
McDonald's,Oreo Frappe (Medium) 18.3 oz (518 g),,,,,,,,,,,,,,,,,,,,,,,,,,,,,,,,,,,,,,,,,,,,,,,,,,,,,,,,,,,,,,,,,,,,,,,,,,,,,,,,,,,,,,,,,,,,,,,,,,,,,,,,,,,,,,,,,,,,,,650.0,,,,,,,,,,,24.0,102.0,9.0,200.0
McDonald's,Oreo Frappe (Large) 22.9 oz (648 g),,,,,,,,,,,,,,,,,,,,,,,,,,,,,,,,,,,,,,,,,,,,,,,,,,,,,,,,,,,,,,,,,,,,,,,,,,,,,,,,,,,,,,,,,,,,,,,,,,,,,,,,,,,,,,,,,,,,,,810.0,,,,,,,,,,,28.0,128.0,11.0,240.0
McDonald's,McCafe Mocha (Small) 12 fl oz cup,,,,,,,,,,,,,,,,,,,,,,,,,,,,,,,,,,,,,,,,,,,,,,,,,,,,,,,,,,,,,,,,,,,,,,,,,,,,,,,,,,,,,,,,,,,,,,,,,,,,,,,,,,,,,,,,,,,,,,340.0,,,,,,,,,,,11.0,49.0,10.0,150.0
McDonald's,Coffee (Small) 12 fl oz cup,,,,,,,,,,,,,,,,,,,,,,,,,,,,,,,,,,,,,,,,,,,,,,,,,,,,,,,,,,,,,,,,,,,,,,,,,,,,,,,,,,,,,,,,,,,,,,,,,,,,,,,,,,,,,,,,,,,,,,0.0,,,,,,,,,,,0.0,0.0,0.0,0.0
McDonald's,Chocolate Shake (Medium) 16 fl oz,,,,,,,,,,,,,,,,,,,,,,,,,,,,,,,,,,,,,,,,,,,,,,,,,,,,,,,,,,,,,,,,,,,,,,,,,,,,,,,,,,,,,,,,,,,,,,,,,,,,,,,,,,,,,,,,,,,,,,700.0,,,,,,,,,,,20.0,114.0,15.0,300.0
McDonald's,Chocolate Shake (Large) 22 fl oz,,,,,,,,,,,,,,,,,,,,,,,,,,,,,,,,,,,,,,,,,,,,,,,,,,,,,,,,,,,,,,,,,,,,,,,,,,,,,,,,,,,,,,,,,,,,,,,,,,,,,,,,,,,,,,,,,,,,,,850.0,,,,,,,,,,,23.0,141.0,19.0,380.0
McDonald's,Chocolate Shake (Small) 12 fl oz,,,,,,,,,,,,,,,,,,,,,,,,,,,,,,,,,,,,,,,,,,,,,,,,,,,,,,,,,,,,,,,,,,,,,,,,,,,,,,,,,,,,,,,,,,,,,,,,,,,,,,,,,,,,,,,,,,,,,,560.0,,,,,,,,,,,16.0,91.0,12.0,240.0
McDonald's,Vanilla McCafe Shake (Small) 12 fl oz,,,,,,,,,,,,,,,,,,,,,,,,,,,,,,,,,,,,,,,,,,,,,,,,,,,,,,,,,,,,,,,,,,,,,,,,,,,,,,,,,,,,,,,,,,,,,,,,,,,,,,,,,,,,,,,,,,,,,,530.0,,,,,,,,,,,15.0,86.0,11.0,160.0
McDonald's,Strawberry Shake (Small) 12 fl oz,,,,,,,,,,,,,,,,,,,,,,,,,,,,,,,,,,,,,,,,,,,,,,,,,,,,,,,,,,,,,,,,,,,,,,,,,,,,,,,,,,,,,,,,,,,,,,,,,,,,,,,,,,,,,,,,,,,,,,550.0,,,,,,,,,,,16.0,90.0,12.0,160.0
McDonald's,Coffee (Large) 20 fl oz cup,,,,,,,,,,,,,,,,,,,,,,,,,,,,,,,,,,,,,,,,,,,,,,,,,,,,,,,,,,,,,,,,,,,,,,,,,,,,,,,,,,,,,,,,,,,,,,,,,,,,,,,,,,,,,,,,,,,,,,0.0,,,,,,,,,,,0.0,0.0,0.0,0.0
McDonald's,Premium Roast Iced Coffee (Small) -,,,,,,,,,,,,,,,,,,,,,,,,,,,,,,,,,,,,,,,,,,,,,,,,,,,,,,,,,,,,,,,,,,,,,,,,,,,,,,,,,,,,,,,,,,,,,,,,,,,,,,,,,,,,,,,,,,,,,,140.0,,,,,,,,,,,4.5,23.0,1.0,35.0
McDonald's,Caramel Mocha (Small) 12 fl oz cup,,,,,,,,,,,,,,,,,,,,,,,,,,,,,,,,,,,,,,,,,,,,,,,,,,,,,,,,,,,,,,,,,,,,,,,,,,,,,,,,,,,,,,,,,,,,,,,,,,,,,,,,,,,,,,,,,,,,,,320.0,,,,,,,,,,,11.0,45.0,10.0,170.0
McDonald's,Frappe Mocha (Small) 12 fl oz cup,,,,,,,,,,,,,,,,,,,,,,,,,,,,,,,,,,,,,,,,,,,,,,,,,,,,,,,,,,,,,,,,,,,,,,,,,,,,,,,,,,,,,,,,,,,,,,,,,,,,,,,,,,,,,,,,,,,,,,440.0,,,,,,,,,,,18.0,64.0,7.0,125.0
McDonald's,Frappe Caramel (Small) 12 fl oz cup,,,,,,,,,,,,,,,,,,,,,,,,,,,,,,,,,,,,,,,,,,,,,,,,,,,,,,,,,,,,,,,,,,,,,,,,,,,,,,,,,,,,,,,,,,,,,,,,,,,,,,,,,,,,,,,,,,,,,,440.0,,,,,,,,,,,18.0,63.0,7.0,125.0
McDonald's,Frappe Chocolate Chip (Small) 12 fl oz cup,,,,,,,,,,,,,,,,,,,,,,,,,,,,,,,,,,,,,,,,,,,,,,,,,,,,,,,,,,,,,,,,,,,,,,,,,,,,,,,,,,,,,,,,,,,,,,,,,,,,,,,,,,,,,,,,,,,,,,520.0,,,,,,,,,,,22.0,75.0,8.0,130.0
McDonald's,Blueberry Pomegranate Smoothie (Small) 12 fl oz cup,,,,,,,,,,,,,,,,,,,,,,,,,,,,,,,,,,,,,,,,,,,,,,,,,,,,,,,,,,,,,,,,,,,,,,,,,,,,,,,,,,,,,,,,,,,,,,,,,,,,,,,,,,,,,,,,,,,,,,220.0,,,,,,,,,,,0.5,50.0,2.0,40.0
McDonald's,Strawberry Banana Smoothie (Small) 12 fl oz cup,,,,,,,,,,,,,,,,,,,,,,,,,,,,,,,,,,,,,,,,,,,,,,,,,,,,,,,,,,,,,,,,,,,,,,,,,,,,,,,,,,,,,,,,,,,,,,,,,,,,,,,,,,,,,,,,,,,,,,210.0,,,,,,,,,,,0.5,47.0,3.0,50.0
McDonald's,Mango Pineapple Smoothie (Small) 12 fl oz cup,,,,,,,,,,,,,,,,,,,,,,,,,,,,,,,,,,,,,,,,,,,,,,,,,,,,,,,,,,,,,,,,,,,,,,,,,,,,,,,,,,,,,,,,,,,,,,,,,,,,,,,,,,,,,,,,,,,,,,210.0,,,,,,,,,,,0.5,50.0,2.0,40.0
McDonald's,Hot Chocolate (Small) 12 fl oz cup,,,,,,,,,,,,,,,,,,,,,,,,,,,,,,,,,,,,,,,,,,,,,,,,,,,,,,,,,,,,,,,,,,,,,,,,,,,,,,,,,,,,,,,,,,,,,,,,,,,,,,,,,,,,,,,,,,,,,,360.0,,,,,,,,,,,13.0,50.0,11.0,180.0
McDonald's,Latte (Small) 12 fl oz cup,,,,,,,,,,,,,,,,,,,,,,,,,,,,,,,,,,,,,,,,,,,,,,,,,,,,,,,,,,,,,,,,,,,,,,,,,,,,,,,,,,,,,,,,,,,,,,,,,,,,,,,,,,,,,,,,,,,,,,170.0,,,,,,,,,,,9.0,15.0,9.0,115.0
McDonald's,Shamrock McCafe® Shake (Small) 12 fl oz cup,,,,,,,,,,,,,,,,,,,,,,,,,,,,,,,,,,,,,,,,,,,,,,,,,,,,,,,,,,,,,,,,,,,,,,,,,,,,,,,,,,,,,,,,,,,,,,,,,,,,,,,,,,,,,,,,,,,,,,530.0,,,,,,,,,,,15.0,86.0,11.0,160.0
McDonald's,Iced Mocha (Small) 12 fl oz cup,,,,,,,,,,,,,,,,,,,,,,,,,,,,,,,,,,,,,,,,,,,,,,,,,,,,,,,,,,,,,,,,,,,,,,,,,,,,,,,,,,,,,,,,,,,,,,,,,,,,,,,,,,,,,,,,,,,,,,290.0,,,,,,,,,,,11.0,40.0,8.0,125.0
McDonald's,White Chocolate Mocha (Medium) 16 fl oz cup,,,,,,,,,,,,,,,,,,,,,,,,,,,,,,,,,,,,,,,,,,,,,,,,,,,,,,,,,,,,,,,,,,,,,,,,,,,,,,,,,,,,,,,,,,,,,,,,,,,,,,,,,,,,,,,,,,,,,,400.0,,,,,,,,,,,13.0,58.0,13.0,200.0
McDonald's,Iced Caramel Mocha (Small) 12 fl oz cup,,,,,,,,,,,,,,,,,,,,,,,,,,,,,,,,,,,,,,,,,,,,,,,,,,,,,,,,,,,,,,,,,,,,,,,,,,,,,,,,,,,,,,,,,,,,,,,,,,,,,,,,,,,,,,,,,,,,,,270.0,,,,,,,,,,,11.0,37.0,8.0,140.0
McDonald's,Latte (Large) 20 fl oz cup,,,,,,,,,,,,,,,,,,,,,,,,,,,,,,,,,,,,,,,,,,,,,,,,,,,,,,,,,,,,,,,,,,,,,,,,,,,,,,,,,,,,,,,,,,,,,,,,,,,,,,,,,,,,,,,,,,,,,,280.0,,,,,,,,,,,14.0,24.0,15.0,180.0
McDonald's,Hot Chocolate (Medium) 16 fl oz cup,,,,,,,,,,,,,,,,,,,,,,,,,,,,,,,,,,,,,,,,,,,,,,,,,,,,,,,,,,,,,,,,,,,,,,,,,,,,,,,,,,,,,,,,,,,,,,,,,,,,,,,,,,,,,,,,,,,,,,440.0,,,,,,,,,,,16.0,61.0,14.0,220.0
McDonald's,Frappe Caramel (Large) 22 fl oz cup,,,,,,,,,,,,,,,,,,,,,,,,,,,,,,,,,,,,,,,,,,,,,,,,,,,,,,,,,,,,,,,,,,,,,,,,,,,,,,,,,,,,,,,,,,,,,,,,,,,,,,,,,,,,,,,,,,,,,,670.0,,,,,,,,,,,27.0,96.0,11.0,190.0
McDonald's,White Chocolate Mocha (Large) 20 fl oz cup,,,,,,,,,,,,,,,,,,,,,,,,,,,,,,,,,,,,,,,,,,,,,,,,,,,,,,,,,,,,,,,,,,,,,,,,,,,,,,,,,,,,,,,,,,,,,,,,,,,,,,,,,,,,,,,,,,,,,,480.0,,,,,,,,,,,16.0,70.0,17.0,250.0
McDonald's,Latte (Medium) 16 fl oz cup,,,,,,,,,,,,,,,,,,,,,,,,,,,,,,,,,,,,,,,,,,,,,,,,,,,,,,,,,,,,,,,,,,,,,,,,,,,,,,,,,,,,,,,,,,,,,,,,,,,,,,,,,,,,,,,,,,,,,,210.0,,,,,,,,,,,10.0,18.0,11.0,140.0
McDonald's,White Chocolate Mocha (Small) 12 fl oz cup,,,,,,,,,,,,,,,,,,,,,,,,,,,,,,,,,,,,,,,,,,,,,,,,,,,,,,,,,,,,,,,,,,,,,,,,,,,,,,,,,,,,,,,,,,,,,,,,,,,,,,,,,,,,,,,,,,,,,,320.0,,,,,,,,,,,11.0,47.0,11.0,160.0
McDonald's,Nonfat Latte (Medium) 16 fl oz cup,,,,,,,,,,,,,,,,,,,,,,,,,,,,,,,,,,,,,,,,,,,,,,,,,,,,,,,,,,,,,,,,,,,,,,,,,,,,,,,,,,,,,,,,,,,,,,,,,,,,,,,,,,,,,,,,,,,,,,130.0,,,,,,,,,,,0.0,19.0,12.0,135.0
McDonald's,Nonfat French Vanilla Latte (Small) 12 fl oz cup,,,,,,,,,,,,,,,,,,,,,,,,,,,,,,,,,,,,,,,,,,,,,,,,,,,,,,,,,,,,,,,,,,,,,,,,,,,,,,,,,,,,,,,,,,,,,,,,,,,,,,,,,,,,,,,,,,,,,,190.0,,,,,,,,,,,0.0,39.0,10.0,115.0
McDonald's,Nonfat French Vanilla Latte (Medium) 16 fl oz cup,,,,,,,,,,,,,,,,,,,,,,,,,,,,,,,,,,,,,,,,,,,,,,,,,,,,,,,,,,,,,,,,,,,,,,,,,,,,,,,,,,,,,,,,,,,,,,,,,,,,,,,,,,,,,,,,,,,,,,240.0,,,,,,,,,,,0.0,49.0,12.0,140.0
McDonald's,Nonfat Latte (Large) 20 fl oz cup,,,,,,,,,,,,,,,,,,,,,,,,,,,,,,,,,,,,,,,,,,,,,,,,,,,,,,,,,,,,,,,,,,,,,,,,,,,,,,,,,,,,,,,,,,,,,,,,,,,,,,,,,,,,,,,,,,,,,,170.0,,,,,,,,,,,0.5,25.0,16.0,180.0
McDonald's,Nonfat Caramel Latte (Small) 12 fl oz cup,,,,,,,,,,,,,,,,,,,,,,,,,,,,,,,,,,,,,,,,,,,,,,,,,,,,,,,,,,,,,,,,,,,,,,,,,,,,,,,,,,,,,,,,,,,,,,,,,,,,,,,,,,,,,,,,,,,,,,200.0,,,,,,,,,,,0.0,41.0,10.0,110.0
McDonald's,Nonfat French Vanilla Latte (Large) 20 fl oz cup,,,,,,,,,,,,,,,,,,,,,,,,,,,,,,,,,,,,,,,,,,,,,,,,,,,,,,,,,,,,,,,,,,,,,,,,,,,,,,,,,,,,,,,,,,,,,,,,,,,,,,,,,,,,,,,,,,,,,,300.0,,,,,,,,,,,0.5,60.0,16.0,180.0
McDonald's,Nonfat Caramel Latte (Medium) 16 fl oz cup,,,,,,,,,,,,,,,,,,,,,,,,,,,,,,,,,,,,,,,,,,,,,,,,,,,,,,,,,,,,,,,,,,,,,,,,,,,,,,,,,,,,,,,,,,,,,,,,,,,,,,,,,,,,,,,,,,,,,,250.0,,,,,,,,,,,0.0,51.0,12.0,135.0
McDonald's,Nonfat Caramel Latte (Large) 20 fl oz cup,,,,,,,,,,,,,,,,,,,,,,,,,,,,,,,,,,,,,,,,,,,,,,,,,,,,,,,,,,,,,,,,,,,,,,,,,,,,,,,,,,,,,,,,,,,,,,,,,,,,,,,,,,,,,,,,,,,,,,310.0,,,,,,,,,,,0.5,63.0,16.0,180.0
McDonald's,Nonfat Hazelnut Latte (Small) 12 fl oz cup,,,,,,,,,,,,,,,,,,,,,,,,,,,,,,,,,,,,,,,,,,,,,,,,,,,,,,,,,,,,,,,,,,,,,,,,,,,,,,,,,,,,,,,,,,,,,,,,,,,,,,,,,,,,,,,,,,,,,,200.0,,,,,,,,,,,0.0,40.0,10.0,110.0
McDonald's,Nonfat Hazelnut Latte (Medium) 16 fl oz cup,,,,,,,,,,,,,,,,,,,,,,,,,,,,,,,,,,,,,,,,,,,,,,,,,,,,,,,,,,,,,,,,,,,,,,,,,,,,,,,,,,,,,,,,,,,,,,,,,,,,,,,,,,,,,,,,,,,,,,250.0,,,,,,,,,,,0.0,51.0,12.0,135.0
McDonald's,Nonfat Hazelnut Latte (Large) 20 fl oz cup,,,,,,,,,,,,,,,,,,,,,,,,,,,,,,,,,,,,,,,,,,,,,,,,,,,,,,,,,,,,,,,,,,,,,,,,,,,,,,,,,,,,,,,,,,,,,,,,,,,,,,,,,,,,,,,,,,,,,,310.0,,,,,,,,,,,0.5,63.0,16.0,180.0
McDonald's,Nonfat Latte with Sugar Free French Vanilla Syrup (Small) 12 fl oz cup,,,,,,,,,,,,,,,,,,,,,,,,,,,,,,,,,,,,,,,,,,,,,,,,,,,,,,,,,,,,,,,,,,,,,,,,,,,,,,,,,,,,,,,,,,,,,,,,,,,,,,,,,,,,,,,,,,,,,,140.0,,,,,,,,,,,0.0,24.0,10.0,150.0
McDonald's,Nonfat Latte with Sugar Free French Vanilla Syrup (Medium) 16 fl oz cup,,,,,,,,,,,,,,,,,,,,,,,,,,,,,,,,,,,,,,,,,,,,,,,,,,,,,,,,,,,,,,,,,,,,,,,,,,,,,,,,,,,,,,,,,,,,,,,,,,,,,,,,,,,,,,,,,,,,,,170.0,,,,,,,,,,,0.0,30.0,12.0,180.0
McDonald's,Nonfat Latte with Sugar Free French Vanilla Syrup (Large) 20 fl oz cup,,,,,,,,,,,,,,,,,,,,,,,,,,,,,,,,,,,,,,,,,,,,,,,,,,,,,,,,,,,,,,,,,,,,,,,,,,,,,,,,,,,,,,,,,,,,,,,,,,,,,,,,,,,,,,,,,,,,,,220.0,,,,,,,,,,,0.5,38.0,16.0,240.0
McDonald's,Caramel Mocha (Medium) 16 fl oz cup,,,,,,,,,,,,,,,,,,,,,,,,,,,,,,,,,,,,,,,,,,,,,,,,,,,,,,,,,,,,,,,,,,,,,,,,,,,,,,,,,,,,,,,,,,,,,,,,,,,,,,,,,,,,,,,,,,,,,,390.0,,,,,,,,,,,14.0,55.0,12.0,220.0
McDonald's,Caramel Mocha (Large) 20 fl oz cup,,,,,,,,,,,,,,,,,,,,,,,,,,,,,,,,,,,,,,,,,,,,,,,,,,,,,,,,,,,,,,,,,,,,,,,,,,,,,,,,,,,,,,,,,,,,,,,,,,,,,,,,,,,,,,,,,,,,,,480.0,,,,,,,,,,,17.0,66.0,16.0,270.0
McDonald's,Hot Chocolate (Small) 12 fl oz cup,,,,,,,,,,,,,,,,,,,,,,,,,,,,,,,,,,,,,,,,,,,,,,,,,,,,,,,,,,,,,,,,,,,,,,,,,,,,,,,,,,,,,,,,,,,,,,,,,,,,,,,,,,,,,,,,,,,,,,360.0,,,,,,,,,,,13.0,50.0,11.0,180.0
McDonald's,Hot Chocolate (Medium) 16 fl oz cup,,,,,,,,,,,,,,,,,,,,,,,,,,,,,,,,,,,,,,,,,,,,,,,,,,,,,,,,,,,,,,,,,,,,,,,,,,,,,,,,,,,,,,,,,,,,,,,,,,,,,,,,,,,,,,,,,,,,,,440.0,,,,,,,,,,,16.0,61.0,14.0,220.0
McDonald's,Hot Chocolate (Large) 20 fl oz cup,,,,,,,,,,,,,,,,,,,,,,,,,,,,,,,,,,,,,,,,,,,,,,,,,,,,,,,,,,,,,,,,,,,,,,,,,,,,,,,,,,,,,,,,,,,,,,,,,,,,,,,,,,,,,,,,,,,,,,540.0,,,,,,,,,,,20.0,73.0,17.0,280.0
McDonald's,Hot Chocolate with Nonfat Milk (Small) 12 fl oz cup,,,,,,,,,,,,,,,,,,,,,,,,,,,,,,,,,,,,,,,,,,,,,,,,,,,,,,,,,,,,,,,,,,,,,,,,,,,,,,,,,,,,,,,,,,,,,,,,,,,,,,,,,,,,,,,,,,,,,,280.0,,,,,,,,,,,3.5,50.0,12.0,180.0
McDonald's,Hot Chocolate with Nonfat Milk (Medium) 16 fl oz cup,,,,,,,,,,,,,,,,,,,,,,,,,,,,,,,,,,,,,,,,,,,,,,,,,,,,,,,,,,,,,,,,,,,,,,,,,,,,,,,,,,,,,,,,,,,,,,,,,,,,,,,,,,,,,,,,,,,,,,340.0,,,,,,,,,,,3.5,61.0,14.0,220.0
McDonald's,Blueberry Pomegranate Smoothie (Large) 22 fl oz cup,,,,,,,,,,,,,,,,,,,,,,,,,,,,,,,,,,,,,,,,,,,,,,,,,,,,,,,,,,,,,,,,,,,,,,,,,,,,,,,,,,,,,,,,,,,,,,,,,,,,,,,,,,,,,,,,,,,,,,340.0,,,,,,,,,,,1.0,79.0,4.0,65.0
McDonald's,Blueberry Pomegranate Smoothie (Medium) 16 fl oz cup,,,,,,,,,,,,,,,,,,,,,,,,,,,,,,,,,,,,,,,,,,,,,,,,,,,,,,,,,,,,,,,,,,,,,,,,,,,,,,,,,,,,,,,,,,,,,,,,,,,,,,,,,,,,,,,,,,,,,,260.0,,,,,,,,,,,1.0,62.0,3.0,50.0
McDonald's,Coffee (Medium) 16 fl oz cup,,,,,,,,,,,,,,,,,,,,,,,,,,,,,,,,,,,,,,,,,,,,,,,,,,,,,,,,,,,,,,,,,,,,,,,,,,,,,,,,,,,,,,,,,,,,,,,,,,,,,,,,,,,,,,,,,,,,,,0.0,,,,,,,,,,,0.0,0.0,0.0,0.0
McDonald's,Frappe Chocolate Chip (Large) 22 fl oz cup,,,,,,,,,,,,,,,,,,,,,,,,,,,,,,,,,,,,,,,,,,,,,,,,,,,,,,,,,,,,,,,,,,,,,,,,,,,,,,,,,,,,,,,,,,,,,,,,,,,,,,,,,,,,,,,,,,,,,,750.0,,,,,,,,,,,31.0,110.0,12.0,200.0
McDonald's,Frappe Chocolate Chip (Medium) 16 fl oz cup,,,,,,,,,,,,,,,,,,,,,,,,,,,,,,,,,,,,,,,,,,,,,,,,,,,,,,,,,,,,,,,,,,,,,,,,,,,,,,,,,,,,,,,,,,,,,,,,,,,,,,,,,,,,,,,,,,,,,,620.0,,,,,,,,,,,26.0,90.0,9.0,160.0
McDonald's,Hot Chocolate with Nonfat Milk (Large) 20 fl oz cup,,,,,,,,,,,,,,,,,,,,,,,,,,,,,,,,,,,,,,,,,,,,,,,,,,,,,,,,,,,,,,,,,,,,,,,,,,,,,,,,,,,,,,,,,,,,,,,,,,,,,,,,,,,,,,,,,,,,,,400.0,,,,,,,,,,,3.5,74.0,19.0,280.0
McDonald's,Mango Pineapple Smoothie (Large) 22 fl oz cup,,,,,,,,,,,,,,,,,,,,,,,,,,,,,,,,,,,,,,,,,,,,,,,,,,,,,,,,,,,,,,,,,,,,,,,,,,,,,,,,,,,,,,,,,,,,,,,,,,,,,,,,,,,,,,,,,,,,,,340.0,,,,,,,,,,,1.0,78.0,4.0,60.0
McDonald's,Mango Pineapple Smoothie (Medium) 16 fl oz cup,,,,,,,,,,,,,,,,,,,,,,,,,,,,,,,,,,,,,,,,,,,,,,,,,,,,,,,,,,,,,,,,,,,,,,,,,,,,,,,,,,,,,,,,,,,,,,,,,,,,,,,,,,,,,,,,,,,,,,260.0,,,,,,,,,,,1.0,61.0,3.0,45.0
McDonald's,Iced Mocha (Medium) 16 fl oz cup,,,,,,,,,,,,,,,,,,,,,,,,,,,,,,,,,,,,,,,,,,,,,,,,,,,,,,,,,,,,,,,,,,,,,,,,,,,,,,,,,,,,,,,,,,,,,,,,,,,,,,,,,,,,,,,,,,,,,,340.0,,,,,,,,,,,12.0,49.0,9.0,150.0
McDonald's,Iced Mocha with Nonfat Milk (Medium) 16 fl oz cup,,,,,,,,,,,,,,,,,,,,,,,,,,,,,,,,,,,,,,,,,,,,,,,,,,,,,,,,,,,,,,,,,,,,,,,,,,,,,,,,,,,,,,,,,,,,,,,,,,,,,,,,,,,,,,,,,,,,,,280.0,,,,,,,,,,,5.0,50.0,10.0,150.0
McDonald's,Iced Caramel Mocha (Small) 12 fl oz cup,,,,,,,,,,,,,,,,,,,,,,,,,,,,,,,,,,,,,,,,,,,,,,,,,,,,,,,,,,,,,,,,,,,,,,,,,,,,,,,,,,,,,,,,,,,,,,,,,,,,,,,,,,,,,,,,,,,,,,270.0,,,,,,,,,,,11.0,37.0,8.0,140.0
McDonald's,Iced Caramel Mocha (Medium) 16 fl oz cup,,,,,,,,,,,,,,,,,,,,,,,,,,,,,,,,,,,,,,,,,,,,,,,,,,,,,,,,,,,,,,,,,,,,,,,,,,,,,,,,,,,,,,,,,,,,,,,,,,,,,,,,,,,,,,,,,,,,,,330.0,,,,,,,,,,,12.0,46.0,9.0,170.0
McDonald's,Iced Caramel Mocha (Large) 22 fl oz cup,,,,,,,,,,,,,,,,,,,,,,,,,,,,,,,,,,,,,,,,,,,,,,,,,,,,,,,,,,,,,,,,,,,,,,,,,,,,,,,,,,,,,,,,,,,,,,,,,,,,,,,,,,,,,,,,,,,,,,450.0,,,,,,,,,,,16.0,64.0,13.0,250.0
McDonald's,Iced Nonfat Caramel Mocha (Small) 12 fl oz cup,,,,,,,,,,,,,,,,,,,,,,,,,,,,,,,,,,,,,,,,,,,,,,,,,,,,,,,,,,,,,,,,,,,,,,,,,,,,,,,,,,,,,,,,,,,,,,,,,,,,,,,,,,,,,,,,,,,,,,220.0,,,,,,,,,,,4.5,38.0,8.0,140.0
McDonald's,Iced Nonfat Caramel Mocha (Medium) 16 fl oz cup,,,,,,,,,,,,,,,,,,,,,,,,,,,,,,,,,,,,,,,,,,,,,,,,,,,,,,,,,,,,,,,,,,,,,,,,,,,,,,,,,,,,,,,,,,,,,,,,,,,,,,,,,,,,,,,,,,,,,,270.0,,,,,,,,,,,4.5,46.0,10.0,170.0
McDonald's,Iced Nonfat Caramel Mocha (Large) 22 fl oz cup,,,,,,,,,,,,,,,,,,,,,,,,,,,,,,,,,,,,,,,,,,,,,,,,,,,,,,,,,,,,,,,,,,,,,,,,,,,,,,,,,,,,,,,,,,,,,,,,,,,,,,,,,,,,,,,,,,,,,,360.0,,,,,,,,,,,5.0,65.0,14.0,250.0
McDonald's,Frappe Mocha (Medium) 16 fl oz cup,,,,,,,,,,,,,,,,,,,,,,,,,,,,,,,,,,,,,,,,,,,,,,,,,,,,,,,,,,,,,,,,,,,,,,,,,,,,,,,,,,,,,,,,,,,,,,,,,,,,,,,,,,,,,,,,,,,,,,540.0,,,,,,,,,,,22.0,79.0,9.0,160.0
McDonald's,Frappe Mocha (Large) 22 fl oz cup,,,,,,,,,,,,,,,,,,,,,,,,,,,,,,,,,,,,,,,,,,,,,,,,,,,,,,,,,,,,,,,,,,,,,,,,,,,,,,,,,,,,,,,,,,,,,,,,,,,,,,,,,,,,,,,,,,,,,,670.0,,,,,,,,,,,26.0,97.0,11.0,190.0
McDonald's,Frappe Caramel (Medium) 16 fl oz cup,,,,,,,,,,,,,,,,,,,,,,,,,,,,,,,,,,,,,,,,,,,,,,,,,,,,,,,,,,,,,,,,,,,,,,,,,,,,,,,,,,,,,,,,,,,,,,,,,,,,,,,,,,,,,,,,,,,,,,550.0,,,,,,,,,,,22.0,78.0,9.0,160.0
McDonald's,Strawberry Banana Smoothie (Medium) 16 fl oz cup,,,,,,,,,,,,,,,,,,,,,,,,,,,,,,,,,,,,,,,,,,,,,,,,,,,,,,,,,,,,,,,,,,,,,,,,,,,,,,,,,,,,,,,,,,,,,,,,,,,,,,,,,,,,,,,,,,,,,,250.0,,,,,,,,,,,1.0,58.0,4.0,60.0
McDonald's,Strawberry Banana Smoothie (Large) 22 fl oz cup,,,,,,,,,,,,,,,,,,,,,,,,,,,,,,,,,,,,,,,,,,,,,,,,,,,,,,,,,,,,,,,,,,,,,,,,,,,,,,,,,,,,,,,,,,,,,,,,,,,,,,,,,,,,,,,,,,,,,,330.0,,,,,,,,,,,1.0,74.0,5.0,80.0
McDonald's,Iced Coffee with Sugar Free French Vanilla Syrup (Large) -,,,,,,,,,,,,,,,,,,,,,,,,,,,,,,,,,,,,,,,,,,,,,,,,,,,,,,,,,,,,,,,,,,,,,,,,,,,,,,,,,,,,,,,,,,,,,,,,,,,,,,,,,,,,,,,,,,,,,,160.0,,,,,,,,,,,9.0,18.0,2.0,135.0
McDonald's,Iced Coffee with Sugar Free French Vanilla Syrup (Medium) -,,,,,,,,,,,,,,,,,,,,,,,,,,,,,,,,,,,,,,,,,,,,,,,,,,,,,,,,,,,,,,,,,,,,,,,,,,,,,,,,,,,,,,,,,,,,,,,,,,,,,,,,,,,,,,,,,,,,,,120.0,,,,,,,,,,,7.0,12.0,1.0,90.0
McDonald's,Iced Coffee with Sugar Free French Vanilla Syrup (Small) -,,,,,,,,,,,,,,,,,,,,,,,,,,,,,,,,,,,,,,,,,,,,,,,,,,,,,,,,,,,,,,,,,,,,,,,,,,,,,,,,,,,,,,,,,,,,,,,,,,,,,,,,,,,,,,,,,,,,,,80.0,,,,,,,,,,,4.5,9.0,1.0,65.0
McDonald's,Iced Coffee Caramel (Large) -,,,,,,,,,,,,,,,,,,,,,,,,,,,,,,,,,,,,,,,,,,,,,,,,,,,,,,,,,,,,,,,,,,,,,,,,,,,,,,,,,,,,,,,,,,,,,,,,,,,,,,,,,,,,,,,,,,,,,,260.0,,,,,,,,,,,9.0,43.0,2.0,65.0
McDonald's,Iced Coffee Caramel (Medium) -,,,,,,,,,,,,,,,,,,,,,,,,,,,,,,,,,,,,,,,,,,,,,,,,,,,,,,,,,,,,,,,,,,,,,,,,,,,,,,,,,,,,,,,,,,,,,,,,,,,,,,,,,,,,,,,,,,,,,,180.0,,,,,,,,,,,7.0,29.0,1.0,50.0
McDonald's,Iced Coffee Caramel (Small) -,,,,,,,,,,,,,,,,,,,,,,,,,,,,,,,,,,,,,,,,,,,,,,,,,,,,,,,,,,,,,,,,,,,,,,,,,,,,,,,,,,,,,,,,,,,,,,,,,,,,,,,,,,,,,,,,,,,,,,130.0,,,,,,,,,,,4.5,22.0,1.0,35.0
McDonald's,Iced Coffee French Vanilla (Large) -,,,,,,,,,,,,,,,,,,,,,,,,,,,,,,,,,,,,,,,,,,,,,,,,,,,,,,,,,,,,,,,,,,,,,,,,,,,,,,,,,,,,,,,,,,,,,,,,,,,,,,,,,,,,,,,,,,,,,,240.0,,,,,,,,,,,9.0,41.0,2.0,80.0
McDonald's,Iced Coffee French Vanilla (Medium) -,,,,,,,,,,,,,,,,,,,,,,,,,,,,,,,,,,,,,,,,,,,,,,,,,,,,,,,,,,,,,,,,,,,,,,,,,,,,,,,,,,,,,,,,,,,,,,,,,,,,,,,,,,,,,,,,,,,,,,170.0,,,,,,,,,,,7.0,27.0,1.0,55.0
McDonald's,Iced Coffee French Vanilla (Small) -,,,,,,,,,,,,,,,,,,,,,,,,,,,,,,,,,,,,,,,,,,,,,,,,,,,,,,,,,,,,,,,,,,,,,,,,,,,,,,,,,,,,,,,,,,,,,,,,,,,,,,,,,,,,,,,,,,,,,,120.0,,,,,,,,,,,4.5,20.0,1.0,40.0
McDonald's,Iced Coffee Hazelnut (Large) -,,,,,,,,,,,,,,,,,,,,,,,,,,,,,,,,,,,,,,,,,,,,,,,,,,,,,,,,,,,,,,,,,,,,,,,,,,,,,,,,,,,,,,,,,,,,,,,,,,,,,,,,,,,,,,,,,,,,,,250.0,,,,,,,,,,,9.0,43.0,2.0,75.0
McDonald's,Iced Coffee Hazelnut (Medium) -,,,,,,,,,,,,,,,,,,,,,,,,,,,,,,,,,,,,,,,,,,,,,,,,,,,,,,,,,,,,,,,,,,,,,,,,,,,,,,,,,,,,,,,,,,,,,,,,,,,,,,,,,,,,,,,,,,,,,,180.0,,,,,,,,,,,7.0,29.0,1.0,50.0
McDonald's,Iced Coffee Hazelnut (Small) -,,,,,,,,,,,,,,,,,,,,,,,,,,,,,,,,,,,,,,,,,,,,,,,,,,,,,,,,,,,,,,,,,,,,,,,,,,,,,,,,,,,,,,,,,,,,,,,,,,,,,,,,,,,,,,,,,,,,,,130.0,,,,,,,,,,,4.5,21.0,1.0,35.0
McDonald's,Iced Coffee Regular (Large) -,,,,,,,,,,,,,,,,,,,,,,,,,,,,,,,,,,,,,,,,,,,,,,,,,,,,,,,,,,,,,,,,,,,,,,,,,,,,,,,,,,,,,,,,,,,,,,,,,,,,,,,,,,,,,,,,,,,,,,270.0,,,,,,,,,,,9.0,47.0,2.0,75.0
McDonald's,Iced Coffee Regular (Medium) -,,,,,,,,,,,,,,,,,,,,,,,,,,,,,,,,,,,,,,,,,,,,,,,,,,,,,,,,,,,,,,,,,,,,,,,,,,,,,,,,,,,,,,,,,,,,,,,,,,,,,,,,,,,,,,,,,,,,,,190.0,,,,,,,,,,,7.0,31.0,1.0,50.0
McDonald's,Iced Coffee Regular (Small) -,,,,,,,,,,,,,,,,,,,,,,,,,,,,,,,,,,,,,,,,,,,,,,,,,,,,,,,,,,,,,,,,,,,,,,,,,,,,,,,,,,,,,,,,,,,,,,,,,,,,,,,,,,,,,,,,,,,,,,140.0,,,,,,,,,,,4.5,23.0,1.0,35.0
McDonald's,Premium Roast Iced Coffee (Large) -,,,,,,,,,,,,,,,,,,,,,,,,,,,,,,,,,,,,,,,,,,,,,,,,,,,,,,,,,,,,,,,,,,,,,,,,,,,,,,,,,,,,,,,,,,,,,,,,,,,,,,,,,,,,,,,,,,,,,,270.0,,,,,,,,,,,9.0,47.0,2.0,75.0
McDonald's,Premium Roast Iced Coffee (Medium) -,,,,,,,,,,,,,,,,,,,,,,,,,,,,,,,,,,,,,,,,,,,,,,,,,,,,,,,,,,,,,,,,,,,,,,,,,,,,,,,,,,,,,,,,,,,,,,,,,,,,,,,,,,,,,,,,,,,,,,190.0,,,,,,,,,,,7.0,31.0,1.0,50.0
McDonald's,Strawberry Shake (Medium) 16 fl oz,,,,,,,,,,,,,,,,,,,,,,,,,,,,,,,,,,,,,,,,,,,,,,,,,,,,,,,,,,,,,,,,,,,,,,,,,,,,,,,,,,,,,,,,,,,,,,,,,,,,,,,,,,,,,,,,,,,,,,690.0,,,,,,,,,,,20.0,114.0,15.0,210.0
McDonald's,Strawberry Shake (Large) 22 fl oz,,,,,,,,,,,,,,,,,,,,,,,,,,,,,,,,,,,,,,,,,,,,,,,,,,,,,,,,,,,,,,,,,,,,,,,,,,,,,,,,,,,,,,,,,,,,,,,,,,,,,,,,,,,,,,,,,,,,,,850.0,,,,,,,,,,,24.0,140.0,18.0,260.0
McDonald's,Vanilla McCafe Shake (Medium) 16 fl oz,,,,,,,,,,,,,,,,,,,,,,,,,,,,,,,,,,,,,,,,,,,,,,,,,,,,,,,,,,,,,,,,,,,,,,,,,,,,,,,,,,,,,,,,,,,,,,,,,,,,,,,,,,,,,,,,,,,,,,660.0,,,,,,,,,,,19.0,109.0,14.0,200.0
McDonald's,Vanilla McCafe Shake (Large) 22 fl oz,,,,,,,,,,,,,,,,,,,,,,,,,,,,,,,,,,,,,,,,,,,,,,,,,,,,,,,,,,,,,,,,,,,,,,,,,,,,,,,,,,,,,,,,,,,,,,,,,,,,,,,,,,,,,,,,,,,,,,820.0,,,,,,,,,,,23.0,135.0,18.0,260.0
McDonald's,Shamrock McCafe® Shake (Medium) 16 fl oz cup,,,,,,,,,,,,,,,,,,,,,,,,,,,,,,,,,,,,,,,,,,,,,,,,,,,,,,,,,,,,,,,,,,,,,,,,,,,,,,,,,,,,,,,,,,,,,,,,,,,,,,,,,,,,,,,,,,,,,,660.0,,,,,,,,,,,19.0,109.0,14.0,210.0
McDonald's,Shamrock McCafe® Shake (Large) 22 fl oz cup,,,,,,,,,,,,,,,,,,,,,,,,,,,,,,,,,,,,,,,,,,,,,,,,,,,,,,,,,,,,,,,,,,,,,,,,,,,,,,,,,,,,,,,,,,,,,,,,,,,,,,,,,,,,,,,,,,,,,,820.0,,,,,,,,,,,23.0,135.0,18.0,260.0
McDonald's,Hot Chocolate (Large) 20 fl oz cup,,,,,,,,,,,,,,,,,,,,,,,,,,,,,,,,,,,,,,,,,,,,,,,,,,,,,,,,,,,,,,,,,,,,,,,,,,,,,,,,,,,,,,,,,,,,,,,,,,,,,,,,,,,,,,,,,,,,,,540.0,,,,,,,,,,,20.0,73.0,17.0,280.0
McDonald's,Iced Mocha (Large) 22 fl oz cup,,,,,,,,,,,,,,,,,,,,,,,,,,,,,,,,,,,,,,,,,,,,,,,,,,,,,,,,,,,,,,,,,,,,,,,,,,,,,,,,,,,,,,,,,,,,,,,,,,,,,,,,,,,,,,,,,,,,,,480.0,,,,,,,,,,,16.0,69.0,13.0,220.0
McDonald's,Iced Mocha (Small) 12 fl oz cup,,,,,,,,,,,,,,,,,,,,,,,,,,,,,,,,,,,,,,,,,,,,,,,,,,,,,,,,,,,,,,,,,,,,,,,,,,,,,,,,,,,,,,,,,,,,,,,,,,,,,,,,,,,,,,,,,,,,,,290.0,,,,,,,,,,,11.0,40.0,8.0,125.0
McDonald's,Iced Mocha with Nonfat Milk (Large) 22 fl oz cup,,,,,,,,,,,,,,,,,,,,,,,,,,,,,,,,,,,,,,,,,,,,,,,,,,,,,,,,,,,,,,,,,,,,,,,,,,,,,,,,,,,,,,,,,,,,,,,,,,,,,,,,,,,,,,,,,,,,,,380.0,,,,,,,,,,,5.0,70.0,14.0,220.0
McDonald's,Iced Mocha with Nonfat Milk (Small) 12 fl oz cup,,,,,,,,,,,,,,,,,,,,,,,,,,,,,,,,,,,,,,,,,,,,,,,,,,,,,,,,,,,,,,,,,,,,,,,,,,,,,,,,,,,,,,,,,,,,,,,,,,,,,,,,,,,,,,,,,,,,,,240.0,,,,,,,,,,,4.5,40.0,8.0,125.0
McDonald's,Iced Mocha (Large) 22 fl oz cup,,,,,,,,,,,,,,,,,,,,,,,,,,,,,,,,,,,,,,,,,,,,,,,,,,,,,,,,,,,,,,,,,,,,,,,,,,,,,,,,,,,,,,,,,,,,,,,,,,,,,,,,,,,,,,,,,,,,,,480.0,,,,,,,,,,,16.0,69.0,13.0,220.0
McDonald's,Iced Mocha (Medium) 16 fl oz cup,,,,,,,,,,,,,,,,,,,,,,,,,,,,,,,,,,,,,,,,,,,,,,,,,,,,,,,,,,,,,,,,,,,,,,,,,,,,,,,,,,,,,,,,,,,,,,,,,,,,,,,,,,,,,,,,,,,,,,340.0,,,,,,,,,,,12.0,49.0,9.0,150.0
McDonald's,Iced Caramel Mocha (Medium) 16 fl oz cup,,,,,,,,,,,,,,,,,,,,,,,,,,,,,,,,,,,,,,,,,,,,,,,,,,,,,,,,,,,,,,,,,,,,,,,,,,,,,,,,,,,,,,,,,,,,,,,,,,,,,,,,,,,,,,,,,,,,,,330.0,,,,,,,,,,,12.0,46.0,9.0,170.0
McDonald's,Iced Caramel Mocha (Large) 22 fl oz cup,,,,,,,,,,,,,,,,,,,,,,,,,,,,,,,,,,,,,,,,,,,,,,,,,,,,,,,,,,,,,,,,,,,,,,,,,,,,,,,,,,,,,,,,,,,,,,,,,,,,,,,,,,,,,,,,,,,,,,450.0,,,,,,,,,,,16.0,64.0,13.0,250.0
McDonald's,Mocha (Small) 12 fl oz cup,,,,,,,,,,,,,,,,,,,,,,,,,,,,,,,,,,,,,,,,,,,,,,,,,,,,,,,,,,,,,,,,,,,,,,,,,,,,,,,,,,,,,,,,,,,,,,,,,,,,,,,,,,,,,,,,,,,,,,340.0,,,,,,,,,,,11.0,49.0,10.0,150.0
McDonald's,Mocha (Medium) 16 fl oz cup,,,,,,,,,,,,,,,,,,,,,,,,,,,,,,,,,,,,,,,,,,,,,,,,,,,,,,,,,,,,,,,,,,,,,,,,,,,,,,,,,,,,,,,,,,,,,,,,,,,,,,,,,,,,,,,,,,,,,,410.0,,,,,,,,,,,14.0,60.0,13.0,190.0
McDonald's,Mocha (Large) 20 fl oz cup,,,,,,,,,,,,,,,,,,,,,,,,,,,,,,,,,,,,,,,,,,,,,,,,,,,,,,,,,,,,,,,,,,,,,,,,,,,,,,,,,,,,,,,,,,,,,,,,,,,,,,,,,,,,,,,,,,,,,,500.0,,,,,,,,,,,17.0,72.0,16.0,240.0
McDonald's,Mocha with Nonfat Milk (Small) 12 fl oz cup,,,,,,,,,,,,,,,,,,,,,,,,,,,,,,,,,,,,,,,,,,,,,,,,,,,,,,,,,,,,,,,,,,,,,,,,,,,,,,,,,,,,,,,,,,,,,,,,,,,,,,,,,,,,,,,,,,,,,,270.0,,,,,,,,,,,3.5,49.0,11.0,150.0
McDonald's,Mocha with Nonfat Milk (Medium) 16 fl oz cup,,,,,,,,,,,,,,,,,,,,,,,,,,,,,,,,,,,,,,,,,,,,,,,,,,,,,,,,,,,,,,,,,,,,,,,,,,,,,,,,,,,,,,,,,,,,,,,,,,,,,,,,,,,,,,,,,,,,,,330.0,,,,,,,,,,,3.5,60.0,13.0,190.0
McDonald's,Mocha with Nonfat Milk (Large) 20 fl oz cup,,,,,,,,,,,,,,,,,,,,,,,,,,,,,,,,,,,,,,,,,,,,,,,,,,,,,,,,,,,,,,,,,,,,,,,,,,,,,,,,,,,,,,,,,,,,,,,,,,,,,,,,,,,,,,,,,,,,,,390.0,,,,,,,,,,,4.0,73.0,17.0,240.0
McDonald's,Caramel Mocha (Small) 12 fl oz cup,,,,,,,,,,,,,,,,,,,,,,,,,,,,,,,,,,,,,,,,,,,,,,,,,,,,,,,,,,,,,,,,,,,,,,,,,,,,,,,,,,,,,,,,,,,,,,,,,,,,,,,,,,,,,,,,,,,,,,320.0,,,,,,,,,,,11.0,45.0,10.0,170.0
McDonald's,Caramel Mocha (Medium) 16 fl oz cup,,,,,,,,,,,,,,,,,,,,,,,,,,,,,,,,,,,,,,,,,,,,,,,,,,,,,,,,,,,,,,,,,,,,,,,,,,,,,,,,,,,,,,,,,,,,,,,,,,,,,,,,,,,,,,,,,,,,,,390.0,,,,,,,,,,,14.0,55.0,12.0,220.0
McDonald's,Caramel Mocha (Large) 20 fl oz cup,,,,,,,,,,,,,,,,,,,,,,,,,,,,,,,,,,,,,,,,,,,,,,,,,,,,,,,,,,,,,,,,,,,,,,,,,,,,,,,,,,,,,,,,,,,,,,,,,,,,,,,,,,,,,,,,,,,,,,480.0,,,,,,,,,,,17.0,66.0,16.0,270.0
McDonald's,Nonfat Caramel Mocha (Small) 12 fl oz cup,,,,,,,,,,,,,,,,,,,,,,,,,,,,,,,,,,,,,,,,,,,,,,,,,,,,,,,,,,,,,,,,,,,,,,,,,,,,,,,,,,,,,,,,,,,,,,,,,,,,,,,,,,,,,,,,,,,,,,250.0,,,,,,,,,,,3.5,45.0,10.0,170.0
McDonald's,Nonfat Caramel Mocha (Medium) 16 fl oz cup,,,,,,,,,,,,,,,,,,,,,,,,,,,,,,,,,,,,,,,,,,,,,,,,,,,,,,,,,,,,,,,,,,,,,,,,,,,,,,,,,,,,,,,,,,,,,,,,,,,,,,,,,,,,,,,,,,,,,,310.0,,,,,,,,,,,3.5,56.0,13.0,210.0
McDonald's,Nonfat Caramel Mocha (Large) 20 fl oz cup,,,,,,,,,,,,,,,,,,,,,,,,,,,,,,,,,,,,,,,,,,,,,,,,,,,,,,,,,,,,,,,,,,,,,,,,,,,,,,,,,,,,,,,,,,,,,,,,,,,,,,,,,,,,,,,,,,,,,,370.0,,,,,,,,,,,3.5,67.0,17.0,270.0
McDonald's,Latte (Small) 12 fl oz cup,,,,,,,,,,,,,,,,,,,,,,,,,,,,,,,,,,,,,,,,,,,,,,,,,,,,,,,,,,,,,,,,,,,,,,,,,,,,,,,,,,,,,,,,,,,,,,,,,,,,,,,,,,,,,,,,,,,,,,170.0,,,,,,,,,,,9.0,15.0,9.0,115.0
McDonald's,Mocha (Large) 20 fl oz cup,,,,,,,,,,,,,,,,,,,,,,,,,,,,,,,,,,,,,,,,,,,,,,,,,,,,,,,,,,,,,,,,,,,,,,,,,,,,,,,,,,,,,,,,,,,,,,,,,,,,,,,,,,,,,,,,,,,,,,500.0,,,,,,,,,,,17.0,72.0,16.0,240.0
McDonald's,Mocha (Medium) 16 fl oz cup,,,,,,,,,,,,,,,,,,,,,,,,,,,,,,,,,,,,,,,,,,,,,,,,,,,,,,,,,,,,,,,,,,,,,,,,,,,,,,,,,,,,,,,,,,,,,,,,,,,,,,,,,,,,,,,,,,,,,,410.0,,,,,,,,,,,14.0,60.0,13.0,190.0
McDonald's,Latte (Medium) 16 fl oz cup,,,,,,,,,,,,,,,,,,,,,,,,,,,,,,,,,,,,,,,,,,,,,,,,,,,,,,,,,,,,,,,,,,,,,,,,,,,,,,,,,,,,,,,,,,,,,,,,,,,,,,,,,,,,,,,,,,,,,,210.0,,,,,,,,,,,10.0,18.0,11.0,140.0
McDonald's,Latte (Large) 20 fl oz cup,,,,,,,,,,,,,,,,,,,,,,,,,,,,,,,,,,,,,,,,,,,,,,,,,,,,,,,,,,,,,,,,,,,,,,,,,,,,,,,,,,,,,,,,,,,,,,,,,,,,,,,,,,,,,,,,,,,,,,280.0,,,,,,,,,,,14.0,24.0,15.0,180.0
McDonald's,Caramel Latte (Large) 20 fl oz cup,,,,,,,,,,,,,,,,,,,,,,,,,,,,,,,,,,,,,,,,,,,,,,,,,,,,,,,,,,,,,,,,,,,,,,,,,,,,,,,,,,,,,,,,,,,,,,,,,,,,,,,,,,,,,,,,,,,,,,430.0,,,,,,,,,,,14.0,62.0,15.0,180.0
McDonald's,Caramel Latte (Medium) 16 fl oz cup,,,,,,,,,,,,,,,,,,,,,,,,,,,,,,,,,,,,,,,,,,,,,,,,,,,,,,,,,,,,,,,,,,,,,,,,,,,,,,,,,,,,,,,,,,,,,,,,,,,,,,,,,,,,,,,,,,,,,,340.0,,,,,,,,,,,10.0,50.0,11.0,140.0
McDonald's,Caramel Latte (Small) 12 fl oz cup,,,,,,,,,,,,,,,,,,,,,,,,,,,,,,,,,,,,,,,,,,,,,,,,,,,,,,,,,,,,,,,,,,,,,,,,,,,,,,,,,,,,,,,,,,,,,,,,,,,,,,,,,,,,,,,,,,,,,,270.0,,,,,,,,,,,9.0,40.0,9.0,115.0
McDonald's,Hazelnut Latte (Small) 12 fl oz cup,,,,,,,,,,,,,,,,,,,,,,,,,,,,,,,,,,,,,,,,,,,,,,,,,,,,,,,,,,,,,,,,,,,,,,,,,,,,,,,,,,,,,,,,,,,,,,,,,,,,,,,,,,,,,,,,,,,,,,270.0,,,,,,,,,,,9.0,40.0,9.0,115.0
McDonald's,Hazelnut Latte (Medium) 16 fl oz cup,,,,,,,,,,,,,,,,,,,,,,,,,,,,,,,,,,,,,,,,,,,,,,,,,,,,,,,,,,,,,,,,,,,,,,,,,,,,,,,,,,,,,,,,,,,,,,,,,,,,,,,,,,,,,,,,,,,,,,330.0,,,,,,,,,,,10.0,50.0,11.0,140.0
McDonald's,Hazelnut Latte (Large) 20 fl oz cup,,,,,,,,,,,,,,,,,,,,,,,,,,,,,,,,,,,,,,,,,,,,,,,,,,,,,,,,,,,,,,,,,,,,,,,,,,,,,,,,,,,,,,,,,,,,,,,,,,,,,,,,,,,,,,,,,,,,,,430.0,,,,,,,,,,,14.0,62.0,15.0,180.0
McDonald's,French Vanilla Latte (Small) 12 fl oz cup,,,,,,,,,,,,,,,,,,,,,,,,,,,,,,,,,,,,,,,,,,,,,,,,,,,,,,,,,,,,,,,,,,,,,,,,,,,,,,,,,,,,,,,,,,,,,,,,,,,,,,,,,,,,,,,,,,,,,,260.0,,,,,,,,,,,9.0,38.0,9.0,115.0
McDonald's,French Vanilla Latte (Medium) 16 fl oz cup,,,,,,,,,,,,,,,,,,,,,,,,,,,,,,,,,,,,,,,,,,,,,,,,,,,,,,,,,,,,,,,,,,,,,,,,,,,,,,,,,,,,,,,,,,,,,,,,,,,,,,,,,,,,,,,,,,,,,,330.0,,,,,,,,,,,10.0,48.0,11.0,140.0
McDonald's,French Vanilla Latte (Large) 20 fl oz cup,,,,,,,,,,,,,,,,,,,,,,,,,,,,,,,,,,,,,,,,,,,,,,,,,,,,,,,,,,,,,,,,,,,,,,,,,,,,,,,,,,,,,,,,,,,,,,,,,,,,,,,,,,,,,,,,,,,,,,420.0,,,,,,,,,,,14.0,60.0,15.0,190.0
McDonald's,Latte with Sugar Free French Vanilla Syrup (Small) 12 fl oz cup,,,,,,,,,,,,,,,,,,,,,,,,,,,,,,,,,,,,,,,,,,,,,,,,,,,,,,,,,,,,,,,,,,,,,,,,,,,,,,,,,,,,,,,,,,,,,,,,,,,,,,,,,,,,,,,,,,,,,,210.0,,,,,,,,,,,9.0,24.0,9.0,150.0
McDonald's,Latte with Sugar Free French Vanilla Syrup (Medium) 16 fl oz cup,,,,,,,,,,,,,,,,,,,,,,,,,,,,,,,,,,,,,,,,,,,,,,,,,,,,,,,,,,,,,,,,,,,,,,,,,,,,,,,,,,,,,,,,,,,,,,,,,,,,,,,,,,,,,,,,,,,,,,260.0,,,,,,,,,,,10.0,29.0,12.0,190.0
McDonald's,Latte with Sugar Free French Vanilla Syrup (Large) 20 fl oz cup,,,,,,,,,,,,,,,,,,,,,,,,,,,,,,,,,,,,,,,,,,,,,,,,,,,,,,,,,,,,,,,,,,,,,,,,,,,,,,,,,,,,,,,,,,,,,,,,,,,,,,,,,,,,,,,,,,,,,,330.0,,,,,,,,,,,14.0,37.0,15.0,240.0
McDonald's,Nonfat Latte (Small) 12 fl oz cup,,,,,,,,,,,,,,,,,,,,,,,,,,,,,,,,,,,,,,,,,,,,,,,,,,,,,,,,,,,,,,,,,,,,,,,,,,,,,,,,,,,,,,,,,,,,,,,,,,,,,,,,,,,,,,,,,,,,,,100.0,,,,,,,,,,,0.0,15.0,10.0,110.0
McDonald's,White Hot Chocolate (Small) 13.3 oz (376 g),,,,,,,,,,,,,,,,,,,,,,,,,,,,,,,,,,,,,,,,,,,,,,,,,,,,,,,,,,,,,,,,,,,,,,,,,,,,,,,,,,,,,,,,,,,,,,,,,,,,,,,,,,,,,,,,,,,,,,350.0,,,,,,,,,,,13.0,48.0,12.0,180.0
McDonald's,White Hot Chocolate (Medium) 16.3 oz (463 g),,,,,,,,,,,,,,,,,,,,,,,,,,,,,,,,,,,,,,,,,,,,,,,,,,,,,,,,,,,,,,,,,,,,,,,,,,,,,,,,,,,,,,,,,,,,,,,,,,,,,,,,,,,,,,,,,,,,,,420.0,,,,,,,,,,,15.0,59.0,14.0,230.0
McDonald's,White Hot Chocolate (Large) 20.8 oz (589 g),,,,,,,,,,,,,,,,,,,,,,,,,,,,,,,,,,,,,,,,,,,,,,,,,,,,,,,,,,,,,,,,,,,,,,,,,,,,,,,,,,,,,,,,,,,,,,,,,,,,,,,,,,,,,,,,,,,,,,520.0,,,,,,,,,,,19.0,71.0,18.0,290.0
McDonald's,Nonfat White Hot Chocolate (Small) 13.3 oz (376 g),,,,,,,,,,,,,,,,,,,,,,,,,,,,,,,,,,,,,,,,,,,,,,,,,,,,,,,,,,,,,,,,,,,,,,,,,,,,,,,,,,,,,,,,,,,,,,,,,,,,,,,,,,,,,,,,,,,,,,260.0,,,,,,,,,,,3.0,48.0,12.0,180.0
McDonald's,Nonfat White Hot Chocolate (Medium) 16.4 oz (464 g),,,,,,,,,,,,,,,,,,,,,,,,,,,,,,,,,,,,,,,,,,,,,,,,,,,,,,,,,,,,,,,,,,,,,,,,,,,,,,,,,,,,,,,,,,,,,,,,,,,,,,,,,,,,,,,,,,,,,,320.0,,,,,,,,,,,3.0,59.0,15.0,220.0
McDonald's,Nonfat White Hot Chocolate (Large) 20.8 oz (590 g),,,,,,,,,,,,,,,,,,,,,,,,,,,,,,,,,,,,,,,,,,,,,,,,,,,,,,,,,,,,,,,,,,,,,,,,,,,,,,,,,,,,,,,,,,,,,,,,,,,,,,,,,,,,,,,,,,,,,,380.0,,,,,,,,,,,3.0,72.0,19.0,280.0
McDonald's,White Hot Chocolate (Small) 13.3 oz (376 g),,,,,,,,,,,,,,,,,,,,,,,,,,,,,,,,,,,,,,,,,,,,,,,,,,,,,,,,,,,,,,,,,,,,,,,,,,,,,,,,,,,,,,,,,,,,,,,,,,,,,,,,,,,,,,,,,,,,,,350.0,,,,,,,,,,,13.0,48.0,12.0,180.0
McDonald's,White Hot Chocolate (Medium) 16.3 oz (463 g),,,,,,,,,,,,,,,,,,,,,,,,,,,,,,,,,,,,,,,,,,,,,,,,,,,,,,,,,,,,,,,,,,,,,,,,,,,,,,,,,,,,,,,,,,,,,,,,,,,,,,,,,,,,,,,,,,,,,,420.0,,,,,,,,,,,15.0,59.0,14.0,230.0
McDonald's,White Hot Chocolate (Large) 20.8 oz (589 g),,,,,,,,,,,,,,,,,,,,,,,,,,,,,,,,,,,,,,,,,,,,,,,,,,,,,,,,,,,,,,,,,,,,,,,,,,,,,,,,,,,,,,,,,,,,,,,,,,,,,,,,,,,,,,,,,,,,,,520.0,,,,,,,,,,,19.0,71.0,18.0,290.0
McDonald's,Iced Classic Lemonade (Small) 12.3 oz (348 g),,,,,,,,,,,,,,,,,,,,,,,,,,,,,,,,,,,,,,,,,,,,,,,,,,,,,,,,,,,,,,,,,,,,,,,,,,,,,,,,,,,,,,,,,,,,,,,,,,,,,,,,,,,,,,,,,,,,,,100.0,,,,,,,,,,,0.0,25.0,0.0,10.0
McDonald's,Frozen Classic Lemonade (Small) 12.6 oz (357 g),,,,,,,,,,,,,,,,,,,,,,,,,,,,,,,,,,,,,,,,,,,,,,,,,,,,,,,,,,,,,,,,,,,,,,,,,,,,,,,,,,,,,,,,,,,,,,,,,,,,,,,,,,,,,,,,,,,,,,160.0,,,,,,,,,,,0.0,40.0,0.0,10.0
McDonald's,Iced Strawberry Lemonade (Small) 13.8 oz (390 g),,,,,,,,,,,,,,,,,,,,,,,,,,,,,,,,,,,,,,,,,,,,,,,,,,,,,,,,,,,,,,,,,,,,,,,,,,,,,,,,,,,,,,,,,,,,,,,,,,,,,,,,,,,,,,,,,,,,,,120.0,,,,,,,,,,,0.0,32.0,1.0,10.0
McDonald's,Frozen Strawberry Lemonade (Small) 14.1 oz (399 g),,,,,,,,,,,,,,,,,,,,,,,,,,,,,,,,,,,,,,,,,,,,,,,,,,,,,,,,,,,,,,,,,,,,,,,,,,,,,,,,,,,,,,,,,,,,,,,,,,,,,,,,,,,,,,,,,,,,,,180.0,,,,,,,,,,,0.0,48.0,1.0,10.0
McDonald's,Oreo Frappe (Small) 14.6 oz (413 g),,,,,,,,,,,,,,,,,,,,,,,,,,,,,,,,,,,,,,,,,,,,,,,,,,,,,,,,,,,,,,,,,,,,,,,,,,,,,,,,,,,,,,,,,,,,,,,,,,,,,,,,,,,,,,,,,,,,,,540.0,,,,,,,,,,,20.0,82.0,7.0,170.0
McDonald's,Baked Hot Apple Pie 2.7 oz (77 g),,,,,,,,,,,,,,,,,,,,,,,,,,,,,,,,,,,,,,,,,,,,,,,,,,,,,,,,,,,,,,,,,,,,,,,,,,,,,,,,,,,,,,,,,,,,,,,,,,,,,,,,,,,,,,,,,,,,,,250.0,,,,,,,,,,,13.0,32.0,2.0,170.0
McDonald's,Chocolate Chip Cookie 1 cookie (33 g),,,,,,,,,,,,,,,,,,,,,,,,,,,,,,,,,,,,,,,,,,,,,,,,,,,,,,,,,,,,,,,,,,,,,,,,,,,,,,,,,,,,,,,,,,,,,,,,,,,,,,,,,,,,,,,,,,,,,,160.0,,,,,,,,,,,8.0,21.0,2.0,90.0
McDonald's,Oatmeal Raisin Cookie 1 cookie (33 g),,,,,,,,,,,,,,,,,,,,,,,,,,,,,,,,,,,,,,,,,,,,,,,,,,,,,,,,,,,,,,,,,,,,,,,,,,,,,,,,,,,,,,,,,,,,,,,,,,,,,,,,,,,,,,,,,,,,,,150.0,,,,,,,,,,,6.0,22.0,2.0,135.0
McDonald's,Fruit 'n Yogurt Parfait 5.2 oz (149 g),,,,,,,,,,,,,,,,,,,,,,,,,,,,,,,,,,,,,,,,,,,,,,,,,,,,,,,,,,,,,,,,,,,,,,,,,,,,,,,,,,,,,,,,,,,,,,,,,,,,,,,,,,,,,,,,,,,,,,150.0,,,,,,,,,,,2.0,30.0,4.0,80.0
McDonald's,Chocolate Shake (Medium) 16 fl oz,,,,,,,,,,,,,,,,,,,,,,,,,,,,,,,,,,,,,,,,,,,,,,,,,,,,,,,,,,,,,,,,,,,,,,,,,,,,,,,,,,,,,,,,,,,,,,,,,,,,,,,,,,,,,,,,,,,,,,700.0,,,,,,,,,,,20.0,114.0,15.0,300.0
McDonald's,Chocolate Shake (Large) 22 fl oz,,,,,,,,,,,,,,,,,,,,,,,,,,,,,,,,,,,,,,,,,,,,,,,,,,,,,,,,,,,,,,,,,,,,,,,,,,,,,,,,,,,,,,,,,,,,,,,,,,,,,,,,,,,,,,,,,,,,,,850.0,,,,,,,,,,,23.0,141.0,19.0,380.0
McDonald's,Vanilla Reduced Fat Ice Cream Cone 3.7 oz (105 g),,,,,,,,,,,,,,,,,,,,,,,,,,,,,,,,,,,,,,,,,,,,,,,,,,,,,,,,,,,,,,,,,,,,,,,,,,,,,,,,,,,,,,,,,,,,,,,,,,,,,,,,,,,,,,,,,,,,,,170.0,,,,,,,,,,,4.5,27.0,5.0,70.0
McDonald's,Kiddie Cone 1 oz (29 g),,,,,,,,,,,,,,,,,,,,,,,,,,,,,,,,,,,,,,,,,,,,,,,,,,,,,,,,,,,,,,,,,,,,,,,,,,,,,,,,,,,,,,,,,,,,,,,,,,,,,,,,,,,,,,,,,,,,,,45.0,,,,,,,,,,,1.5,7.0,1.0,20.0
McDonald's,Hot Fudge Sundae 6.3 oz (179 g),,,,,,,,,,,,,,,,,,,,,,,,,,,,,,,,,,,,,,,,,,,,,,,,,,,,,,,,,,,,,,,,,,,,,,,,,,,,,,,,,,,,,,,,,,,,,,,,,,,,,,,,,,,,,,,,,,,,,,330.0,,,,,,,,,,,9.0,53.0,8.0,170.0
McDonald's,Hot Caramel Sundae 6.4 oz (182 g),,,,,,,,,,,,,,,,,,,,,,,,,,,,,,,,,,,,,,,,,,,,,,,,,,,,,,,,,,,,,,,,,,,,,,,,,,,,,,,,,,,,,,,,,,,,,,,,,,,,,,,,,,,,,,,,,,,,,,340.0,,,,,,,,,,,8.0,60.0,7.0,150.0
McDonald's,Strawberry Sundae 6.3 oz (178 g),,,,,,,,,,,,,,,,,,,,,,,,,,,,,,,,,,,,,,,,,,,,,,,,,,,,,,,,,,,,,,,,,,,,,,,,,,,,,,,,,,,,,,,,,,,,,,,,,,,,,,,,,,,,,,,,,,,,,,280.0,,,,,,,,,,,6.0,49.0,6.0,85.0
McDonald's,McFlurry® with M&M'S® Chocolate Candies (12 fl oz cup) 12 fl oz cup (310 g),,,,,,,,,,,,,,,,,,,,,,,,,,,,,,,,,,,,,,,,,,,,,,,,,,,,,,,,,,,,,,,,,,,,,,,,,,,,,,,,,,,,,,,,,,,,,,,,,,,,,,,,,,,,,,,,,,,,,,650.0,,,,,,,,,,,23.0,96.0,13.0,180.0
McDonald's,McFlurry® with OREO® Cookies (12 fl oz cup) 10.1 oz (285 g),,,,,,,,,,,,,,,,,,,,,,,,,,,,,,,,,,,,,,,,,,,,,,,,,,,,,,,,,,,,,,,,,,,,,,,,,,,,,,,,,,,,,,,,,,,,,,,,,,,,,,,,,,,,,,,,,,,,,,520.0,,,,,,,,,,,17.0,80.0,12.0,260.0
McDonald's,Chocolate Shake (Small) 12 fl oz,,,,,,,,,,,,,,,,,,,,,,,,,,,,,,,,,,,,,,,,,,,,,,,,,,,,,,,,,,,,,,,,,,,,,,,,,,,,,,,,,,,,,,,,,,,,,,,,,,,,,,,,,,,,,,,,,,,,,,560.0,,,,,,,,,,,16.0,91.0,12.0,240.0
McDonald's,Vanilla McCafe Shake (Small) 12 fl oz,,,,,,,,,,,,,,,,,,,,,,,,,,,,,,,,,,,,,,,,,,,,,,,,,,,,,,,,,,,,,,,,,,,,,,,,,,,,,,,,,,,,,,,,,,,,,,,,,,,,,,,,,,,,,,,,,,,,,,530.0,,,,,,,,,,,15.0,86.0,11.0,160.0
McDonald's,Strawberry Shake (Small) 12 fl oz,,,,,,,,,,,,,,,,,,,,,,,,,,,,,,,,,,,,,,,,,,,,,,,,,,,,,,,,,,,,,,,,,,,,,,,,,,,,,,,,,,,,,,,,,,,,,,,,,,,,,,,,,,,,,,,,,,,,,,550.0,,,,,,,,,,,16.0,90.0,12.0,160.0
McDonald's,STRAWBERRY & CREME PIE 3.03 oz (86 g),,,,,,,,,,,,,,,,,,,,,,,,,,,,,,,,,,,,,,,,,,,,,,,,,,,,,,,,,,,,,,,,,,,,,,,,,,,,,,,,,,,,,,,,,,,,,,,,,,,,,,,,,,,,,,,,,,,,,,310.0,,,,,,,,,,,17.0,36.0,4.0,180.0
McDonald's,Shamrock McCafe® Shake (Small) 12 fl oz cup,,,,,,,,,,,,,,,,,,,,,,,,,,,,,,,,,,,,,,,,,,,,,,,,,,,,,,,,,,,,,,,,,,,,,,,,,,,,,,,,,,,,,,,,,,,,,,,,,,,,,,,,,,,,,,,,,,,,,,530.0,,,,,,,,,,,15.0,86.0,11.0,160.0
McDonald's,Snack Size McFlurry® with M&M'S® Chocolate Candies 7.3 oz (207 g),,,,,,,,,,,,,,,,,,,,,,,,,,,,,,,,,,,,,,,,,,,,,,,,,,,,,,,,,,,,,,,,,,,,,,,,,,,,,,,,,,,,,,,,,,,,,,,,,,,,,,,,,,,,,,,,,,,,,,430.0,,,,,,,,,,,15.0,64.0,9.0,120.0
McDonald's,Snack Size McFlurry® with OREO® Cookies 6.7 oz (190 g),,,,,,,,,,,,,,,,,,,,,,,,,,,,,,,,,,,,,,,,,,,,,,,,,,,,,,,,,,,,,,,,,,,,,,,,,,,,,,,,,,,,,,,,,,,,,,,,,,,,,,,,,,,,,,,,,,,,,,340.0,,,,,,,,,,,11.0,53.0,8.0,170.0
McDonald's,Strawberry Shake (Medium) 16 fl oz,,,,,,,,,,,,,,,,,,,,,,,,,,,,,,,,,,,,,,,,,,,,,,,,,,,,,,,,,,,,,,,,,,,,,,,,,,,,,,,,,,,,,,,,,,,,,,,,,,,,,,,,,,,,,,,,,,,,,,690.0,,,,,,,,,,,20.0,114.0,15.0,210.0
McDonald's,Strawberry Shake (Large) 22 fl oz,,,,,,,,,,,,,,,,,,,,,,,,,,,,,,,,,,,,,,,,,,,,,,,,,,,,,,,,,,,,,,,,,,,,,,,,,,,,,,,,,,,,,,,,,,,,,,,,,,,,,,,,,,,,,,,,,,,,,,850.0,,,,,,,,,,,24.0,140.0,18.0,260.0
McDonald's,Vanilla McCafe Shake (Medium) 16 fl oz,,,,,,,,,,,,,,,,,,,,,,,,,,,,,,,,,,,,,,,,,,,,,,,,,,,,,,,,,,,,,,,,,,,,,,,,,,,,,,,,,,,,,,,,,,,,,,,,,,,,,,,,,,,,,,,,,,,,,,660.0,,,,,,,,,,,19.0,109.0,14.0,200.0
McDonald's,Vanilla McCafe Shake (Large) 22 fl oz,,,,,,,,,,,,,,,,,,,,,,,,,,,,,,,,,,,,,,,,,,,,,,,,,,,,,,,,,,,,,,,,,,,,,,,,,,,,,,,,,,,,,,,,,,,,,,,,,,,,,,,,,,,,,,,,,,,,,,820.0,,,,,,,,,,,23.0,135.0,18.0,260.0
McDonald's,Shamrock McCafe® Shake (Medium) 16 fl oz cup,,,,,,,,,,,,,,,,,,,,,,,,,,,,,,,,,,,,,,,,,,,,,,,,,,,,,,,,,,,,,,,,,,,,,,,,,,,,,,,,,,,,,,,,,,,,,,,,,,,,,,,,,,,,,,,,,,,,,,660.0,,,,,,,,,,,19.0,109.0,14.0,210.0
McDonald's,Shamrock McCafe® Shake (Large) 22 fl oz cup,,,,,,,,,,,,,,,,,,,,,,,,,,,,,,,,,,,,,,,,,,,,,,,,,,,,,,,,,,,,,,,,,,,,,,,,,,,,,,,,,,,,,,,,,,,,,,,,,,,,,,,,,,,,,,,,,,,,,,820.0,,,,,,,,,,,23.0,135.0,18.0,260.0
McDonald's,Fried Cherry Pie 2.9 oz (81 g),,,,,,,,,,,,,,,,,,,,,,,,,,,,,,,,,,,,,,,,,,,,,,,,,,,,,,,,,,,,,,,,,,,,,,,,,,,,,,,,,,,,,,,,,,,,,,,,,,,,,,,,,,,,,,,,,,,,,,230.0,,,,,,,,,,,10.0,33.0,2.0,135.0
McDonald's,Sweet Potato and Creme Pie 2.8 oz (78 g),,,,,,,,,,,,,,,,,,,,,,,,,,,,,,,,,,,,,,,,,,,,,,,,,,,,,,,,,,,,,,,,,,,,,,,,,,,,,,,,,,,,,,,,,,,,,,,,,,,,,,,,,,,,,,,,,,,,,,290.0,,,,,,,,,,,15.0,34.0,3.0,170.0
McDonald's,Pumpkin and Creme Pie 2.7 oz (77 g),,,,,,,,,,,,,,,,,,,,,,,,,,,,,,,,,,,,,,,,,,,,,,,,,,,,,,,,,,,,,,,,,,,,,,,,,,,,,,,,,,,,,,,,,,,,,,,,,,,,,,,,,,,,,,,,,,,,,,270.0,,,,,,,,,,,15.0,32.0,3.0,160.0
McDonald's,Grape Jam 0.5 oz (14 g),,,,,,,,,,,,,,,,,,,,,,,,,,,,,,,,,,,,,,,,,,,,,,,,,,,,,,,,,,,,,,,,,,,,,,,,,,,,,,,,,,,,,,,,,,,,,,,,,,,,,,,,,,,,,,,,,,,,,,35.0,,,,,,,,,,,0.0,9.0,0.0,0.0
McDonald's,Coffee Cream 0.4 fl oz (11 ml),,,,,,,,,,,,,,,,,,,,,,,,,,,,,,,,,,,,,,,,,,,,,,,,,,,,,,,,,,,,,,,,,,,,,,,,,,,,,,,,,,,,,,,,,,,,,,,,,,,,,,,,,,,,,,,,,,,,,,20.0,,,,,,,,,,,2.0,0.0,0.0,15.0
McDonald's,Strawberry Preserves 0.5 oz (14 g),,,,,,,,,,,,,,,,,,,,,,,,,,,,,,,,,,,,,,,,,,,,,,,,,,,,,,,,,,,,,,,,,,,,,,,,,,,,,,,,,,,,,,,,,,,,,,,,,,,,,,,,,,,,,,,,,,,,,,35.0,,,,,,,,,,,0.0,9.0,0.0,0.0
McDonald's,Sugar Packet 1 pkg (4 g),,,,,,,,,,,,,,,,,,,,,,,,,,,,,,,,,,,,,,,,,,,,,,,,,,,,,,,,,,,,,,,,,,,,,,,,,,,,,,,,,,,,,,,,,,,,,,,,,,,,,,,,,,,,,,,,,,,,,,15.0,,,,,,,,,,,0.0,4.0,0.0,0.0
McDonald's,EQUAL® ZERO Calorie Sweetener 1 pkg (1 g),,,,,,,,,,,,,,,,,,,,,,,,,,,,,,,,,,,,,,,,,,,,,,,,,,,,,,,,,,,,,,,,,,,,,,,,,,,,,,,,,,,,,,,,,,,,,,,,,,,,,,,,,,,,,,,,,,,,,,0.0,,,,,,,,,,,0.0,1.0,0.0,0.0
McDonald's,SPLENDA® No Calorie Sweetener 1 pkg (1 g),,,,,,,,,,,,,,,,,,,,,,,,,,,,,,,,,,,,,,,,,,,,,,,,,,,,,,,,,,,,,,,,,,,,,,,,,,,,,,,,,,,,,,,,,,,,,,,,,,,,,,,,,,,,,,,,,,,,,,0.0,,,,,,,,,,,0.0,1.0,0.0,0.0
McDonald's,Hot Habanero Sauce 22 oz (0 g),,,,,,,,,,,,,,,,,,,,,,,,,,,,,,,,,,,,,,,,,,,,,,,,,,,,,,,,,,,,,,,,,,,,,,,,,,,,,,,,,,,,,,,,,,,,,,,,,,,,,,,,,,,,,,,,,,,,,,80.0,,,,,,,,,,,7.0,5.0,1.0,180.0
McDonald's,Ketchup Packet 1 pkg (9 g),,,,,,,,,,,,,,,,,,,,,,,,,,,,,,,,,,,,,,,,,,,,,,,,,,,,,,,,,,,,,,,,,,,,,,,,,,,,,,,,,,,,,,,,,,,,,,,,,,,,,,,,,,,,,,,,,,,,,,10.0,,,,,,,,,,,0.0,2.0,0.0,90.0
McDonald's,Creamy Ranch Sauce 0.78 oz (22.134 g),,,,,,,,,,,,,,,,,,,,,,,,,,,,,,,,,,,,,,,,,,,,,,,,,,,,,,,,,,,,,,,,,,,,,,,,,,,,,,,,,,,,,,,,,,,,,,,,,,,,,,,,,,,,,,,,,,,,,,110.0,,,,,,,,,,,12.0,1.0,0.0,170.0
McDonald's,Newman's Own® Low Fat Sesame Ginger Dressing 1.5 fl oz (44 ml),,,,,,,,,,,,,,,,,,,,,,,,,,,,,,,,,,,,,,,,,,,,,,,,,,,,,,,,,,,,,,,,,,,,,,,,,,,,,,,,,,,,,,,,,,,,,,,,,,,,,,,,,,,,,,,,,,,,,,80.0,,,,,,,,,,,2.5,14.0,1.0,400.0
McDonald's,Spicy Buffalo Sauce 0.8 oz (22 g),,,,,,,,,,,,,,,,,,,,,,,,,,,,,,,,,,,,,,,,,,,,,,,,,,,,,,,,,,,,,,,,,,,,,,,,,,,,,,,,,,,,,,,,,,,,,,,,,,,,,,,,,,,,,,,,,,,,,,35.0,,,,,,,,,,,3.0,1.0,0.0,540.0
McDonald's,Newman's Own® Low Fat Balsamic Vinaigrette 1.5 fl oz (44 ml),,,,,,,,,,,,,,,,,,,,,,,,,,,,,,,,,,,,,,,,,,,,,,,,,,,,,,,,,,,,,,,,,,,,,,,,,,,,,,,,,,,,,,,,,,,,,,,,,,,,,,,,,,,,,,,,,,,,,,35.0,,,,,,,,,,,1.5,5.0,0.0,400.0
McDonald's,Newman's Own® Creamy Southwest Dressing 1.5 fl oz (44 ml),,,,,,,,,,,,,,,,,,,,,,,,,,,,,,,,,,,,,,,,,,,,,,,,,,,,,,,,,,,,,,,,,,,,,,,,,,,,,,,,,,,,,,,,,,,,,,,,,,,,,,,,,,,,,,,,,,,,,,120.0,,,,,,,,,,,8.0,11.0,1.0,300.0
McDonald's,Newman's Own® Low Fat Family Recipe Italian Dressing 1.5 fl oz (44 ml),,,,,,,,,,,,,,,,,,,,,,,,,,,,,,,,,,,,,,,,,,,,,,,,,,,,,,,,,,,,,,,,,,,,,,,,,,,,,,,,,,,,,,,,,,,,,,,,,,,,,,,,,,,,,,,,,,,,,,50.0,,,,,,,,,,,1.5,8.0,0.0,380.0
McDonald's,Salt Packet 1 pkg (0 g),,,,,,,,,,,,,,,,,,,,,,,,,,,,,,,,,,,,,,,,,,,,,,,,,,,,,,,,,,,,,,,,,,,,,,,,,,,,,,,,,,,,,,,,,,,,,,,,,,,,,,,,,,,,,,,,,,,,,,0.0,,,,,,,,,,,0.0,0.0,0.0,270.0
McDonald's,Honey 1 pkg (14 g),,,,,,,,,,,,,,,,,,,,,,,,,,,,,,,,,,,,,,,,,,,,,,,,,,,,,,,,,,,,,,,,,,,,,,,,,,,,,,,,,,,,,,,,,,,,,,,,,,,,,,,,,,,,,,,,,,,,,,50.0,,,,,,,,,,,0.0,12.0,0.0,0.0
McDonald's,Newman's Own® Ranch Dressing 2 fl oz (59 ml),,,,,,,,,,,,,,,,,,,,,,,,,,,,,,,,,,,,,,,,,,,,,,,,,,,,,,,,,,,,,,,,,,,,,,,,,,,,,,,,,,,,,,,,,,,,,,,,,,,,,,,,,,,,,,,,,,,,,,200.0,,,,,,,,,,,17.0,11.0,1.0,530.0
McDonald's,Sweet 'N Sour Sauce 1 pkg (28.4 g),,,,,,,,,,,,,,,,,,,,,,,,,,,,,,,,,,,,,,,,,,,,,,,,,,,,,,,,,,,,,,,,,,,,,,,,,,,,,,,,,,,,,,,,,,,,,,,,,,,,,,,,,,,,,,,,,,,,,,50.0,,,,,,,,,,,0.0,12.0,0.0,150.0
McDonald's,Hotcake Syrup 1 pkg (61 g),,,,,,,,,,,,,,,,,,,,,,,,,,,,,,,,,,,,,,,,,,,,,,,,,,,,,,,,,,,,,,,,,,,,,,,,,,,,,,,,,,,,,,,,,,,,,,,,,,,,,,,,,,,,,,,,,,,,,,180.0,,,,,,,,,,,0.0,44.0,0.0,0.0
McDonald's,Peanuts (for Sundaes) 0.3 oz (7 g),,,,,,,,,,,,,,,,,,,,,,,,,,,,,,,,,,,,,,,,,,,,,,,,,,,,,,,,,,,,,,,,,,,,,,,,,,,,,,,,,,,,,,,,,,,,,,,,,,,,,,,,,,,,,,,,,,,,,,45.0,,,,,,,,,,,3.5,2.0,2.0,0.0
McDonald's,Honey Mustard Sauce 0.8 oz (22 g),,,,,,,,,,,,,,,,,,,,,,,,,,,,,,,,,,,,,,,,,,,,,,,,,,,,,,,,,,,,,,,,,,,,,,,,,,,,,,,,,,,,,,,,,,,,,,,,,,,,,,,,,,,,,,,,,,,,,,60.0,,,,,,,,,,,4.0,6.0,0.0,115.0
McDonald's,Tangy Barbeque Sauce 1 pkg (28.35 g),,,,,,,,,,,,,,,,,,,,,,,,,,,,,,,,,,,,,,,,,,,,,,,,,,,,,,,,,,,,,,,,,,,,,,,,,,,,,,,,,,,,,,,,,,,,,,,,,,,,,,,,,,,,,,,,,,,,,,50.0,,,,,,,,,,,0.0,12.0,0.0,260.0
McDonald's,Buffalo Ranch McChicken 5.2 oz (148 g),,,,,,,,,,,,,,,,,,,,,,,,,,,,,,,,,,,,,,,,,,,,,,,,,,,,,,,,,,,,,,,,,,,,,,,,,,,,,,,,,,,,,,,,,,,,,,,,,,,,,,,,,,,,,,,,,,,,,,370.0,,,,,,,,,,,17.0,41.0,14.0,850.0
McDonald's,Whipped Margarine (1 pat) 1 pkg (6 g),,,,,,,,,,,,,,,,,,,,,,,,,,,,,,,,,,,,,,,,,,,,,,,,,,,,,,,,,,,,,,,,,,,,,,,,,,,,,,,,,,,,,,,,,,,,,,,,,,,,,,,,,,,,,,,,,,,,,,40.0,,,,,,,,,,,4.5,0.0,0.0,55.0
McDonald's,Tartar Sauce Cup 1 oz (28 g),,,,,,,,,,,,,,,,,,,,,,,,,,,,,,,,,,,,,,,,,,,,,,,,,,,,,,,,,,,,,,,,,,,,,,,,,,,,,,,,,,,,,,,,,,,,,,,,,,,,,,,,,,,,,,,,,,,,,,140.0,,,,,,,,,,,15.0,0.0,0.0,150.0
McDonald's,Marinara Sauce (Package) 0.8 oz (24 g),,,,,,,,,,,,,,,,,,,,,,,,,,,,,,,,,,,,,,,,,,,,,,,,,,,,,,,,,,,,,,,,,,,,,,,,,,,,,,,,,,,,,,,,,,,,,,,,,,,,,,,,,,,,,,,,,,,,,,15.0,,,,,,,,,,,0.0,2.0,0.0,75.0
McDonald's,Fruit 'n Yogurt Parfait 5.2 oz (149 g),,,,,,,,,,,,,,,,,,,,,,,,,,,,,,,,,,,,,,,,,,,,,,,,,,,,,,,,,,,,,,,,,,,,,,,,,,,,,,,,,,,,,,,,,,,,,,,,,,,,,,,,,,,,,,,,,,,,,,150.0,,,,,,,,,,,2.0,30.0,4.0,80.0
McDonald's,Sausage McMuffin with Egg 5.7 oz (162 g),,,,,,,,,,,,,,,,,,,,,,,,,,,,,,,,,,,,,,,,,,,,,,,,,,,,,,,,,,,,,,,,,,,,,,,,,,,,,,,,,,,,,,,,,,,,,,,,,,,,,,,,,,,,,,,,,,,,,,470.0,,,,,,,,,,,30.0,29.0,21.0,830.0
McDonald's,Hotcakes and Sausage 6.7 oz (189 g),,,,,,,,,,,,,,,,,,,,,,,,,,,,,,,,,,,,,,,,,,,,,,,,,,,,,,,,,,,,,,,,,,,,,,,,,,,,,,,,,,,,,,,,,,,,,,,,,,,,,,,,,,,,,,,,,,,,,,510.0,,,,,,,,,,,25.0,55.0,15.0,830.0
McDonald's,Sausage Burrito 3.9 oz (111 g),,,,,,,,,,,,,,,,,,,,,,,,,,,,,,,,,,,,,,,,,,,,,,,,,,,,,,,,,,,,,,,,,,,,,,,,,,,,,,,,,,,,,,,,,,,,,,,,,,,,,,,,,,,,,,,,,,,,,,300.0,,,,,,,,,,,16.0,26.0,12.0,790.0
McDonald's,Egg McMuffin® 4.7 oz (134 g),,,,,,,,,,,,,,,,,,,,,,,,,,,,,,,,,,,,,,,,,,,,,,,,,,,,,,,,,,,,,,,,,,,,,,,,,,,,,,,,,,,,,,,,,,,,,,,,,,,,,,,,,,,,,,,,,,,,,,300.0,,,,,,,,,,,12.0,29.0,17.0,730.0
McDonald's,"Bacon, Egg & Cheese Biscuit (Regular Size Biscuit) 5.2 oz (147 g)",,,,,,,,,,,,,,,,,,,,,,,,,,,,,,,,,,,,,,,,,,,,,,,,,,,,,,,,,,,,,,,,,,,,,,,,,,,,,,,,,,,,,,,,,,,,,,,,,,,,,,,,,,,,,,,,,,,,,,450.0,,,,,,,,,,,26.0,36.0,19.0,1260.0
McDonald's,Sausage Biscuit (Regular Size Biscuit) 4.1 oz (117 g),,,,,,,,,,,,,,,,,,,,,,,,,,,,,,,,,,,,,,,,,,,,,,,,,,,,,,,,,,,,,,,,,,,,,,,,,,,,,,,,,,,,,,,,,,,,,,,,,,,,,,,,,,,,,,,,,,,,,,440.0,,,,,,,,,,,30.0,33.0,11.0,1000.0
McDonald's,Sausage Biscuit with Egg (Regular Size Biscuit) 5.8 oz (164 g),,,,,,,,,,,,,,,,,,,,,,,,,,,,,,,,,,,,,,,,,,,,,,,,,,,,,,,,,,,,,,,,,,,,,,,,,,,,,,,,,,,,,,,,,,,,,,,,,,,,,,,,,,,,,,,,,,,,,,520.0,,,,,,,,,,,35.0,35.0,17.0,1080.0
McDonald's,Hotcakes 5.1 oz (144 g),,,,,,,,,,,,,,,,,,,,,,,,,,,,,,,,,,,,,,,,,,,,,,,,,,,,,,,,,,,,,,,,,,,,,,,,,,,,,,,,,,,,,,,,,,,,,,,,,,,,,,,,,,,,,,,,,,,,,,320.0,,,,,,,,,,,7.0,54.0,8.0,530.0
McDonald's,HASH BROWNS 2 oz (56 g),,,,,,,,,,,,,,,,,,,,,,,,,,,,,,,,,,,,,,,,,,,,,,,,,,,,,,,,,,,,,,,,,,,,,,,,,,,,,,,,,,,,,,,,,,,,,,,,,,,,,,,,,,,,,,,,,,,,,,150.0,,,,,,,,,,,9.0,15.0,1.0,310.0
McDonald's,Fruit & Maple Oatmeal 8.9 oz (251 g),,,,,,,,,,,,,,,,,,,,,,,,,,,,,,,,,,,,,,,,,,,,,,,,,,,,,,,,,,,,,,,,,,,,,,,,,,,,,,,,,,,,,,,,,,,,,,,,,,,,,,,,,,,,,,,,,,,,,,290.0,,,,,,,,,,,4.0,58.0,5.0,160.0
McDonald's,Sausage McMuffin 4 oz (114 g),,,,,,,,,,,,,,,,,,,,,,,,,,,,,,,,,,,,,,,,,,,,,,,,,,,,,,,,,,,,,,,,,,,,,,,,,,,,,,,,,,,,,,,,,,,,,,,,,,,,,,,,,,,,,,,,,,,,,,400.0,,,,,,,,,,,25.0,28.0,14.0,750.0
Burger King,Hamburger,,,,,,,,,,,,,,,,,,,,,,,,,,,,,,,,,,,,,,,,,,,,,,,,,,,,,,,,,,,,,,,,,,,,,,,,,,,,,,,,,,,,,,,,,,,,,,,,,,,,,,,,,,,,,,,,,,,,,,220.0,,,,,,,,,,,,26.0,11.0,380.0
Burger King,Cheeseburger,,,,,,,,,,,,,,,,,,,,,,,,,,,,,,,,,,,,,,,,,,,,,,,,,,,,,,,,,,,,,,,,,,,,,,,,,,,,,,,,,,,,,,,,,,,,,,,,,,,,,,,,,,,,,,,,,,,,,,270.0,,,,,,,,,,,,27.0,13.0,560.0
Burger King,WHOPPER Sandwich,,,,,,,,,,,,,,,,,,,,,,,,,,,,,,,,,,,,,,,,,,,,,,,,,,,,,,,,,,,,,,,,,,,,,,,,,,,,,,,,,,,,,,,,,,,,,,,,,,,,,,,,,,,,,,,,,,,,,,630.0,,,,,,,,,,,,49.0,26.0,810.0
Burger King,Bacon & Cheese WHOPPER Sandwich,,,,,,,,,,,,,,,,,,,,,,,,,,,,,,,,,,,,,,,,,,,,,,,,,,,,,,,,,,,,,,,,,,,,,,,,,,,,,,,,,,,,,,,,,,,,,,,,,,,,,,,,,,,,,,,,,,,,,,750.0,,,,,,,,,,,,46.0,33.0,1260.0
Burger King,DOUBLE WHOPPER Sandwich,,,,,,,,,,,,,,,,,,,,,,,,,,,,,,,,,,,,,,,,,,,,,,,,,,,,,,,,,,,,,,,,,,,,,,,,,,,,,,,,,,,,,,,,,,,,,,,,,,,,,,,,,,,,,,,,,,,,,,850.0,,,,,,,,,,,,49.0,43.0,870.0
Burger King,Double Bacon King,,,,,,,,,,,,,,,,,,,,,,,,,,,,,,,,,,,,,,,,,,,,,,,,,,,,,,,,,,,,,,,,,,,,,,,,,,,,,,,,,,,,,,,,,,,,,,,,,,,,,,,,,,,,,,,,,,,,,,1040.0,,,,,,,,,,,,48.0,57.0,1900.0
Burger King,Chocolate Milk Shake,,,,,,,,,,,,,,,,,,,,,,,,,,,,,,,,,,,,,,,,,,,,,,,,,,,,,,,,,,,,,,,,,,,,,,,,,,,,,,,,,,,,,,,,,,,,,,,,,,,,,,,,,,,,,,,,,,,,,,610.0,,,,,,,,,,,,103.0,14.0,500.0
Burger King,TENDERCRISP Chicken Sandwich,,,,,,,,,,,,,,,,,,,,,,,,,,,,,,,,,,,,,,,,,,,,,,,,,,,,,,,,,,,,,,,,,,,,,,,,,,,,,,,,,,,,,,,,,,,,,,,,,,,,,,,,,,,,,,,,,,,,,,660.0,,,,,,,,,,,,49.0,26.0,1220.0
Burger King,TENDERGRILL Chicken Sandwich,,,,,,,,,,,,,,,,,,,,,,,,,,,,,,,,,,,,,,,,,,,,,,,,,,,,,,,,,,,,,,,,,,,,,,,,,,,,,,,,,,,,,,,,,,,,,,,,,,,,,,,,,,,,,,,,,,,,,,420.0,,,,,,,,,,,,35.0,32.0,700.0
Burger King,Chicken Nuggets- 4pc,,,,,,,,,,,,,,,,,,,,,,,,,,,,,,,,,,,,,,,,,,,,,,,,,,,,,,,,,,,,,,,,,,,,,,,,,,,,,,,,,,,,,,,,,,,,,,,,,,,,,,,,,,,,,,,,,,,,,,170.0,,,,,,,,,,,,11.0,8.0,310.0
Burger King,French Fries - small (Salted),,,,,,,,,,,,,,,,,,,,,,,,,,,,,,,,,,,,,,,,,,,,,,,,,,,,,,,,,,,,,,,,,,,,,,,,,,,,,,,,,,,,,,,,,,,,,,,,,,,,,,,,,,,,,,,,,,,,,,320.0,,,,,,,,,,,,44.0,4.0,480.0
Chick-fil-A,Grilled Chicken Sandwich,,,,,,,,,,,,,,,,,,,,,,,,,,,,,,,,,,,,,,,,,,,,,,,,,,,,,,,,,,,,,,,,,,,,,,,,,,,,,,,,,,,,,,,,,,,,,,,,,,,,,,,,,,,,,,,,,,,,,,270.0,,,,,,,,,,,,33.0,28.0,940.0
Chick-fil-A,Chick-fil-A Chicken Sandwich,,,,,,,,,,,,,,,,,,,,,,,,,,,,,,,,,,,,,,,,,,,,,,,,,,,,,,,,,,,,,,,,,,,,,,,,,,,,,,,,,,,,,,,,,,,,,,,,,,,,,,,,,,,,,,,,,,,,,,410.0,,,,,,,,,,,,38.0,28.0,1300.0
Chick-fil-A,4-Piece Chicken Nuggets,,,,,,,,,,,,,,,,,,,,,,,,,,,,,,,,,,,,,,,,,,,,,,,,,,,,,,,,,,,,,,,,,,,,,,,,,,,,,,,,,,,,,,,,,,,,,,,,,,,,,,,,,,,,,,,,,,,,,,130.0,,,,,,,,,,,,6.0,13.0,545.0
Chick-fil-A,Small Waffle Fries,,,,,,,,,,,,,,,,,,,,,,,,,,,,,,,,,,,,,,,,,,,,,,,,,,,,,,,,,,,,,,,,,,,,,,,,,,,,,,,,,,,,,,,,,,,,,,,,,,,,,,,,,,,,,,,,,,,,,,280.0,,,,,,,,,,,,37.0,3.0,105.0
Chick-fil-A,Chocolate Milkshake,,,,,,,,,,,,,,,,,,,,,,,,,,,,,,,,,,,,,,,,,,,,,,,,,,,,,,,,,,,,,,,,,,,,,,,,,,,,,,,,,,,,,,,,,,,,,,,,,,,,,,,,,,,,,,,,,,,,,,560.0,,,,,,,,,,,,82.0,12.0,380.0
Sonic,JR. BURGER,,,,,,,,,,,,,,,,,,,,,,,,,,,,,,,,,,,,,,,,,,,,,,,,,,,,,,,,,,,,,,,,,,,,,,,,,,,,,,,,,,,,,,,,,,,,,,,,,,,,,,,,,,,,,,,,,,,,,,330.0,,,,,,,,,,,,30.0,15.0,480.0
Sonic,JR. CHEESEBURGER,,,,,,,,,,,,,,,,,,,,,,,,,,,,,,,,,,,,,,,,,,,,,,,,,,,,,,,,,,,,,,,,,,,,,,,,,,,,,,,,,,,,,,,,,,,,,,,,,,,,,,,,,,,,,,,,,,,,,,390.0,,,,,,,,,,,,31.0,19.0,810.0
Sonic,SONIC BURGER WITH KETCHUP,,,,,,,,,,,,,,,,,,,,,,,,,,,,,,,,,,,,,,,,,,,,,,,,,,,,,,,,,,,,,,,,,,,,,,,,,,,,,,,,,,,,,,,,,,,,,,,,,,,,,,,,,,,,,,,,,,,,,,650.0,,,,,,,,,,,,46.0,31.0,840.0
Sonic,SuperSONIC BACON DOUBLE CHEESEBURGER WITH MAYO,,,,,,,,,,,,,,,,,,,,,,,,,,,,,,,,,,,,,,,,,,,,,,,,,,,,,,,,,,,,,,,,,,,,,,,,,,,,,,,,,,,,,,,,,,,,,,,,,,,,,,,,,,,,,,,,,,,,,,1240.0,,,,,,,,,,,,44.0,67.0,1690.0
Sonic,SONIC BACON CHEESEBURGER WITH MAYO,,,,,,,,,,,,,,,,,,,,,,,,,,,,,,,,,,,,,,,,,,,,,,,,,,,,,,,,,,,,,,,,,,,,,,,,,,,,,,,,,,,,,,,,,,,,,,,,,,,,,,,,,,,,,,,,,,,,,,820.0,,,,,,,,,,,,43.0,39.0,1260.0
Sonic,HATCH GREEN CHILE CHEESEBURGER,,,,,,,,,,,,,,,,,,,,,,,,,,,,,,,,,,,,,,,,,,,,,,,,,,,,,,,,,,,,,,,,,,,,,,,,,,,,,,,,,,,,,,,,,,,,,,,,,,,,,,,,,,,,,,,,,,,,,,710.0,,,,,,,,,,,,43.0,35.0,1120.0
Sonic,Chocolate Shake Small,,,,,,,,,,,,,,,,,,,,,,,,,,,,,,,,,,,,,,,,,,,,,,,,,,,,,,,,,,,,,,,,,,,,,,,,,,,,,,,,,,,,,,,,,,,,,,,,,,,,,,,,,,,,,,,,,,,,,,670.0,,,,,,,,,,,,89.0,8.0,330.0
Sonic,CLASSIC CHICKEN SANDWICH-CRISPY,,,,,,,,,,,,,,,,,,,,,,,,,,,,,,,,,,,,,,,,,,,,,,,,,,,,,,,,,,,,,,,,,,,,,,,,,,,,,,,,,,,,,,,,,,,,,,,,,,,,,,,,,,,,,,,,,,,,,,580.0,,,,,,,,,,,,57.0,28.0,900.0
Sonic,CLASSIC CHICKEN SANDWICH-GRILLED,,,,,,,,,,,,,,,,,,,,,,,,,,,,,,,,,,,,,,,,,,,,,,,,,,,,,,,,,,,,,,,,,,,,,,,,,,,,,,,,,,,,,,,,,,,,,,,,,,,,,,,,,,,,,,,,,,,,,,450.0,,,,,,,,,,,,44.0,32.0,1240.0
Sonic,JUMBO POPCORN CHICKENMEDIUM,,,,,,,,,,,,,,,,,,,,,,,,,,,,,,,,,,,,,,,,,,,,,,,,,,,,,,,,,,,,,,,,,,,,,,,,,,,,,,,,,,,,,,,,,,,,,,,,,,,,,,,,,,,,,,,,,,,,,,380.0,,,,,,,,,,,,27.0,18.0,1260.0
Sonic,NATURAL-CUT FRIES SMALL,,,,,,,,,,,,,,,,,,,,,,,,,,,,,,,,,,,,,,,,,,,,,,,,,,,,,,,,,,,,,,,,,,,,,,,,,,,,,,,,,,,,,,,,,,,,,,,,,,,,,,,,,,,,,,,,,,,,,,250.0,,,,,,,,,,,,33.0,3.0,260.0
Jack in the Box,Hamburger,,,,,,,,,,,,,,,,,,,,,,,,,,,,,,,,,,,,,,,,,,,,,,,,,,,,,,,,,,,,,,,,,,,,,,,,,,,,,,,,,,,,,,,,,,,,,,,,,,,,,,,,,,,,,,,,,,,,,,280.0,,,,,,,,,,,,32.0,14.0,680.0
Jack in the Box,Hamburger with Cheese,,,,,,,,,,,,,,,,,,,,,,,,,,,,,,,,,,,,,,,,,,,,,,,,,,,,,,,,,,,,,,,,,,,,,,,,,,,,,,,,,,,,,,,,,,,,,,,,,,,,,,,,,,,,,,,,,,,,,,320.0,,,,,,,,,,,,32.0,16.0,880.0
Jack in the Box,Jumbo Jack,,,,,,,,,,,,,,,,,,,,,,,,,,,,,,,,,,,,,,,,,,,,,,,,,,,,,,,,,,,,,,,,,,,,,,,,,,,,,,,,,,,,,,,,,,,,,,,,,,,,,,,,,,,,,,,,,,,,,,490.0,,,,,,,,,,,,44.0,26.0,910.0
Jack in the Box,Bacon Ultimate Cheeseburger,,,,,,,,,,,,,,,,,,,,,,,,,,,,,,,,,,,,,,,,,,,,,,,,,,,,,,,,,,,,,,,,,,,,,,,,,,,,,,,,,,,,,,,,,,,,,,,,,,,,,,,,,,,,,,,,,,,,,,910.0,,,,,,,,,,,,44.0,57.0,2190.0
Jack in the Box,Big Cheeseburger,,,,,,,,,,,,,,,,,,,,,,,,,,,,,,,,,,,,,,,,,,,,,,,,,,,,,,,,,,,,,,,,,,,,,,,,,,,,,,,,,,,,,,,,,,,,,,,,,,,,,,,,,,,,,,,,,,,,,,560.0,,,,,,,,,,,,43.0,29.0,1170.0
Jack in the Box,Jr. Jack with Cheese,,,,,,,,,,,,,,,,,,,,,,,,,,,,,,,,,,,,,,,,,,,,,,,,,,,,,,,,,,,,,,,,,,,,,,,,,,,,,,,,,,,,,,,,,,,,,,,,,,,,,,,,,,,,,,,,,,,,,,470.0,,,,,,,,,,,,33.0,16.0,920.0
Jack in the Box,Sirloin Cheeseburger,,,,,,,,,,,,,,,,,,,,,,,,,,,,,,,,,,,,,,,,,,,,,,,,,,,,,,,,,,,,,,,,,,,,,,,,,,,,,,,,,,,,,,,,,,,,,,,,,,,,,,,,,,,,,,,,,,,,,,1030.0,,,,,,,,,,,,52.0,41.0,1990.0
Jack in the Box,Sourdough Jack,,,,,,,,,,,,,,,,,,,,,,,,,,,,,,,,,,,,,,,,,,,,,,,,,,,,,,,,,,,,,,,,,,,,,,,,,,,,,,,,,,,,,,,,,,,,,,,,,,,,,,,,,,,,,,,,,,,,,,660.0,,,,,,,,,,,,40.0,35.0,1450.0
Jack in the Box,"Shake, Chocolate w/ Whipped Topping 16 oz.",,,,,,,,,,,,,,,,,,,,,,,,,,,,,,,,,,,,,,,,,,,,,,,,,,,,,,,,,,,,,,,,,,,,,,,,,,,,,,,,,,,,,,,,,,,,,,,,,,,,,,,,,,,,,,,,,,,,,,800.0,,,,,,,,,,,,101.0,13.0,300.0
Jack in the Box,Chicken Sandwich,,,,,,,,,,,,,,,,,,,,,,,,,,,,,,,,,,,,,,,,,,,,,,,,,,,,,,,,,,,,,,,,,,,,,,,,,,,,,,,,,,,,,,,,,,,,,,,,,,,,,,,,,,,,,,,,,,,,,,410.0,,,,,,,,,,,,42.0,15.0,880.0
Jack in the Box,Sourdough Grilled Chicken Club,,,,,,,,,,,,,,,,,,,,,,,,,,,,,,,,,,,,,,,,,,,,,,,,,,,,,,,,,,,,,,,,,,,,,,,,,,,,,,,,,,,,,,,,,,,,,,,,,,,,,,,,,,,,,,,,,,,,,,540.0,,,,,,,,,,,,38.0,39.0,1490.0
Jack in the Box,Chicken Nuggets 5 pc.,,,,,,,,,,,,,,,,,,,,,,,,,,,,,,,,,,,,,,,,,,,,,,,,,,,,,,,,,,,,,,,,,,,,,,,,,,,,,,,,,,,,,,,,,,,,,,,,,,,,,,,,,,,,,,,,,,,,,,240.0,,,,,,,,,,,,13.0,9.0,600.0
Jack in the Box,Sourdough Grilled Chicken Club,,,,,,,,,,,,,,,,,,,,,,,,,,,,,,,,,,,,,,,,,,,,,,,,,,,,,,,,,,,,,,,,,,,,,,,,,,,,,,,,,,,,,,,,,,,,,,,,,,,,,,,,,,,,,,,,,,,,,,330.0,,,,,,,,,,,,45.0,4.0,610.0
